ENERGY STAR Unique ID,Brand Name,Model Number,Additional Model Information,Type,Defrost Type,Compact,Built-in,Thru the Door Dispenser,Ice Maker,Capacity (Total Volume) (ft3),Adjusted Volume (ft3),Annual Energy Use (kWh/yr),US Federal Standard (kWh/yr),Percent Less Energy Use than US Federal Standard,Refrigerant Type,Connected Functionality,Date Available On Market,Date Certified,Markets,CB Model Identifier,Meets ENERGY STAR Most Efficient 2021 Criteria
2365353,ALPHA,RDVC138WE,,Upright Freezer,Automatic,No,No,No,No,13.8,24.4,394,439,10,,No,09/01/2020,07/01/2020,"United States, Canada",ES_1107227_RDVC138WE_09012020113049_80047654,No
2222795,Amana,AZB33X18D*,,Upright Freezer,Automatic,No,No,No,No,17.7,31.2,447,497,10,,No,11/10/2014,10/09/2014,"United States, Canada",ES_0022856_AZB33X18D*_10142014101026_2769601,No
2223895,Amana,AZB33X20D*,,Upright Freezer,Automatic,No,No,No,No,19.7,34.6,473,527,10,,No,11/24/2014,10/29/2014,"United States, Canada",ES_0022856_AZB33X20D*_10292014105615_2774957,No
2361431,Arctic King,AC05ESWCR1RCM,,Compact,Manual,Yes,No,No,No,5,8.8,196,218,10,,No,06/10/2020,06/08/2020,"United States, Canada",ES_1030337_AC05ESWCR1RCM_06082020090650_7210221,No
2361432,Arctic King,AC35ESKCR1RCM,,Compact,Manual,Yes,No,No,No,3.5,6.2,174,194,10,,No,06/10/2020,06/08/2020,"United States, Canada",ES_1030337_AC35ESKCR1RCM_06082020090640_7200708,No
2291926,Arctic King,ACFM102ADW,",ACFM102ADOT,",Chest Freezer,Manual,No,No,No,No,10.2,18,214,239,10,,No,03/15/2017,03/06/2017,"United States, Canada",ES_1030337_ACFM102ADW_03062017084054_9654106,No
2333367,Arctic King,ARU030S1ARSS,,Compact,Manual,Yes,No,No,No,3,5.3,240,272,12,,No,02/12/2019,02/12/2019,"United States, Canada",ES_1030337_ARU030S1ARSS_02122019062545_2745718,No
2333368,Arctic King,ARU030S1ARWW,,Compact,Manual,Yes,No,No,No,3,5.3,240,272,12,,No,02/12/2019,02/12/2019,"United States, Canada",ES_1030337_ARU030S1ARWW_02122019062527_2727762,No
2363422,Arctic King,AU83ETWBR1RCM,,Upright Freezer,Automatic,No,No,No,No,8.3,14.5,317,353,10,,No,07/20/2020,07/23/2020,"United States, Canada",ES_1030337_AU83ETWBR1RCM_07242020024616_8776483,No
2366125,Arctic King,AU83ETWBR1RCM,,Upright Freezer,Automatic,No,No,No,No,8.3,14.6,317,354,10,,No,09/21/2020,09/11/2020,"United States, Canada",ES_1030337_AU83ETWBR1RCM_09222020021817_5550000_,No
2319455,Arctic King,AUFM011AEW,,Compact,Manual,Yes,No,No,No,1.1,1.9,215,242,11,,No,04/10/2017,03/13/2017,"United States, Canada",ES_1030337_AUFM011AEW_05072018022248_70123329,No
2349350,Arctic King,AUFM011AEW,,Compact,Manual,Yes,No,No,No,1.1,1.9,215,242,11,,No,10/31/2019,10/30/2019,"United States, Canada",ES_1030337_AUFM011AEW_10282019121152_80021683,No
2210429,Arctic King,AUFM021AEW,,Compact,Manual,Yes,No,No,No,2.1,3.7,219,258,15,,No,04/25/2014,03/20/2014,United States,ES_1030337_AUFM021AEW_05052014233909_3149145,No
2324561,Arctic King,WHS-109FW1,,Compact,Manual,Yes,No,No,No,3,5.3,240,272,12,,No,08/05/2018,08/06/2018,"United States, Canada",ES_1030337_WHS-109FW1_08062018074204_1324651,No
2294817,Arctic King,WHS-129C1W,,Compact,Manual,Yes,No,No,No,3.5,6.2,172,194,11,,No,04/20/2017,04/24/2017,"United States, Canada",ES_1030337_WHS-129C1W_04242017040327_70130447,No
2255903,Arctic King,WHS-129C1WSB,"Freezer,WHS-129C1WSB,",Compact,Manual,Yes,No,No,No,3,5.3,240,272,12,,No,01/01/2016,12/31/2015,"United States, Canada",ES_1030337_WHS-129C1WSB_12312015063455_3695718,No
2294818,Arctic King,WHS-185C1W,,Compact,Manual,Yes,No,No,No,5,8.8,196,218,10,,No,04/20/2017,04/24/2017,"United States, Canada",ES_1030337_WHS-185C1W_04242017040327_70130447,No
2337966,Arctic Wind,AUF-1720*,,Upright Freezer,Automatic,No,No,No,No,17,29.9,438,486,10,,No,05/05/2019,05/10/2019,"United States, Canada",ES_1121980_AUF-1720*_05102019052321_5801306,No
2337940,Arctic Wind,AUF-2120*,,Upright Freezer,Automatic,No,No,No,No,21,37,492,547,10,,No,05/05/2019,05/09/2019,"United States, Canada",ES_1121980_AUF-2120*_05092019081020_9420338,No
2335494,Arctic Wind,AUFW138E,,Upright Freezer,Automatic,No,No,No,No,13.8,24.3,394,438,10,,No,03/29/2019,04/01/2019,"United States, Canada",ES_1121980_AUFW138E_04012019061940_9580349,No
2335491,Arctic Wind,AUFW170E,,Upright Freezer,Automatic,No,No,No,No,17,29.9,438,486,10,,No,03/29/2019,04/01/2019,"United States, Canada",ES_1121980_AUFW170E_04012019025445_7285665,No
2359780,Arctic Wind,AUFW170ETH,,Upright Freezer,Automatic,No,No,No,No,17,29.9,438,486,10,,No,04/29/2020,04/16/2020,"United States, Canada",ES_1121980_AUFW170ETH_05182020151031_4631937,No
2331972,Arctic Wind,AUFW210E,,Upright Freezer,Automatic,No,No,No,No,21,37,492,547,10,,No,12/20/2018,12/25/2018,"United States, Canada",ES_1121980_AUFW210E_12252018051558_4958372,No
2334210,Arctic Wind,AUFW210E-LK,,Upright Freezer,Automatic,No,No,No,No,21,37,492,547,10,,No,02/28/2019,02/28/2019,"United States, Canada",ES_1121980_AUFW210E-LK_03042019092455_1495681,No
2359783,Arctic Wind,AUFW210ETH,,Upright Freezer,Automatic,No,No,No,No,21,36.9,492,546,10,,No,04/29/2020,04/16/2020,"United States, Canada",ES_1121980_AUFW210ETH_05182020152732_5652657,No
2359784,Arctic Wind,AUFW210ETH-LK,,Upright Freezer,Automatic,No,No,No,No,21,36.9,492,546,10,,No,04/29/2020,04/16/2020,"United States, Canada",ES_1121980_AUFW210ETH-LK_05182020153745_6265286,No
2369576,ASCOLI,ALUF1350*,,Upright Freezer,Automatic,No,No,No,No,13.5,23.9,389,434,10,,No,07/30/2020,11/16/2020,"United States, Canada",ES_1142401_ALUF1350*_11162020110113_80043248,No
2369574,ASCOLI,ALUF1350S,,Upright Freezer,Automatic,No,No,No,No,13.5,23.9,389,434,10,,No,07/30/2020,11/16/2020,"United States, Canada",ES_1142401_ALUF1350S_11162020110113_80043248,No
2369575,ASCOLI,ALUF1350W,,Upright Freezer,Automatic,No,No,No,No,13.5,23.9,389,434,10,,No,07/30/2020,11/16/2020,"United States, Canada",ES_1142401_ALUF1350W_11162020110113_80043248,No
2255167,Avanti,CF24Q0W,,Compact,Manual,Yes,No,No,No,2.5,4.4,137,178,23,,No,01/15/2016,12/18/2015,"United States, Canada",ES_92257_CF24Q0W_12082015163635_6507379,Yes
2235015,Avanti,CF70B0W,,Compact,Manual,Yes,No,No,No,7,12.4,224,252,11,,No,04/15/2015,03/20/2015,"United States, Canada",ES_92257_CF70B0W_03192015134537_448266,No
2322856,Avanti,FFVF21D0W,,Upright Freezer,Automatic,No,No,No,No,21,37,492,547,10,,No,07/10/2018,07/17/2018,"United States, Canada",ES_92257_FFVF21D0W_07172018080759_4879515,No
2293207,Avanti,VF58B0W,,Compact,Manual,Yes,No,No,No,5.8,10.2,281,314,11,,No,03/06/2017,03/17/2017,"United States, Canada",ES_92257_VF58B0W_03132017155807_6964227,No
2359718,Beko,BUFR2715MG,,Upright Freezer,Automatic,No,No,No,No,14.3,25.1,305,445,31,,No,04/15/2020,05/05/2020,"United States, Canada",ES_1036108_BUFR2715MG_05052020193821_7501369,Yes
2359717,Beko,BUFR2715SSIM,,Upright Freezer,Automatic,No,No,Yes,Yes,13.8,24.4,450,523,16,R-600a,No,04/15/2020,05/05/2020,"United States, Canada",ES_1036108_BUFR2715SSIM_05052020193749_7469893,Yes
2359719,Beko,BUFR2715WH,,Upright Freezer,Automatic,No,No,No,No,14.3,25.1,305,445,31,R-600a,No,04/15/2020,05/05/2020,"United States, Canada",ES_1036108_BUFR2715WH_05052020193912_7552951,Yes
2292433,BLACK DECKER,BUFK12W,,Compact,Manual,Yes,No,No,No,1.2,2.1,201,244,18,,No,03/10/2017,03/06/2017,United States,ES_1126481_BUFK12W_03132017065255_2775232,No
2303323,Bosch,B18IF900SP,",,Network Communication",Upright Freezer,Automatic,No,Yes,Yes,Yes,8.6,15.1,418,494,17,,No,09/01/2017,03/06/2017,"United States, Canada",ES_0031649_B18IF900SP_03082017044344_70122368,No
2365308,Bosch,B18IF905SP,,Upright Freezer,Automatic,No,Yes,Yes,Yes,8.6,15.1,404,494,20,R-600a,No,10/01/2020,08/25/2020,"United States, Canada",ES_0031649_B18IF905SP_08312020054816_80044911,No
2373606,CHiQ,CQFU13Y1GBD1*,",,* can be A-Z, a-z, 0-9, - or blank.",Upright Freezer,Automatic,No,No,No,No,13.4,23.6,386,432,11,,No,02/08/2021,02/08/2021,"United States, Canada",ES_1144127_CQFU13Y1GBD1*_020820210001753_5284158,No
2373608,CHiQ,CQFU13Y1GBD1S,,Upright Freezer,Automatic,No,No,No,No,13.4,23.6,386,432,11,,No,02/08/2021,02/08/2021,"United States, Canada",ES_1144127_CQFU13Y1GBD1S_020820210000487_7114596,No
2373607,CHiQ,CQFU13Y1GBD1W,,Upright Freezer,Automatic,No,No,No,No,13.4,23.6,386,432,11,,No,02/08/2021,02/08/2021,"United States, Canada",ES_1144127_CQFU13Y1GBD1W_020820210000200_3635181,No
2352572,CHiQ,CQFU13Y1GD1W,,Upright Freezer,Automatic,No,No,No,No,13.5,23.8,389,433,10,,No,12/17/2019,12/23/2019,"United States, Canada",ES_1144127_CQFU13Y1GD1W_01062020125416_80028053,No
2250041,Commercial Cool,CCUK12W,,Compact,Manual,Yes,No,No,No,1.2,2.1,201,244,18,,No,10/10/2015,10/10/2015,"United States, Canada",ES_1126481_CCUK12W_10122015065255_2775232,No
2369573,Conserv,FR1350**,,Upright Freezer,Automatic,No,No,No,No,13.5,23.9,389,434,10,,No,07/30/2020,11/16/2020,"United States, Canada",ES_1142401_FR1350**_11162020110113_80043248,No
2369572,Conserv,FR1350SS,,Upright Freezer,Automatic,No,No,No,No,13.5,23.9,389,434,10,,No,07/30/2020,11/16/2020,"United States, Canada",ES_1142401_FR1350SS_11162020110113_80043248,No
2361734,Cool-living,CL-5UFR,,Compact,Manual,Yes,No,No,No,5,8.8,195,218,11,,No,06/16/2020,06/10/2020,"United States, Canada",ES_1131297_CL-5UFR_06162020022916_80045629,No
2361735,Cool-living,CL-7UFR,,Compact,Manual,Yes,No,No,No,7,12.3,224,251,11,,No,06/16/2020,06/10/2020,"United States, Canada",ES_1131297_CL-7UFR_06162020022916_80045629,No
2220965,Crosley,CFUFH17QW*,,Upright Freezer,Automatic,No,No,No,No,16.6,29.3,431,481,10,,No,09/08/2014,09/25/2014,"United States, Canada",ES_1021080_CFUFH17QW*10012014013337_70012088,No
2304851,Crosley,CFUFHC21TW0,,Upright Freezer,Automatic,No,No,No,No,20.5,36.1,484,539,10,,No,12/11/2017,10/06/2017,"United States, Canada",ES_1021080_CFUFHC21TW0_10112017032824_70158493,No
2339786,Crosley,XCM22DM****,,Chest Freezer,Manual,No,No,No,No,21.7,38.1,346,386,10,,No,07/01/2019,06/14/2019,United States,ES_1123206_XCM22DM****_06142019121918_80007813,No
2324327,Crosley,XUF21DM****,,Upright Freezer,Automatic,No,No,No,No,21.3,37.5,495,552,10,,No,09/14/2018,08/13/2018,United States,ES_0092264_XUF21DM****_08142018032330_70194865,No
2293046,Dacor,DRZ18980***,,Upright Freezer,Automatic,No,Yes,Yes,Yes,9.5,16.7,465,510,10,,Yes,04/20/2017,03/24/2017,"United States, Canada",ES_1016518_DRZ18980***_03242017112645_70128926,No
2292830,Dacor,DRZ24980***,,Upright Freezer,Automatic,No,Yes,Yes,Yes,13.6,23.9,500,581,15,R-600a,Yes,01/15/2018,12/19/2017,"United States, Canada",ES_1016518_DRZ24980***_03222017113716_70128313,No
2290228,Dacor,DRZ30980***,,Upright Freezer,Automatic,No,Yes,Yes,Yes,17.6,31,550,651,17,R-600a,Yes,01/15/2018,12/19/2017,"United States, Canada",ES_1016518_DRZ30980***_02082017105714_70119350,No
2308783,Dacor,DRZ30990***,,Upright Freezer,Automatic,No,Yes,Yes,Yes,17.5,30.8,550,649,17,R-600a,Yes,02/12/2018,12/19/2017,"United States, Canada",ES_1016518_DRZ30990***_01082018112404_70167602,No
2293045,Dacor,DRZ36980***,,Upright Freezer,Automatic,No,Yes,Yes,Yes,21.4,37.7,580,717,20,R-600a,Yes,01/15/2018,12/19/2017,"United States, Canada",ES_1016518_DRZ36980***_03242017112645_70128468,No
2306341,Danby,DUF140E1*,,Upright Freezer,Automatic,No,No,No,No,13.8,24.3,394,438,10,,No,10/15/2017,11/09/2017,"United States, Canada",ES_31682_DUF140E1*_11132017123230_6350872,No
2371903,Danby,DUFM060B1BSLDB,,Compact,Manual,Yes,No,No,No,5.9,10.4,281,316,11,,No,01/09/2021,07/09/2020,"United States, Canada",ES_0031682_DUFM060B1BSLDB_01122021091852_80044264,No
2374764,Danby,DUFM060B1WDB,,Compact,Manual,Yes,No,No,No,5.9,10.4,281,316,11,,No,03/02/2021,02/01/2021,"United States, Canada",ES_0031682_DUFM060B1WDB_03122021100652_5550000_,No
2345843,"Danby, Danby Designer or Danby Premiere",BD-198L,,Compact,Manual,Yes,No,No,No,7.1,12.5,298,334,11,,No,09/08/2019,05/21/2019,"United States, Canada",ES_0031682_BD-198L_09042019010014_80006140,No
2345844,"Danby, Danby Designer or Danby Premiere",DUF071A3*,,Compact,Manual,Yes,No,No,No,7.1,12.5,298,334,11,,No,09/08/2019,05/21/2019,"United States, Canada",ES_0031682_DUF071A3*_09042019010014_80006140,No
2250121,Danby Designer,DUF138E1WDD,,Upright Freezer,Automatic,No,No,No,No,13.8,24.3,391,438,11,,No,10/13/2015,09/21/2015,"United States, Canada",ES_0031682_DUF138E1WDD_09302015120456_70047172,No
2306340,Danby Designer,DUF140E1*,,Upright Freezer,Automatic,No,No,No,No,13.8,24.3,394,438,10,,No,10/15/2017,11/09/2017,"United States, Canada",ES_31682_DUF140E1*_11132017123132_6292427,No
2292580,Danby Designer,DUF206E1*,,Upright Freezer,Automatic,No,No,No,No,21,37,492,547,10,,No,03/05/2017,03/16/2017,"United States, Canada",ES_31682_DUF206E1*_03162017082013_2413623,No
2362301,Danby Designer,DUF206E1WDD*,",,(“*” , can be any of A-Z, a-z, 0-9, version code or blank.)",Upright Freezer,Automatic,No,No,No,No,21,36.9,492,546,10,,No,06/30/2020,07/01/2020,"United States, Canada",ES_31682_DUF206E1WDD*_07012020084605_3165581,No
2273718,Danby Designer,DUFM059C1*,,Compact,Manual,Yes,No,No,No,5.9,10.4,256,316,19,,No,07/20/2016,07/06/2016,"United States, Canada",ES_0031682_DUFM059C1*_07142016105701_70087492,No
2288908,“Danby Designer” or “Danby”,DCF051A2*,,Compact,Manual,Yes,No,No,No,5.1,9,196,220,11,,No,01/30/2017,01/03/2017,"United States, Canada",ES_0031682_DCF051A2*_01032017024918_70111997,No
2288903,“Danby Designer” or “Danby”,DCF071A4*,,Compact,Manual,Yes,No,No,No,7.1,12.5,225,252,11,,No,01/30/2017,01/03/2017,"United States, Canada",ES_0031682_DCF071A4*_01032017024918_70111997,No
2332298,"Danby or Danby Designer, Danby Premiere, Danby Diplomat, Silhouette, Silhouette Pro, Silhouette Sele",DCFM108A1*,,Chest Freezer,Manual,No,No,No,No,10.8,18.9,220,246,11,,No,01/16/2019,11/20/2018,"United States, Canada",ES_0031682_DCFM108A1*_01072019124232_70202395,No
2307586,Danby or Danby Designer or Danby Premiere or Simplicity,DCF051A3*,,Compact,Manual,Yes,No,No,No,5.1,9,196,220,11,,No,12/12/2017,11/30/2017,"United States, Canada",ES_0031682_DCF051A3*_12012017104808_70163948,No
2307581,Danby or Danby Designer or Danby Premiere or Simplicity,DCF096A3*,,Chest Freezer,Manual,No,No,No,No,9.6,16.9,206,231,11,,No,12/12/2017,11/30/2017,"United States, Canada",ES_0031682_DCF096A3*_12012017104804_70163948,No
2307582,Danby or Danby Designer or Danby Premiere or Simplicity,DUFM043A2*,,Compact,Manual,Yes,No,No,No,4.3,7.6,260,291,11,,No,12/12/2017,11/30/2017,"United States, Canada",ES_0031682_DUFM043A2*_12012017104802_70163948,No
2307588,Danby or Danby Designer or Danby Premiere or Simplicity,DUFM071A2*.,,Compact,Manual,Yes,No,No,No,7.1,12.5,298,334,11,,No,12/12/2017,11/30/2017,"United States, Canada",ES_0031682_DUFM071A2*._12012017104805_70163948,No
2359729,Hisense,FC50D6EWE,",FC50D6E*E,; ,LC50D6E*E,; ,LC50D6EWE,",Compact,Manual,Yes,No,No,No,5,8.9,196,219,11,,No,05/15/2020,05/15/2020,"United States, Canada",ES_1143318_FC50D6EWE_05092020144137_1252862,No
2318406,Hisense,FC70D6AWE,",HCF07EE8****,",Compact,Manual,Yes,No,No,No,6.9,12.1,223,249,10,,No,03/29/2018,04/11/2018,United States,ES_1110877_FC70D6AWE_03292018163013_4502069,No
2359728,Hisense,FC70D6EWE,",FC70D6E*E,; ,FC70D6ECE,; ,LC70D6E*E,; ,LC70D6EWE,",Compact,Manual,Yes,No,No,No,7,12.3,225,251,10,,No,05/15/2020,05/15/2020,"United States, Canada",ES_1143318_FC70D6EWE_05092020145257_5779077,No
2263988,Hisense,FC72D6BWE,,Compact,Manual,Yes,No,No,No,7.2,12.7,228,254,10,,No,08/31/2019,04/12/2016,United States,ES_1110877_FC72D6BWE_04072016142538_4909326,No
2371774,Hisense,FV21D6A*E,,Upright Freezer,Automatic,No,No,No,No,21.2,37.2,494,549,10,,No,01/07/2021,01/07/2021,"United States, Canada",ES_1110877_FV21D6A*E_010720210028875_1989048,No
2371773,Hisense,HUF210N6A*E,,Upright Freezer,Automatic,No,No,No,No,21.2,37.2,494,549,10,,No,01/07/2021,01/07/2021,"United States, Canada",ES_1110877_HUF210N6A*E_010720210028719_2448190,No
2351811,IGLOO,ICF35WH,,Compact,Manual,Yes,No,No,No,3.5,6.2,172,194,11,,No,11/12/2019,11/11/2019,"United States, Canada",ES_1142315_ICF35WH_12232019124706_80022912,No
2351812,IGLOO,ICF50WH,,Compact,Manual,Yes,No,No,No,5,8.8,195,218,11,,No,11/12/2019,11/11/2019,"United States, Canada",ES_1142315_ICF50WH_12232019124706_80022912,No
2351814,IGLOO,ICF70BK,,Compact,Manual,Yes,No,No,No,7,12.3,224,251,11,,No,11/12/2019,11/11/2019,"United States, Canada",ES_1142315_ICF70BK_12232019124706_80022912,No
2351813,IGLOO,ICF70WH,,Compact,Manual,Yes,No,No,No,7,12.3,224,251,11,,No,11/12/2019,11/11/2019,"United States, Canada",ES_1142315_ICF70WH_12232019124706_80022912,No
2334229,Insignia,NS-UZ14***,,Upright Freezer,Automatic,No,No,No,No,13.8,24.3,394,438,10,,No,03/05/2019,03/06/2019,"United States, Canada",ES_1059185_NS-UZ14***_03062019083854_1534310,No
2329489,Insignia,NS-UZ14******,,Upright Freezer,Automatic,No,No,No,No,13.8,24.3,391,438,11,,No,11/06/2018,11/12/2018,"United States, Canada",ES_1059185_NS-UZ14******_11122018074234_8554863,No
2334230,Insignia,NS-UZ14SS0,,Upright Freezer,Automatic,No,No,No,No,13.8,24.3,394,438,10,,No,03/05/2019,03/06/2019,"United States, Canada",ES_1059185_NS-UZ14SS0_03062019083823_1503279,No
2356228,Insignia,NS-UZ14SS0*,,Upright Freezer,Automatic,No,No,No,No,13.8,24.3,394,438,10,,No,03/11/2020,03/04/2020,"United States, Canada",ES_1059185_NS-UZ14SS0*_03122020033523_4123829,No
2356225,Insignia,NS-UZ14SS0-C*,,Upright Freezer,Automatic,No,No,No,No,13.8,24.3,394,438,10,,No,03/11/2020,03/04/2020,"United States, Canada",ES_1059185_NS-UZ14SS0-C*_03122020033555_4155845,No
2334231,Insignia,NS-UZ14WH0,,Upright Freezer,Automatic,No,No,No,No,13.8,24.3,394,438,10,,No,03/05/2019,03/06/2019,"United States, Canada",ES_1059185_NS-UZ14WH0_03062019083807_1487890,No
2356226,Insignia,NS-UZ14WH0*,,Upright Freezer,Automatic,No,No,No,No,13.8,24.3,394,438,10,,No,03/11/2020,03/04/2020,"United States, Canada",ES_1059185_NS-UZ14WH0*_03122020033453_4093061,No
2356227,Insignia,NS-UZ14WH0-C*,,Upright Freezer,Automatic,No,No,No,No,13.8,24.3,394,438,10,,No,03/11/2020,03/04/2020,"United States, Canada",ES_1059185_NS-UZ14WH0-C*_03122020033539_4139207,No
2294595,Insignia,NS-UZ14XSS8,,Upright Freezer,Automatic,No,No,No,No,13.8,24.3,394,438,10,,No,04/15/2017,04/19/2017,"United States, Canada",ES_1059185_NS-UZ14XSS8_04202017082446_6686076,No
2275214,Insignia,NS-UZ14XWH7,,Upright Freezer,Automatic,No,No,No,No,13.8,24.3,391,438,11,,No,08/10/2016,08/12/2016,"United States, Canada",ES_1059185_NS-UZ14XWH7_08152016033914_2354756,No
2329490,Insignia,NS-UZ14XWH7-C,,Upright Freezer,Automatic,No,No,No,No,13.8,24.3,391,438,11,,No,11/06/2018,11/12/2018,"United States, Canada",ES_1059185_NS-UZ14XWH7-C_11122018074226_8546701,No
2334232,Insignia,NS-UZ17***,,Upright Freezer,Automatic,No,No,No,No,17,29.9,438,486,10,,No,03/05/2019,03/06/2019,"United States, Canada",ES_1059185_NS-UZ17***_03062019084639_1999132,No
2329487,Insignia,NS-UZ17******,,Upright Freezer,Automatic,No,No,No,No,17,29.9,438,486,10,,No,11/06/2018,11/12/2018,"United States, Canada",ES_1059185_NS-UZ17******_11122018071237_6757579,No
2334233,Insignia,NS-UZ17SS0,,Upright Freezer,Automatic,No,No,No,No,17,29.9,438,486,10,,No,03/05/2019,03/06/2019,"United States, Canada",ES_1059185_NS-UZ17SS0_03062019084618_1978344,No
2352404,Insignia,NS-UZ17SS0*,,Upright Freezer,Automatic,No,No,No,No,17,29.9,438,486,10,,No,12/27/2019,12/30/2019,"United States, Canada",ES_1059185_NS-UZ17SS0*_12302019070718_9638784,No
2352405,Insignia,NS-UZ17SS0-C*,,Upright Freezer,Automatic,No,No,No,No,17,29.9,438,486,10,,No,12/30/2019,12/30/2019,"United States, Canada",ES_1059185_NS-UZ17SS0-C*_12302019070749_9669758,No
2334234,Insignia,NS-UZ17WH0,,Upright Freezer,Automatic,No,No,No,No,17,29.9,438,486,10,,No,03/05/2019,03/06/2019,"United States, Canada",ES_1059185_NS-UZ17WH0_03062019084603_1963432,No
2352406,Insignia,NS-UZ17WH0*,,Upright Freezer,Automatic,No,No,No,No,17,29.9,438,486,10,,No,12/27/2019,12/30/2019,"United States, Canada",ES_1059185_NS-UZ17WH0*_12302019070658_9618450,No
2352407,Insignia,NS-UZ17WH0-C*,,Upright Freezer,Automatic,No,No,No,No,17,29.9,438,486,10,,No,12/30/2019,12/30/2019,"United States, Canada",ES_1059185_NS-UZ17WH0-C*_12302019070733_9653508,No
2284265,Insignia,NS-UZ17XWH7,,Upright Freezer,Automatic,No,No,No,No,17,29.9,438,486,10,,No,11/15/2016,11/16/2016,"United States, Canada",ES_1059185_NS-UZ17XWH7_11172016071628_6988598,No
2329488,Insignia,NS-UZ17XWH7-C,,Upright Freezer,Automatic,No,No,No,No,17,29.9,438,486,10,,No,11/06/2018,11/12/2018,"United States, Canada",ES_1059185_NS-UZ17XWH7-C_11122018071229_6749364,No
2334227,Insignia,NS-UZ21***,,Upright Freezer,Automatic,No,No,No,No,21,37,492,547,10,,No,03/05/2019,03/06/2019,"United States, Canada",ES_1059185_NS-UZ21***_03062019072311_6991368,No
2334228,Insignia,NS-UZ21WH0,,Upright Freezer,Automatic,No,No,No,No,21,37,492,547,10,,No,03/05/2019,03/06/2019,"United States, Canada",ES_1059185_NS-UZ21WH0_03062019072240_6960521,No
2356223,Insignia,NS-UZ21WH0*,,Upright Freezer,Automatic,No,No,No,No,21,36.9,492,546,10,,No,03/11/2020,03/04/2020,"United States, Canada",ES_1059185_NS-UZ21WH0*_03122020032622_3582460,No
2356224,Insignia,NS-UZ21WH0-C*,,Upright Freezer,Automatic,No,No,No,No,21,36.9,492,546,10,,No,03/11/2020,03/04/2020,"United States, Canada",ES_1059185_NS-UZ21WH0-C*_03122020032644_3604642,No
2284264,Insignia,NS-UZ21XWH7,,Upright Freezer,Automatic,No,No,No,No,21,37,492,547,10,,No,11/15/2016,11/16/2016,"United States, Canada",ES_1059185_NS-UZ21XWH7_11172016071640_7000543,No
2339755,Jenn-Air,ALOVE18FLC0*,,Upright Freezer,Automatic,No,Yes,Yes,Yes,8.9,15.8,459,501,10,,No,07/08/2019,06/14/2019,"United States, Canada",ES_0022856_ALOVE18FLC0*_06142019102706_80007546,No
2307583,Danby or Danby Designer or Danby Premiere or Simplicity,DUFM085A3*,,Upright Freezer,Manual,No,No,No,No,8.5,15,247,277,11,,No,12/12/2017,11/30/2017,"United States, Canada",ES_0031682_DUFM085A3*_12012017104803_70163948,No
2307584,Danby or Danby Designer or Danby Premiere or Simplicity,DUFM085A4*,,Upright Freezer,Manual,No,No,No,No,8.5,15,247,277,11,,No,12/12/2017,11/30/2017,"United States, Canada",ES_0031682_DUFM085A4*_12012017104801_70163948,No
2208038,Edgestar,CMF151L-1,,Compact,Manual,Yes,No,No,No,1.1,1.9,215,242,11,,No,07/10/2014,03/31/2014,"United States, Canada",ES_1074063_CMF151L-1_03182014035110_2711219,No
2208039,Edgestar,CRF150SS-1,,Compact,Manual,Yes,No,No,No,1.1,1.9,215,242,11,,No,07/10/2014,03/31/2014,"United States, Canada",ES_1074063_CRF150SS-1_03182014035111_2711219,No
2361078,Electrolux,EI33AF80W*,,Upright Freezer,Automatic,No,No,Yes,Yes,18.9,33.2,547,598,10,R-600a,No,08/05/2020,05/27/2020,"United States, Canada",ES_1021080_EI33AF80W*_05282020051211_80044038,No
2372004,ELEMENT,EAUF14000*,",,* can be A-Z, a-z, 0-9, - or blank.",Upright Freezer,Automatic,No,No,No,No,13.4,23.6,386,432,11,,No,01/15/2021,01/15/2021,"United States, Canada",ES_1145034_EAUF14000*_011420211911562_4654591,No
2372005,ELEMENT,EAUF14000B,,Upright Freezer,Automatic,No,No,No,No,13.4,23.6,386,432,11,,No,01/15/2021,01/15/2021,"United States, Canada",ES_1145034_EAUF14000B_011420211911988_6845307,No
2372006,ELEMENT,EAUF14000S,,Upright Freezer,Automatic,No,No,No,No,13.4,23.6,386,432,11,,No,01/15/2021,01/15/2021,"United States, Canada",ES_1145034_EAUF14000S_011420211911401_9162238,No
2372007,ELEMENT,EAUF14000W,,Upright Freezer,Automatic,No,No,No,No,13.4,23.6,386,432,11,,No,01/15/2021,01/15/2021,"United States, Canada",ES_1145034_EAUF14000W_011420211911831_4005757,No
2334684,ELLIPSE,ECVC138W,,Upright Freezer,Automatic,No,No,No,No,13.8,24.3,394,438,10,,No,03/10/2019,03/13/2019,Canada,ES_1125680_ECVC138W_03132019074643_3203437,No
2348589,ELLIPSE,ECVC170**,,Upright Freezer,Automatic,No,No,No,No,21,36.9,492,546,10,,No,10/18/2019,10/12/2019,Canada,ES_1125680_ECVC170** _10162019125402_80021298,No
2348588,ELLIPSE,ECVC210**,,Upright Freezer,Automatic,No,No,No,No,21,36.9,492,546,10,,No,10/18/2019,10/12/2019,Canada,ES_1125680_ECVC210**_10162019124700_80021299,No
2303490,ELLIPSE,EDV166W,",EDV166S,",Upright Freezer,Automatic,No,No,No,No,17,29.6,438,483,9,,No,09/05/2017,09/08/2017,Canada,ES_1125680_EDV166W_09122017091145_7505892,No
2329406,Emerson,UF300WE,,Compact,Manual,Yes,No,No,No,3,5.3,240,272,12,,No,11/08/2018,11/09/2018,"United States, Canada",ES_1122227_UF300WE_11092018092923_5763638,No
2300585,EPIC,ECF35W-1,,Compact,Manual,Yes,No,No,No,3.5,6.2,172,194,11,,No,07/14/2017,07/13/2017,Canada,ES_1137295_ECF35W-1_07262017114225_9345740,No
2301187,EPIC,ECF50W,,Compact,Manual,Yes,No,No,No,5.1,9,196,220,11,,No,07/14/2017,07/13/2017,Canada,ES_1137295_ECF50W_07262017115313_9993178,No
2300588,EPIC,ECF70W,,Compact,Manual,Yes,No,No,No,7,12.3,224,251,11,,No,07/14/2017,07/13/2017,Canada,ES_1137295_ECF70W_07262017114956_9796507,No
2220168,Equator,FR 502-650 SS,,Upright Freezer,Automatic,No,No,No,No,13.8,24.3,391,438,11,,No,09/24/2014,08/06/2014,"United States, Canada",ES_0040188_FR 502-650 SS_08292014121414_70009788,No
2220169,Equator,FR 502-650 W,,Upright Freezer,Automatic,No,No,No,No,13.8,24.3,391,438,11,,No,09/24/2014,08/06/2014,"United States, Canada",ES_0040188_FR 502-650 W_08292014121414_70009788,No
2275448,EuroDesign,EDV064S,,Compact,Manual,Yes,No,No,No,6.3,11.1,289,322,10,,No,08/15/2016,08/16/2016,Canada,ES_1125680_EDV064S_08172016035134_5894744,No
2351808,FARBERWARE,FCF35SCWWHA,,Compact,Manual,Yes,No,No,No,3.5,6.2,172,194,11,,No,11/12/2019,11/11/2019,"United States, Canada",ES_1143080_FCF35SCWWHA_12232019124706_80022912,No
2351809,FARBERWARE,FCF50SCWWHA,,Compact,Manual,Yes,No,No,No,5,8.8,195,218,11,,No,11/12/2019,11/11/2019,"United States, Canada",ES_1143080_FCF50SCWWHA_12232019124706_80022912,No
2351810,FARBERWARE,FCF70SCWWHA,,Compact,Manual,Yes,No,No,No,7,12.3,224,251,11,,No,11/12/2019,11/11/2019,"United States, Canada",ES_1143080_FCF70SCWWHA_12232019124706_80022912,No
2216934,Fisher & Paykel,RB36S,,Compact,Automatic,Yes,No,No,No,3.7,6.5,300,418,28,,No,08/14/2014,07/14/2014,"United States, Canada",ES_31708_RB36S_08012014195535_2935368,Yes
2320354,Fisher & Paykel,RS18F,,Upright Freezer,Automatic,No,Yes,Yes,Yes,7.8,13.7,415,480,15,,No,07/01/2018,05/23/2018,"United States, Canada",ES_31708_RS1884FLJ1_05232018153043_9443195,No
2320365,Fisher & Paykel,RS24F,,Upright Freezer,Automatic,No,Yes,Yes,Yes,11.9,20.9,440,551,22,,No,07/01/2018,05/23/2018,"United States, Canada",ES_31708_RS2484FRJ1_05232018154722_0442046,No
2320386,Fisher & Paykel,RS30F,,Upright Freezer,Automatic,No,Yes,Yes,Yes,15.6,27.5,491,616,22,,No,07/01/2018,05/23/2018,"United States, Canada",ES_31708_RS3084FLJ1_05232018173646_7006338,No
2328923,Forno,FFFFD1933-28LS,,Upright Freezer,Automatic,No,No,No,No,13.8,24.3,394,438,10,,No,11/01/2018,11/02/2018,"United States, Canada",ES_1142511_FFFFD1933-28LS_11022018032544_9144285,No
2328924,Forno,FFFFD1933-28RS,,Upright Freezer,Automatic,No,No,No,No,13.8,24.3,394,438,10,,No,11/01/2018,11/02/2018,"United States, Canada",ES_1142511_FFFFD1933-28RS_11022018032500_9100517,No
2372696,FORTE,F14UFES****,",,* can be A-Z, a-z, 0-9, - or blank.",Upright Freezer,Automatic,No,No,No,No,13.4,23.6,386,432,11,,No,01/15/2021,01/20/2021,"United States, Canada",ES_1145965_F14UFES****_011420212141629_4382771,No
2372698,FORTE,F14UFESSS,,Upright Freezer,Automatic,No,No,No,No,13.4,23.6,386,432,11,,No,01/15/2021,01/20/2021,"United States, Canada",ES_1145965_F14UFESSS_01142021214152_5565831,No
2372697,FORTE,F14UFESWW,,Upright Freezer,Automatic,No,No,No,No,13.4,23.6,386,432,11,,No,01/15/2021,01/20/2021,"United States, Canada",ES_1145965_F14UFESWW_011420212141467_8008174,No
2364002,fridgemaster,FFC34D6**,,Compact,Manual,Yes,No,No,No,3.4,5.9,172,191,10,,No,07/24/2020,04/11/2018,"United States, Canada",ES_1110877_FFC34D6**_07282020101353_9346734,No
2363800,fridgemaster,FFC70D6**,,Compact,Manual,Yes,No,No,No,6.9,12.1,223,249,10,,No,07/24/2020,04/11/2018,"United States, Canada",ES_1110877_FFC70D6**_07282020104731_2247888,No
2266698,Frigidaire,BKFH17F1SW*,,Upright Freezer,Automatic,No,No,No,No,16.6,29.3,431,481,10,,No,05/09/2016,05/09/2016,"United States, Canada",ES_1021080_BKFH17F1SW*_05132016041445_70077657,No
2220962,Frigidaire,FFFH17F2QW*,,Upright Freezer,Automatic,No,No,No,No,16.6,29.3,431,481,10,,No,09/08/2014,09/25/2014,"United States, Canada",ES_1021080_FFFH17F2QW*10012014013337_70012088,No
2220973,Frigidaire,FFFH17F4QW*,,Upright Freezer,Automatic,No,No,No,No,16.6,29.3,431,481,10,,No,09/08/2014,09/25/2014,"United States, Canada",ES_1021080_FFFH17F4QW*10012014013337_70012088,No
2220966,Frigidaire,FFFH20F2QW*,,Upright Freezer,Automatic,No,No,No,No,20.2,35.6,480,535,10,,No,09/08/2014,09/25/2014,"United States, Canada",ES_1021080_FFFH20F2QW*10012014013337_70012088,No
2346053,Frigidaire,FFFH20F3V*,,Upright Freezer,Automatic,No,No,No,No,20,35.1,478,531,10,,No,09/30/2019,09/09/2019,"United States, Canada",ES_1021080_FFFH20F3V*_09092019052458_80017329,No
2365215,Frigidaire,FFFH20F3W*,,Upright Freezer,Automatic,No,No,No,No,20,35.1,478,531,10,,No,09/15/2020,08/26/2020,"United States, Canada",ES_1021080_FFFH20F3W*_08282020014250_80053023,No
2220967,Frigidaire,FFFH21F6QW*,,Upright Freezer,Automatic,No,No,No,No,20.5,36.1,484,539,10,,No,09/08/2014,09/25/2014,"United States, Canada",ES_1021080_FFFH21F6QW*10012014013337_70012088,No
2361077,Frigidaire,FPFU19F8W*,,Upright Freezer,Automatic,No,No,Yes,Yes,18.9,33.2,547,598,10,R-600a,No,07/01/2020,05/27/2020,"United States, Canada",ES_1021080_FPFU19F8W*_05282020051211_80044038,No
2220974,Frigidaire,LFFH17F3QW*,,Upright Freezer,Automatic,No,No,No,No,16.6,29.3,431,481,10,,No,09/08/2014,09/25/2014,"United States, Canada",ES_1021080_LFFH17F3QW*10012014013337_70012088,No
2220993,Frigidaire,LFFH20F3QM*,,Upright Freezer,Automatic,No,No,No,No,20.2,35.6,480,535,10,,No,09/08/2014,09/25/2014,"United States, Canada",ES_1021080_LFFH20F3QM*10012014013337_70012088,No
2220992,Frigidaire,LFFH20F3QW*,,Upright Freezer,Automatic,No,No,No,No,20.2,35.6,480,535,10,,No,09/08/2014,09/25/2014,"United States, Canada",ES_1021080_LFFH20F3QW*_10012014013338_70012088,No
2303322,Gaggenau,RF411704,",,Network Communication",Upright Freezer,Automatic,No,Yes,Yes,Yes,8.6,15.1,418,494,17,,No,09/01/2017,03/06/2017,"United States, Canada",ES_0031649_RF411704_03082017044344_70122368,No
2365307,Gaggenau,RF411705,,Upright Freezer,Automatic,No,Yes,Yes,Yes,8.6,15.1,404,494,20,R-600a,No,10/01/2020,08/25/2020,"United States, Canada",ES_0031649_RF411705_08312020054816_80044911,No
2219310,Gaggenau,RF461701,,Upright Freezer,Automatic,No,Yes,Yes,Yes,12.2,21.5,472,557,17,,No,10/15/2014,09/10/2014,"United States, Canada",ES_0031649_RF461701_06182014123847_2737291,No
2303324,Gaggenau,RF461704,",,Network Communication",Upright Freezer,Automatic,No,Yes,Yes,Yes,12.2,21.4,443,556,22,,No,09/01/2017,03/06/2017,"United States, Canada",ES_0031649_RF461704_03082017044344_70122368,No
2365310,Gaggenau,RF461705,,Upright Freezer,Automatic,No,Yes,Yes,Yes,12.2,21.4,435,556,23,R-600a,No,10/01/2020,08/25/2020,"United States, Canada",ES_0031649_RF461705_08312020054816_80044911,No
2233415,Gaggenau,RF463702,",,Reverse Door",Upright Freezer,Automatic,No,Yes,Yes,Yes,11.3,19.9,494,541,10,,No,09/15/2014,08/11/2014,"United States, Canada",ES_0031649_RF463702_08082014030531_2752705,No
2233416,Gaggenau,RF463703,",,Reverse Door",Upright Freezer,Automatic,No,Yes,Yes,Yes,11.3,19.9,494,541,10,,No,09/15/2014,08/11/2014,"United States, Canada",ES_0031649_RF463703_08082014030531_2752705,No
2237333,Gaggenau,RF463703TW,,Upright Freezer,Automatic,No,Yes,Yes,Yes,11.3,19.9,494,541,10,,No,11/15/2015,04/01/2015,"United States, Canada",ES_0031649_RF463703TW_03262015042706_70026997,No
2303332,Gaggenau,RF463704,",,Network Communication",Upright Freezer,Automatic,No,Yes,Yes,Yes,11.2,19.8,457,540,17,,No,09/01/2017,03/06/2017,"United States, Canada",ES_0031649_RF463704_03082017044344_70122368,No
2303333,Gaggenau,RF463705,",,Reverse Door, Network Communication",Upright Freezer,Automatic,No,Yes,Yes,Yes,11.2,19.8,457,540,17,,No,09/01/2017,03/06/2017,"United States, Canada",ES_0031649_RF463705_03082017044344_70122368,No
2365305,Gaggenau,RF463706,",RF463707,Cosmetic",Upright Freezer,Automatic,No,Yes,Yes,Yes,11.2,19.8,454,540,17,R-600a,No,10/01/2020,08/25/2020,"United States, Canada",ES_0031649_RF463706_08312020054816_80044911,No
2219308,Gaggenau,RF471701,,Upright Freezer,Automatic,No,Yes,Yes,Yes,15.8,27.8,564,619,10,,No,10/15/2014,09/10/2014,"United States, Canada",ES_0031649_RF471701_06182014123847_2737291,No
2303325,Gaggenau,RF471704,",,Network Communication",Upright Freezer,Automatic,No,Yes,Yes,Yes,15.8,27.8,493,619,22,,No,09/01/2017,03/06/2017,"United States, Canada",ES_0031649_RF471704_03082017044344_70122368,No
2365312,Gaggenau,RF471705,,Upright Freezer,Automatic,No,Yes,Yes,Yes,15.8,27.8,479,619,24,R-600a,No,10/01/2020,08/25/2020,"United States, Canada",ES_0031649_RF471705_08312020054816_80044911,No
2303327,Gaggenau,RF491704,",,Network Communication",Upright Freezer,Automatic,No,Yes,Yes,Yes,19.4,34.2,543,682,22,,No,09/01/2017,03/06/2017,"United States, Canada",ES_0031649_RF491704_03082017044344_70122368,No
2365314,Gaggenau,RF491705,,Upright Freezer,Automatic,No,Yes,Yes,Yes,19.4,34.2,528,682,24,R-600a,No,10/01/2020,08/25/2020,"United States, Canada",ES_0031649_RF491705_08312020054816_80044911,No
2366573,Galanz,GLF11U**A16,,Upright Freezer,Automatic,No,No,No,No,11,19.4,354,396,11,,No,09/23/2020,08/07/2020,United States,ES_1108549_GLF11U**A16_09302020052229_80056439,No
2366574,Galanz,GLF11U**G16,,Upright Freezer,Automatic,No,No,No,No,11,19.4,354,396,11,,No,09/23/2020,08/07/2020,United States,ES_1108549_GLF11U**G16_09302020052229_80056439,No
2364910,Galanz,GLF50*E*,,Compact,Manual,Yes,No,No,No,5,8.7,196,217,10,,No,08/18/2020,07/01/2020,"United States, Canada",ES_1108549_GLF50*E*_08242020115745_80043260,No
2364911,Galanz,GLF70*E*,,Compact,Manual,Yes,No,No,No,7,12.3,226,251,10,,No,08/18/2020,07/01/2020,"United States, Canada",ES_1108549_GLF70*E*_08242020115745_80043260,No
2220968,Gallery,FGVU21F8QF*,,Upright Freezer,Automatic,No,No,No,No,20.5,36.1,484,539,10,,No,09/08/2014,09/25/2014,"United States, Canada",ES_1021080_FGVU21F8QF*10012014013337_70012088,No
2215216,GE,FCM11PH****,,Chest Freezer,Manual,No,No,No,No,10.6,18.7,218,244,11,,No,08/04/2014,06/23/2014,"United States, Canada",ES_1123206_FCM11PH****_06232014030230_2739746,No
2339784,GE,FCM16DL****,,Chest Freezer,Manual,No,No,No,No,15.7,27.6,277,309,10,,No,08/01/2019,06/14/2019,"United States, Canada",ES_1123206_FCM16DL****_06142019121918_80007813,No
2339785,GE,FCM22DL****,,Chest Freezer,Manual,No,No,No,No,21.7,38.1,346,386,10,,No,07/01/2019,06/14/2019,"United States, Canada",ES_1123206_FCM22DL****_06142019121918_80007813,No
2356447,GE,FUF14DL****,,Upright Freezer,Automatic,No,No,No,No,14.1,24.8,397,442,10,,No,04/01/2020,03/12/2020,"United States, Canada",ES_1123206_FUF14DL****_03172020042854_6666666_,No
2356448,GE,FUF17DL****,,Upright Freezer,Automatic,No,No,No,No,17.3,30.4,441,490,10,,No,04/01/2020,03/12/2020,"United States, Canada",ES_1123206_FUF17DL****_03172020042854_6666666_,No
2356449,GE,FUF21DL****,,Upright Freezer,Automatic,No,No,No,No,21.3,37.5,495,552,10,,No,04/01/2020,03/12/2020,"United States, Canada",ES_1123206_FUF21DL****_03172020042854_6666666_,No
2310849,Hisense,FC-26DD1SHA,",FC70D6*WE,; ,FE703,; ,HCS70138WW00,",Compact,Manual,Yes,No,No,No,6.9,12.1,223,249,10,,No,02/07/2018,02/11/2018,United States,ES_1110877_FC-26DD1SHA_02072018155113_8287317,No
2318576,Hisense,FC34D6AWE,",HCF03EE8****,",Compact,Manual,Yes,No,No,No,3.4,5.9,172,191,10,,No,03/29/2018,04/11/2018,United States,ES_1110877_FC34D6AWE_04162018134417_3754693,No
2360727,Hisense,FC34D6EWE,",FC34D6E*E,; ,LC34D6E*E,; ,LC34D6EWE,",Compact,Manual,Yes,No,No,No,3.4,6,172,192,10,,No,05/15/2020,05/26/2020,"United States, Canada",ES_1143318_FC34D6EWE_05212020120620_9429742,No
2339756,Jenn-Air,ALOVE24FLC0*,,Upright Freezer,Automatic,No,Yes,Yes,Yes,13,23,523,572,10,,No,07/08/2019,06/14/2019,"United States, Canada",ES_0022856_ALOVE24FLC0*_06142019102706_80007546,No
2318906,Jenn-Air,JBZF*18IGX**,,Upright Freezer,Automatic,No,Yes,Yes,Yes,8.9,15.8,459,501,10,,No,05/02/2018,04/25/2018,"United States, Canada",ES_0022856_JBZF*18IGX**_04262018014203_70182435,No
2318907,Jenn-Air,JBZF*24IGX**,,Upright Freezer,Automatic,No,Yes,Yes,Yes,13,23,523,572,10,,No,05/02/2018,04/25/2018,"United States, Canada",ES_0022856_JBZF*24IGX**_04262018014203_70182435,No
2318908,Jenn-Air,JBZF*30IGX**,,Upright Freezer,Automatic,No,Yes,Yes,Yes,17.2,30.3,588,644,10,,No,05/02/2018,04/25/2018,"United States, Canada",ES_0022856_JBZF*30IGX**_04262018014203_70182435,No
2369584,Kenmore,111. 2206****,,Compact,Manual,Yes,No,No,No,5.9,10.4,256,316,19,,No,10/30/2019,11/16/2020,"United States, Canada",ES_15649_111. 2206****_11162020110113_80043248,No
2369583,Kenmore,111. 22062910,,Compact,Manual,Yes,No,No,No,5.9,10.4,256,316,19,,No,10/30/2019,11/16/2020,"United States, Canada",ES_15649_111. 22062910_11162020110113_80043248,No
2369585,Kenmore,111. 2214****,,Upright Freezer,Automatic,No,No,No,No,13.5,23.9,389,434,10,,No,10/30/2019,11/16/2020,"United States, Canada",ES_15649_111. 2214****_11162020110113_80043248,No
2364055,Kenmore,111.22142910,,Upright Freezer,Automatic,No,No,No,No,13.5,23.8,389,433,10,,No,10/30/2019,07/23/2019,"United States, Canada",ES_0015649_111.22142910_08052020104124_80035956,No
2346681,Kenmore,111.22202910,,Upright Freezer,Automatic,No,No,No,No,21,36.9,492,546,10,,No,09/06/2019,03/13/2019,"United States, Canada",ES_0015649_111.22202910_08172019121134_80012934,No
2364808,Kenmore,111.22202910,,Upright Freezer,Automatic,No,No,No,No,21,37,492,547,10,,No,08/19/2020,08/19/2020,"United States, Canada",ES_15649_111.22202910_08202020125329_80044645,No
2285551,KOOLATRON,KTUF88,,Compact,Manual,Yes,No,No,No,3,5.3,240,272,12,,No,11/20/2016,12/06/2016,Canada,ES_1137414_KTUF88_12062016121522_6522285,No
2374757,LG,LROFC1104*,,Upright Freezer,Automatic,No,No,No,No,11.4,20.1,321,402,20,,No,03/11/2021,03/11/2021,"United States, Canada",ES_1118034_LROFC1104*_03112021011502_80068756,Yes
2222447,Liebherr,HF 861,,Upright Freezer,Automatic,No,Yes,Yes,Yes,7.8,13.7,439,480,10,,No,10/06/2014,09/22/2014,"United States, Canada",ES_1017655_HF 861_10022014105208_2767851,No
2330834,Liebherr,MF1851,,Upright Freezer,Automatic,No,Yes,Yes,Yes,7.8,13.7,412,480,16,,No,11/01/2018,10/05/2018,"United States, Canada",ES_1017655_MF1851_12052018035621_70208456,No
2330835,Liebherr,MF2451,,Upright Freezer,Automatic,No,Yes,Yes,Yes,11.5,20.2,438,544,21,,No,11/01/2018,10/05/2018,"United States, Canada",ES_1017655_MF2451_12052018035621_70208456,No
2345235,Liebherr,MF3051,,Upright Freezer,Automatic,No,Yes,Yes,Yes,15.2,26.8,528,609,15,,No,08/22/2019,08/21/2019,"United States, Canada",ES_1017655_MF3051_08222019013734_80015469,No
2345781,Liebherr,MF3651,,Upright Freezer,Automatic,No,Yes,Yes,Yes,18.9,33.3,585,673,14,,No,08/28/2019,08/16/2019,"United States, Canada",ES_1017655_MF3651_09032019025022_80016648,No
2321535,Liebherr,UF501,,Compact,Automatic,Yes,No,No,No,2.8,4.9,302,402,25,,No,05/15/2018,06/20/2018,"United States, Canada",ES_1017655_UF501_06212018020527_70188344,Yes
2318763,Magic Chef,HMUF6WE,",HMUF54567,",Compact,Manual,Yes,No,No,No,5.8,10.3,281,315,11,,No,04/20/2018,04/22/2018,United States,ES_1107227_HMUF6WE_04192018143134_8711969,No
2351818,Marathon,ECF71W,,Compact,Manual,Yes,No,No,No,7,12.3,224,251,11,,No,11/12/2019,11/11/2019,Canada,ES_1137295_ECF71W_12232019124706_80022912,No
2269783,Marathon,MCF35W,",MCF35BL,; ,MCF35BLS,",Compact,Manual,Yes,No,No,No,3.5,6.1,172,193,11,,No,06/10/2016,06/15/2016,Canada,ES_1137295_MCF35W_06122016113245_989343,No
2300586,Marathon,MCF35W-1,,Compact,Manual,Yes,No,No,No,3.5,6.2,172,194,11,,No,07/14/2017,07/13/2017,Canada,ES_1137295_MCF35W-1_07262017114236_9356713,No
2351815,Marathon,MCF35W-1,,Compact,Manual,Yes,No,No,No,3.5,6.2,172,194,11,,No,11/12/2019,11/11/2019,Canada,ES_1137295_MCF35W-1_12232019124706_80022912,No
2354950,Marathon,MCF36W,,Compact,Manual,Yes,No,No,No,3.4,5.9,172,191,10,,No,11/21/2019,04/11/2018,United States,ES_1110877_MCF36W_11292019165757_1237756,No
2301188,Marathon,MCF50W,,Compact,Manual,Yes,No,No,No,5.1,9,196,220,11,,No,07/14/2017,07/13/2017,Canada,ES_1137295_MCF50W_07262017115324_0004277,No
2269356,Marathon,MCF51W,",MCF51BL,; ,MCF51BLS,",Compact,Manual,Yes,No,No,No,5,8.9,195,219,11,,No,06/01/2019,06/06/2016,Canada,ES_1137295_MCF51W_06022016151006_2567407,No
2351816,Marathon,MCF51W-1,,Compact,Manual,Yes,No,No,No,5,8.8,195,218,11,,No,11/12/2019,11/11/2019,Canada,ES_1137295_MCF51W-1_12232019124706_80022912,No
2300589,Marathon,MCF70GRD,,Compact,Manual,Yes,No,No,No,7,12.3,224,251,11,,No,07/14/2017,07/13/2017,Canada,ES_1137295_MCF70GRD_07262017115022_9822185,No
2300590,Marathon,MCF70W,,Compact,Manual,Yes,No,No,No,7,12.3,224,251,11,,No,07/14/2017,07/13/2017,Canada,ES_1137295_MCF70W_07262017115033_9833642,No
2271907,Marathon,MCF71W,",MCF71BLS,",Compact,Manual,Yes,No,No,No,7,12.4,224,252,11,,No,07/05/2016,07/06/2016,Canada,ES_1137295_MCF71W_07052016165103_7388574,No
2351817,Marathon,MCF71W-1,,Compact,Manual,Yes,No,No,No,7,12.3,224,251,11,,No,11/12/2019,11/11/2019,Canada,ES_1137295_MCF71W-1_12232019124706_80022912,No
2350986,Marathon,MCF72W,,Compact,Manual,Yes,No,No,No,6.9,12.1,223,249,10,,No,11/21/2019,02/11/2018,United States,ES_1110877_MCF72W_11292019164112_6429864,No
2269043,Marathon,MUF65W,"Freezers,MUF65BLS,",Compact,Manual,Yes,No,No,No,6.3,11.1,289,322,10,,No,05/15/2016,06/06/2016,Canada,ES_1137295_MUF65W_06062016024820_1300857,No
2262210,Marvel,ML24FAP***,,Compact,Automatic,Yes,No,No,No,4.6,8,351,433,19,,No,02/16/2016,03/02/2016,"United States, Canada",ES_1100125_ML24FAP***03102016055320_70065799,No
2262209,Marvel,ML24FAS***,,Compact,Automatic,Yes,No,No,No,4.7,8.3,305,436,30,,No,02/16/2016,03/02/2016,"United States, Canada",ES_1100125_ML24FAS***03102016055320_70065799,Yes
2272221,Marvel,MO24FAS***,,Compact,Automatic,Yes,No,No,No,4.7,8.3,324,436,26,,No,06/30/2016,06/30/2016,"United States, Canada",ES_1100125_MO24FAS***_07122016045316_70086657,Yes
2262211,Marvel,MP24FAP***,,Compact,Automatic,Yes,No,No,No,4.6,8,351,433,19,,No,02/16/2016,03/02/2016,"United States, Canada",ES_1100125_MP24FAP***03102016055320_70065799,No
2262212,Marvel,MP24FAS***,,Compact,Automatic,Yes,No,No,No,4.6,8,340,433,21,,No,02/16/2016,03/02/2016,"United States, Canada",ES_1100125_MP24FAS***03102016055320_70065799,Yes
2361899,Master Chef,043-0292-2,,Compact,Manual,Yes,No,No,No,3.5,6.2,174,194,10,,No,06/18/2020,06/18/2020,Canada,ES_1025242_043-0292-2_06182020121854_2734667,No
2361900,Master Chef,043-0293-0,,Compact,Manual,Yes,No,No,No,5,8.8,196,218,10,,No,06/18/2020,06/18/2020,Canada,ES_1025242_043-0293-0_06182020121917_2757621,No
2285302,Master Chef,043-2352-8,,Compact,Manual,Yes,No,No,No,3,5.3,240,272,12,,No,12/19/2013,12/01/2016,Canada,ES_1025242_043-2352-8_12022016111118_7078043,No
2306410,Midea,3730-937,,Upright Freezer,Automatic,No,No,No,No,13.8,24.3,394,438,10,,No,11/10/2017,11/13/2017,"United States, Canada",ES_1030337_3730-937_11142017074346_5426050,No
2329400,Midea,HS-507FWE,,Upright Freezer,Automatic,No,No,No,No,13.8,24.3,394,438,10,,No,11/06/2018,07/23/2019,"United States, Canada",ES_1030337_HS-507FWE_11092018050728_0048635,No
2329397,Midea,HS625FEW,,Upright Freezer,Automatic,No,No,No,No,17,29.9,438,486,10,,No,11/06/2018,11/09/2018,"United States, Canada",ES_1030337_HS625FEW_11092018043333_8013314,No
2329398,Midea,HS772FEW,,Upright Freezer,Automatic,No,No,No,No,21,37,492,547,10,,No,11/06/2018,11/09/2018,"United States, Canada",ES_1030337_HS772FEW_11092018050408_9848367,No
2348992,Midea,MRC07M5AWW,,Compact,Manual,Yes,No,No,No,7,12.3,225,251,10,,No,10/27/2019,10/28/2019,"United States, Canada",ES_1030337_MRC07M5AWW_10282019061532_3332271,No
2337416,Midea,MRU03M2ABB,,Compact,Manual,Yes,No,No,No,3,5.3,240,272,12,,No,04/26/2019,04/25/2019,"United States, Canada",ES_1030337_MRU03M2ABB_04292019013626_1786744,No
2339053,Midea,MRU17F6AWW,,Upright Freezer,Automatic,No,No,No,No,17,29.9,438,486,10,,No,05/30/2019,05/27/2019,"United States, Canada",ES_1030337_MRU17F6AWW_05302019110610_80005430,No
2360139,Midea,MRU17F6AWW*,,Upright Freezer,Automatic,No,No,No,No,17,29.9,438,486,10,,No,05/21/2020,05/21/2020,"United States, Canada",ES_1030337_MRU17F6AWW*_05212020095007_4607086,No
2330142,Midea,MU138SWAR1RC1,,Upright Freezer,Automatic,No,No,No,No,13.8,24.3,394,438,10,,No,11/21/2018,11/22/2018,"United States, Canada",ES_1030337_MU138SWAR1RC1_11222018061950_7590770,No
2364807,Midea,MU170CWBR1RC1,,Upright Freezer,Automatic,No,No,No,No,17,29.9,438,486,10,,No,08/19/2020,08/19/2020,"United States, Canada",ES_1030337_MU170CWBR1RC1_08202020125329_80042866,No
2364806,Midea,MU210CWBR1RC1,,Upright Freezer,Automatic,No,No,No,No,21,37,492,547,10,,No,08/19/2020,08/19/2020,"United States, Canada",ES_1030337_MU210CWBR1RC1_08202020125329_80042865,No
2285116,Midea,URBD99DE,,Compact,Manual,Yes,No,No,No,3.5,6.2,172,194,11,,No,11/25/2016,11/24/2016,"United States, Canada",ES_1030337_URBD99DE_11242016011332_70109145,No
2210471,Midea,WHS-109FW1,"Freezers,WHS-109FB1,; Freezers,WHS-109FSS1,",Compact,Manual,Yes,No,No,No,3,5.3,240,272,12,,No,04/30/2014,04/23/2014,United States,ES_1030337_WHS-109FW1_05062014020144_1704311,No
2302996,Midea,WHS-507FWEW1,",WHS-507FWEB1,; ,WHS-507FWESS1,",Upright Freezer,Automatic,No,No,No,No,13.8,24.3,394,438,10,,No,08/30/2017,08/31/2017,"United States, Canada",ES_1030337_WHS-507FWEW1_08312017103427_5667485,No
2362023,Midea,WHS-625FWESS1*,",,( “ * ”, can be any of A-Z, a-z, 0-9, version code or blank.)",Upright Freezer,Automatic,No,No,No,No,17,29.9,438,486,10,,No,06/24/2020,06/24/2020,"United States, Canada",ES_1030337_WHS-625FWESS1*_06242020095531_2531536,No
2291786,Midea,WHS-625FWEW1,",WHS-625FWEB1, WHS-625FWESS1,",Upright Freezer,Automatic,No,No,No,No,17,29.6,438,483,9,,No,02/10/2017,02/23/2017,"United States, Canada",ES_1030337_WHS-625FWEW1_03022017062847_6127747,No
2362024,Midea,WHS-625FWEW1*,",,( “ * ”, can be any of A-Z, a-z, 0-9, version code or blank.)",Upright Freezer,Automatic,No,No,No,No,17,29.9,438,486,10,,No,06/24/2020,06/24/2020,"United States, Canada",ES_1030337_WHS-625FWEW1*_06242020095553_2553065,No
2269041,Midea,WHS-75FW1,,Compact,Manual,Yes,No,No,No,2.1,3.7,219,258,15,,No,05/10/2016,06/01/2016,"United States, Canada",ES_1030337_WHS-75FW1_06062016070606_6766428,No
2362025,Midea,WHS-772FWESS1*,",,( “ * ”, can be any of A-Z, a-z, 0-9, version code or blank.)",Upright Freezer,Automatic,No,No,No,No,21,36.9,492,546,10,,No,06/24/2020,06/24/2020,"United States, Canada",ES_1030337_WHS-772FWESS1*_06242020095612_2572374,No
2291785,Midea,WHS-772FWEW1,",WHS-772FWEB1, WHS-772FWESS1,",Upright Freezer,Automatic,No,No,No,No,21,37,492,547,10,,No,02/10/2017,02/23/2017,"United States, Canada",ES_1030337_WHS-772FWEW1_03022017062907_6147719,No
2362026,Midea,WHS-772FWEW1*,",,( “ * ”, can be any of A-Z, a-z, 0-9, version code or blank.)",Upright Freezer,Automatic,No,No,No,No,21,36.9,492,546,10,,No,06/24/2020,06/24/2020,"United States, Canada",ES_1030337_WHS-772FWEW1*_06242020095631_2591750,No
2333179,Miele,F 2411 SF,",,Cosmetic",Upright Freezer,Automatic,No,Yes,Yes,Yes,8.6,15.1,418,494,17,,No,02/14/2019,02/05/2019,"United States, Canada",ES_0031629_F 2411 SF_02072019040259_70213076,No
2333178,Miele,F 2411 Vi,,Upright Freezer,Automatic,No,Yes,Yes,Yes,8.6,15.1,418,494,17,,No,02/14/2019,02/05/2019,"United States, Canada",ES_0031629_F 2411 Vi_02072019040259_70213076,No
2365367,Miele,F 2412 Vi,",F 2412 SF,Cosmetic",Upright Freezer,Automatic,No,Yes,Yes,Yes,8.6,15.1,404,494,20,,No,10/01/2020,08/26/2020,"United States, Canada",ES_0031629_F 2412 Vi_09012020122758_80044906,No
2333515,Miele,F 2461 Vi,",KI KIWD18USM,Cosmetic",Upright Freezer,Automatic,No,Yes,Yes,Yes,7.8,13.6,428,479,12,,No,02/14/2019,02/13/2019,"United States, Canada",ES_0031629_F 2461 Vi_02142019034744_70215609,No
2333517,Miele,F 2471 SF,",KI KIWD18USM,Cosmetic",Upright Freezer,Automatic,No,Yes,Yes,Yes,7.8,13.6,428,479,12,,No,02/14/2019,02/13/2019,"United States, Canada",ES_0031629_F 2471 SF_02142019034744_70215609,No
2333516,Miele,F 2471 Vi,,Upright Freezer,Automatic,No,Yes,Yes,Yes,7.8,13.6,428,479,12,,No,02/14/2019,02/13/2019,"United States, Canada",ES_0031629_F 2471 Vi_02142019034744_70215609,No
2365365,Miele,F 2472 Vi,",F 2462 Vi, F 2472 SF,Cosmetic",Upright Freezer,Automatic,No,Yes,Yes,Yes,7.8,13.6,428,479,12,,No,10/01/2020,08/26/2020,"United States, Canada",ES_0031629_F 2472 Vi_09012020122758_80044906,No
2333518,Miele,F 2661 Vi,",KI KIWD24USM,Cosmetic",Upright Freezer,Automatic,No,Yes,Yes,Yes,11.2,19.8,457,540,17,,No,02/14/2019,02/13/2019,"United States, Canada",ES_0031629_F 2661 Vi_02142019034744_70215609,No
2333520,Miele,F 2671 SF,",KI KIWD24USM,Cosmetic",Upright Freezer,Automatic,No,Yes,Yes,Yes,11.2,19.8,457,540,17,,No,02/14/2019,02/13/2019,"United States, Canada",ES_0031629_F 2671 SF_02142019034744_70215609,No
2333519,Miele,F 2671 Vi,,Upright Freezer,Automatic,No,Yes,Yes,Yes,11.2,19.8,457,540,17,,No,02/14/2019,02/13/2019,"United States, Canada",ES_0031629_F 2671 Vi_02142019034744_70215609,No
2365366,Miele,F 2672 Vi,",F 2662 Vi, F 2672 SF,Cosmetic",Upright Freezer,Automatic,No,Yes,Yes,Yes,11.2,19.8,454,540,17,,No,10/01/2020,08/26/2020,"United States, Canada",ES_0031629_F 2672 Vi_09012020122758_80044906,No
2333181,Miele,F 2801 Vi,",,Cosmetic",Upright Freezer,Automatic,No,Yes,Yes,Yes,15.8,27.7,493,618,22,,No,02/14/2019,02/05/2019,"United States, Canada",ES_0031629_F 2801 Vi_02072019040259_70213076,No
2333182,Miele,F 2811 SF,",,Cosmetic",Upright Freezer,Automatic,No,Yes,Yes,Yes,15.8,27.7,493,618,22,,No,02/14/2019,02/05/2019,"United States, Canada",ES_0031629_F 2811 SF_02072019040259_70213076,No
2333180,Miele,F 2811 Vi,,Upright Freezer,Automatic,No,Yes,Yes,Yes,15.8,27.7,493,618,22,,No,02/14/2019,02/05/2019,"United States, Canada",ES_0031629_F 2811 Vi_02072019040259_70213076,No
2365368,Miele,F 2812 Vi,",F 2802 Vi, F 2812 SF,Cosmetic",Upright Freezer,Automatic,No,Yes,Yes,Yes,15.8,27.8,479,619,24,,No,10/01/2020,08/26/2020,"United States, Canada",ES_0031629_F 2812 Vi_09012020122758_80044906,No
2333184,Miele,F 2901 Vi,",,Cosmetic",Upright Freezer,Automatic,No,Yes,Yes,Yes,19.4,34.1,543,681,21,,No,02/14/2019,02/05/2019,"United States, Canada",ES_0031629_F 2901 Vi_02072019040259_70213076,No
2333185,Miele,F 2911 SF,",,Cosmetic",Upright Freezer,Automatic,No,Yes,Yes,Yes,19.4,34.1,543,681,21,,No,02/14/2019,02/05/2019,"United States, Canada",ES_0031629_F 2911 SF_02072019040259_70213076,No
2333183,Miele,F 2911 Vi,,Upright Freezer,Automatic,No,Yes,Yes,Yes,19.4,34.1,543,681,21,,No,02/14/2019,02/05/2019,"United States, Canada",ES_0031629_F 2911 Vi_02072019040259_70213076,No
2365369,Miele,F 2912 Vi,",F 2902 Vi, F 2912 SF,Cosmetic",Upright Freezer,Automatic,No,Yes,Yes,Yes,19.4,34.2,528,682,24,,No,10/01/2020,08/26/2020,"United States, Canada",ES_0031629_F 2912 Vi_09012020122758_80044906,No
2222448,Miele,FNS 37492 iE,,Upright Freezer,Automatic,No,Yes,Yes,Yes,7.8,13.7,439,480,10,,No,10/06/2014,09/22/2014,"United States, Canada",ES_1017655_FNS 37492 iE_10022014105208_2767851,No
2244749,PREMIUM,PFV1375MW,,Upright Freezer,Automatic,No,No,No,No,13.8,24.3,391,438,11,,No,07/28/2015,07/22/2015,"United States, Canada",ES_1117600_PFV1375MW_07292015124310_70040588,No
2244750,PREMIUM,PFV1376MS,,Upright Freezer,Automatic,No,No,No,No,13.8,24.3,391,438,11,,No,07/28/2015,07/22/2015,"United States, Canada",ES_1117600_PFV1376MS_07292015124310_70040588,No
2344504,PREMIUM,PFV30500MW,,Compact,Manual,Yes,No,No,No,3,5.3,240,272,12,,No,08/10/2019,08/12/2019,"United States, Canada",ES_1117600_PFV30500MW_08142019050854_9334281,No
2344505,PREMIUM,PFV30600MS,,Compact,Manual,Yes,No,No,No,3,5.3,240,272,12,,No,08/10/2019,08/12/2019,"United States, Canada",ES_1117600_PFV30600MS_08142019050927_9367562,No
2346466,Premium Levella,PFV1385MW,,Upright Freezer,Automatic,No,No,No,No,13.8,24.3,394,438,10,,No,09/15/2019,09/16/2019,"United States, Canada",ES_1117600_PFV1385MW_09162019070048_7248547,No
2346467,Premium Levella,PFV1386MS,,Upright Freezer,Automatic,No,No,No,No,13.8,24.3,394,438,10,,No,09/15/2019,09/16/2019,"United States, Canada",ES_1117600_PFV1386MS_09162019070107_7267331,No
2281040,RCA,RFRF-450-AMZ,,Compact,Manual,Yes,No,No,No,5.1,9,172,220,22,,No,10/01/2016,10/09/2016,"United States, Canada",ES_1120898_RFRF-450-AMZ_10112016082017_4017648,Yes
2281041,RCA,RFRF470-AMZ,,Compact,Manual,Yes,No,No,No,7,12.3,198,251,21,,No,10/01/2016,10/09/2016,"United States, Canada",ES_1120898_RFRF470-AMZ_10112016082423_4263725,Yes
2281042,RCA,RFRF470-BLACK-AMZ,,Compact,Manual,Yes,No,No,No,7,12.3,198,251,21,,No,10/01/2016,10/09/2016,"United States, Canada",ES_1120898_RFRF470-BLACK-AMZ_10112016082134_4094744,Yes
2353790,RCA,RFRF695,,Compact,Manual,Yes,No,No,No,6.5,11.4,280,324,14,,No,01/07/2020,01/17/2020,United States,ES_1120898_RFRF695_01172020163948_6289176,No
2362230,Samsung,RZ11M7074**,,Upright Freezer,Automatic,No,No,No,No,11.4,20.1,361,402,10,R-600a,No,09/02/2020,06/24/2020,United States,ES_1023593_RZ11M7074**_06292020121345_80046498,No
2371307,Samsung,RZ11T7474**,,Upright Freezer,Automatic,No,No,No,No,11.4,20.1,361,402,10,R-600a,No,03/19/2021,12/23/2020,"United States, Canada",ES_1023593_RZ11T7474**_12232020111715_80065918,No
2303376,Signature Kitchen Suite,SKSCF1801*,,Upright Freezer,Automatic,No,Yes,Yes,Yes,9.6,16.9,480,512,8,,Yes,09/05/2017,08/28/2017,"United States, Canada",ES_1118034_SKSCF1801*_09082017125412_70153884,No
2319218,Signature Kitchen Suite,SKSCF2401*,,Upright Freezer,Automatic,No,Yes,Yes,Yes,13.9,24.4,500,585,16,,Yes,05/08/2018,05/01/2018,"United States, Canada",ES_1118034_SKSCF2401*_05022018014715_70183199,No
2319219,Signature Kitchen Suite,SKSCF3001*,,Upright Freezer,Automatic,No,Yes,Yes,Yes,17.8,31.3,550,654,17,,Yes,05/08/2018,05/01/2018,"United States, Canada",ES_1118034_SKSCF3001*_05022018014725_70183199,No
2367469,Smad,DSD-507WMU,,Upright Freezer,Automatic,No,No,No,No,13.8,24.2,394,437,10,,No,10/15/2020,10/12/2020,"United States, Canada",ES_1030337_DSD-507WMU _10152020023002_80059132,No
2203378,SPT,UF-114SS,,Compact,Manual,Yes,No,No,No,1.1,1.9,215,242,11,,No,03/15/2014,01/24/2014,"United States, Canada",ES_1084573_UF-114SS_01142014044745_2691912,No
2359553,SPT,UF-114SS,,Compact,Manual,Yes,No,No,No,1.1,1.9,215,242,11,,No,05/08/2020,05/07/2020,"United States, Canada",ES_1084573_UF-114SS_05072020062423_80041578,No
2359554,SPT,UF-114W,,Compact,Manual,Yes,No,No,No,1.1,1.9,215,242,11,,No,05/08/2020,05/07/2020,"United States, Canada",ES_1084573_UF-114W_05072020062423_80041578,No
2210404,SPT,UF-214SS,,Compact,Manual,Yes,No,No,No,2.1,3.7,219,258,15,,No,03/15/2014,01/08/2014,United States,ES_1084573_UF-214SS_05052014183754_5074602,No
2210405,SPT,UF-214W,,Compact,Manual,Yes,No,No,No,2.1,3.7,219,258,15,,No,03/15/2014,01/08/2014,United States,ES_1084573_UF-214W_05052014183734_5054818,No
2210406,SPT,UF-304W,"Freezers,UF-304SS,",Compact,Manual,Yes,No,No,No,3,5.3,240,272,12,,No,03/15/2014,01/08/2014,United States,ES_1084573_UF-304W_05052014184231_5351384,No
2211710,Sub-Zero,IC-30FI,,Upright Freezer,Automatic,No,Yes,Yes,Yes,15.3,26.9,557,610,10,,No,06/15/2013,05/22/2014,"United States, Canada",ES_0031863_IC-30FI_05222014030921_2730201,No
2245579,Sub-Zero,IC-36FI,,Upright Freezer,Automatic,No,Yes,Yes,Yes,20,35.2,631,692,10,,No,09/01/2015,08/10/2015,"United States, Canada",ES_0031863_IC-36FI_08132015054614_70043043,No
2209867,Sub-Zero,ID-24F,,Compact,Automatic,Yes,No,No,No,3.8,6.8,377,421,10,R-600a,No,05/01/2014,05/01/2014,"United States, Canada",ES_0031863_ID-24F_04302014021433_2723809,No
2214556,Sub-Zero,ID-24FI,,Compact,Automatic,Yes,No,No,No,3.8,6.8,377,421,10,R-600a,No,05/01/2014,07/03/2014,"United States, Canada",ES_0031863_ID-24FI_07032014112231_2742900,No
2209870,Sub-Zero,ID-30F,,Compact,Automatic,Yes,No,No,No,5.1,9,356,443,20,R-600a,No,09/01/2013,05/01/2014,"United States, Canada",ES_0031863_ID-30F_04302014021437_2723809,No
2214555,Sub-Zero,ID-30FI,,Compact,Automatic,Yes,No,No,No,5.1,9,399,443,10,R-600a,No,09/01/2013,07/03/2014,"United States, Canada",ES_0031863_ID-30FI_07032014112231_2742900,No
2245305,Sylvania,SFRF434-WHITE,,Compact,Manual,Yes,No,No,No,3.5,6.2,152,194,22,,No,07/31/2015,08/07/2015,"United States, Canada",ES_1120898_SFRF434-WHITE_08072015054605_6365546,Yes
2248175,Sylvania,SFRF452-WHITE,,Compact,Manual,Yes,No,No,No,5.1,9,172,220,22,,No,09/15/2015,09/17/2015,"United States, Canada",ES_1120898_SFRF452-WHITE FRF472-B_09182015054247_4967346,Yes
2292108,Thermador,T18ID900LP,,Upright Freezer,Automatic,No,Yes,Yes,Yes,7.8,13.7,428,480,13,,No,09/01/2017,03/06/2017,"United States, Canada",ES_0031649_T18ID900LP_03082017044344_70122368,No
2303328,Thermador,T18ID900RP,",,Reverse Door",Upright Freezer,Automatic,No,Yes,Yes,Yes,7.8,13.7,428,480,13,,No,09/01/2017,03/06/2017,"United States, Canada",ES_0031649_T18ID900RP_03082017044344_70122368,No
2365303,Thermador,T18ID905LP,",T18ID905RP,Cosmetic",Upright Freezer,Automatic,No,Yes,Yes,Yes,7.8,13.7,428,480,13,R-600a,No,10/01/2020,08/25/2020,"United States, Canada",ES_0031649_T18ID905LP_08312020054816_80044911,No
2292104,Thermador,T18IF900SP,,Upright Freezer,Automatic,No,Yes,Yes,Yes,8.6,15.1,418,494,17,,No,09/01/2017,03/06/2017,"United States, Canada",ES_0031649_T18IF900SP_03082017044344_70122368,No
2303321,Thermador,T18IF901SP,",,Network Communication",Upright Freezer,Automatic,No,Yes,Yes,Yes,8.6,15.1,418,494,17,,No,09/01/2017,03/06/2017,"United States, Canada",ES_0031649_T18IF901SP_03082017044344_70122368,No
2365306,Thermador,T18IF905SP,,Upright Freezer,Automatic,No,Yes,Yes,Yes,8.6,15.1,404,494,20,R-600a,No,10/01/2020,08/25/2020,"United States, Canada",ES_0031649_T18IF905SP_08312020054816_80044911,No
2233414,Thermador,T24ID800LP,",,Reverse Door",Upright Freezer,Automatic,No,Yes,Yes,Yes,11.3,19.9,494,541,10,,No,09/15/2014,08/11/2014,"United States, Canada",ES_0031649_T24ID800LP_08082014030531_2752705,No
2217236,Thermador,T24ID800RP,",,Reverse Door",Upright Freezer,Automatic,No,Yes,Yes,Yes,11.3,19.9,494,541,10,,No,09/15/2014,08/11/2014,"United States, Canada",ES_0031649_T24ID800RP_08082014030531_2752705,No
2292109,Thermador,T24ID900LP,,Upright Freezer,Automatic,No,Yes,Yes,Yes,11.2,19.8,457,540,17,,No,09/01/2017,03/06/2017,"United States, Canada",ES_0031649_T24ID900LP_03082017044344_70122368,No
2303329,Thermador,T24ID900RP,",,Reverse Door",Upright Freezer,Automatic,No,Yes,Yes,Yes,11.2,19.8,457,540,17,,No,09/01/2017,03/06/2017,"United States, Canada",ES_0031649_T24ID900RP_03082017044344_70122368,No
2365304,Thermador,T24ID905LP,",T24ID905RP,Cosmetic",Upright Freezer,Automatic,No,Yes,Yes,Yes,11.2,19.8,454,540,17,R-600a,No,10/01/2020,08/25/2020,"United States, Canada",ES_0031649_T24ID905LP_08312020054816_80044911,No
2292105,Thermador,T24IF900SP,,Upright Freezer,Automatic,No,Yes,Yes,Yes,12.2,21.4,443,556,22,,No,09/01/2017,03/06/2017,"United States, Canada",ES_0031649_T24IF900SP_03082017044344_70122368,No
2365309,Thermador,T24IF905SP,,Upright Freezer,Automatic,No,Yes,Yes,Yes,12.2,21.4,435,556,23,R-600a,No,10/01/2020,08/25/2020,"United States, Canada",ES_0031649_T24IF905SP_08312020054816_80044911,No
2292106,Thermador,T30IF900SP,,Upright Freezer,Automatic,No,Yes,Yes,Yes,15.8,27.8,493,619,22,,No,09/01/2017,03/06/2017,"United States, Canada",ES_0031649_T30IF900SP_03082017044344_70122368,No
2365311,Thermador,T30IF905SP,,Upright Freezer,Automatic,No,Yes,Yes,Yes,15.8,27.8,479,619,24,R-600a,No,10/01/2020,08/25/2020,"United States, Canada",ES_0031649_T30IF905SP_08312020054816_80044911,No
2292107,Thermador,T36IF900SP,,Upright Freezer,Automatic,No,Yes,Yes,Yes,19.4,34.2,543,682,22,,No,09/01/2017,03/06/2017,"United States, Canada",ES_0031649_T36IF900SP_03082017044344_70122368,No
2365313,Thermador,T36IF905SP,,Upright Freezer,Automatic,No,Yes,Yes,Yes,19.4,34.2,528,682,24,R-600a,No,10/01/2020,08/25/2020,"United States, Canada",ES_0031649_T36IF905SP_08312020054816_80044911,No
2318923,True Residential,TR-30FRZ-*-**-*,",TR-30FRZ-L-OG-A,; ,TR-30FRZ-L-OP-A,; ,TR-30FRZ-L-SG-A,; ,TR-30FRZ-R-OG-A,; ,TR-30FRZ-R-OP-A,; ,TR-30FRZ-R-SG-A,; ,TR-30FRZ-R-SS-A,",Upright Freezer,Automatic,No,No,No,No,15.2,26.8,413,459,10,,No,01/01/2018,04/27/2018,"United States, Canada",ES_3320_TR-30FRZ-*-**-*_04272018111108_7468818,No
2282737,True Residential,TUF-24-*-**-B,,Compact,Automatic,Yes,No,No,No,4.2,7.4,385,427,10,,No,04/25/2016,10/31/2016,"United States, Canada",ES_3320_TUF-24-*-**-B_10312016165135_2695270,No
2282738,True Residential,TUF-24-D-**-B,,Compact,Automatic,Yes,No,No,No,4.1,7.2,383,425,10,,No,04/25/2016,10/31/2016,"United States, Canada",ES_3320_TUF-24-D-**-B_10312016172850_4930885,No
2294472,U-Line,1224FZRA,,Compact,Automatic,Yes,No,No,No,4.8,8.4,390,437,11,,No,04/01/2017,04/18/2017,"United States, Canada",ES_92283_1224FZRA_04182017154538_0338750,No
2351664,U-Line,FZ124,,Compact,Automatic,Yes,No,No,No,4.8,7.9,390,432,10,,No,01/01/2019,12/21/2019,"United States, Canada",ES_92283_FZ124_12212019171849_8729153,No
2337425,UNIQUE,UGP-175L C AC,",UGP-175L 1 W AC,; ,UGP-175L B AC,; ,UGP-175L LB AC,; ,UGP-175L LG AC,; ,UGP-175L R AC,; ,UGP-175L T AC,; ,UGP-175L W AC,; ,UGP-175L WR AC,",Compact,Manual,Yes,No,No,No,5.5,9.7,278,310,10,,No,05/01/2019,04/28/2019,"United States, Canada",ES_1142812_UGP-175L C AC_04192019113830_883905,No
2362859,Vissani,MDUF3**,",,”**”can be WH/BK/SS as different color of the same model.",Compact,Manual,Yes,No,No,No,3,5.3,240,272,12,,No,07/16/2020,07/16/2020,"United States, Canada",ES_31912_MDUF3**_07172020022005_2405575,No
2263423,Whirlpool,WZF57R16F***,,Upright Freezer,Automatic,No,No,No,No,15.7,27.6,419,466,10,,No,04/01/2016,06/14/2016,"United States, Canada",ES_0022856_WZF57R16F***03302016013641_70071754,No
2208037,Whynter,CUF-110,,Compact,Manual,Yes,No,No,No,1.1,1.9,215,242,11,,No,05/10/2014,03/21/2014,"United States, Canada",ES_1122240_CUF-110_03182014035309_2711217,No
2354728,Whynter,CUF-110,,Compact,Manual,Yes,No,No,No,1.1,1.9,215,242,11,,No,01/20/2020,02/11/2020,"United States, Canada",ES_1122240_CUF-110_02122020064528_80031472,No
2291160,Whynter,CUF-112SS,,Compact,Manual,Yes,No,No,No,1.1,1.9,215,242,11,,No,02/21/2017,02/20/2017,"United States, Canada",ES_1122240_CUF-112SS_02172017035021_70110789,No
2354729,Whynter,CUF-112SS,,Compact,Manual,Yes,No,No,No,1.1,1.9,215,242,11,,No,01/20/2020,02/11/2020,"United States, Canada",ES_1122240_CUF-112SS_02122020064528_80031472,No
2359955,Whynter,CUF-210SS*,,Compact,Manual,Yes,No,No,No,2.1,3.7,219,258,15,,No,05/15/2020,05/19/2020,United States,ES_1122240_CUF-210SS*_05182020142111_2903558,No
2235243,Whynter,CUF-210SSa,,Compact,Manual,Yes,No,No,No,2.1,3.7,219,258,15,,No,05/10/2015,03/18/2015,United States,ES_1122240_CUF-210SSa_03262015072035_4435848,No
2290392,Whynter,CUF-301BK,,Compact,Manual,Yes,No,No,No,3,5.3,240,272,12,,No,12/19/2013,02/09/2017,United States,ES_1122240_CUF-301BK_02102017050228_2948056,No
2358327,Whynter,UDF-0831SS,,Upright Freezer,Automatic,No,No,No,No,8.3,14.6,317,354,10,,No,04/22/2020,04/20/2020,"United States, Canada",ES_1122240_UDF-0831SS _04222020093418_80041090,No
2235482,Whynter,UDF-138DW,,Upright Freezer,Automatic,No,No,No,No,13.8,24.3,391,438,11,,No,03/27/2015,03/27/2015,"United States, Canada",ES_1122240_UDF-138DW_03312015031110_70027805,No
2328022,Whynter,UDF-139SS,,Upright Freezer,Automatic,No,No,No,No,13.8,24.3,394,438,10,,No,10/15/2018,10/18/2018,"United States, Canada",ES_1122240_UDF-139SS_10182018022602_9562210,No
