ENERGY STAR Unique ID,ENERGY STAR Partner,Brand Name,Model Name,Model Number,Additional Model Information,Room Size (sq.ft.),Dust-Free Clean Air Delivery Rate (cfm),Smoke-Free Clean Air Delivery Rate (cfm),Pollen-Free Clean Air Delivery Rate (cfm),Dust-Free Clean Air Delivery Rate per Watt,Smoke-Free Clean Air Delivery Rate per Watt,Pollen-Free Clean Air Delivery Rate per Watt,Partial On Mode Power (Watts),Annual Energy Use (kWh/year),Technology Types,Ozone Emissions (ppb),Filter #1 Type,Replacement Model Number for Filter #1,Filter #2 Type,Replacement Model Number for Filter #2,Filter #3 Type,Replacement Model Number for Filter #3,Filter #4 Type,Replacement Model Number for Filter #4,Network Capability,Network Connection Types,Connected Functions,Need Module for Network Connection?,Cyber Security and/or Privacy Standards,Date Available On Market,Date Qualified,Markets,CB Model Identifier
2367035,3M Company,Filtrete,FAP-C01-A,FAP-C01-A,,109,75,70,85,2.38,2.2,2.6898734177,0.3,186.6941818182,Fan and Filter,0,HEPA,,,,,,,,No,,No,,,10/01/2020 12:00:00 AM,10/08/2020 12:00:00 AM,United States,ES_1065235_FAP-C01-A_10012020100931_844842
2367032,3M Company,Filtrete,FAP-C01BA-G1,FAP-C01BA-G1,,109,75,70,85,2.37,2.3,2.6898734177,0.3,178.6151304348,Fan and Filter,0,HEPA,,,,,,,,No,,No,,,10/01/2020 12:00:00 AM,10/08/2020 12:00:00 AM,"United States, Canada",ES_1065235_FAP-C01BA-G1_10012020101113_9669305
2367036,3M Company,Filtrete,FAP-C01-F1,FAP-C01-F1,,105,80,68,100,2.48,2.2,3.0959752322,0.15,180.9470909091,Fan and Filter,0,HEPA,,,,,,,,No,,No,,,10/01/2020 12:00:00 AM,10/08/2020 12:00:00 AM,United States,ES_1065235_FAP-C01-F1_10012020100615_5418207
2366974,3M Company,Filtrete,FAP-C02-A2,FAP-C02-A2,,152,110,98,120,2.57,2.4,2.7906976744,0.3,239.3426666667,Fan and Filter,0,HEPA,,,,,,,,No,,No,,,10/01/2020 12:00:00 AM,10/07/2020 12:00:00 AM,"United States, Canada",ES_1065235_FAP-C02-A2_10012020100436_4907190
2367031,3M Company,Filtrete,FAP-C02-F2,FAP-C02-F2,,152,110,98,120,2.52,2.4,2.7210884354,0.15,238.9046666667,Fan and Filter,0,HEPA,,,,,,,,No,,No,,,10/01/2020 12:00:00 AM,10/08/2020 12:00:00 AM,United States,ES_1065235_FAP-C02-F2_10012020100827_4620477
2366975,3M Company,Filtrete,FAP-C02WA-G2,FAP-C02WA-G2,,152,110,98,120,2.57,2.4,2.7906976744,0.3,239.3426666667,Fan and Filter,0,HEPA,,,,,,,,No,,No,,,10/01/2020 12:00:00 AM,10/07/2020 12:00:00 AM,"United States, Canada",ES_1065235_FAP-C02WA-G2_10012020100436_8320734
2367034,3M Company,Filtrete,FAPCA-C01BA-F1,FAPCA-C01BA-F1,,109,75,70,85,2.37,2.3,2.6898734177,0.3,178.6151304348,Fan and Filter,0,HEPA,,,,,,,,No,,No,,,10/01/2020 12:00:00 AM,10/08/2020 12:00:00 AM,"United States, Canada",ES_1065235_FAPCA-C01BA-F1_10012020101113_5738642
2366977,3M Company,Filtrete,FAPCA-C02BA-F2,FAPCA-C02BA-F2,,152,110,98,120,2.57,2.4,2.7906976744,0.3,239.3426666667,Fan and Filter,0,HEPA,,,,,,,,No,,No,,,10/01/2020 12:00:00 AM,10/07/2020 12:00:00 AM,"United States, Canada",ES_1065235_FAPCA-C02BA-F2_10012020100436_9852090
2358394,3M Company,Filtrete,FAP-SC02L,FAP-SC02L,",FAP-SC02N,; ,FAP-SC02W,",152,105,98,115,2.34,2.4,2.5669642857,1,241.3866666667,Fan and Filter,0,HEPA-Type,,,,,,,,Yes,Wi-Fi,Yes,,,04/01/2020 12:00:00 AM,04/22/2020 12:00:00 AM,"United States, Canada",ES_1065235_FAP-SC02L_04152020105318_4794275
2370946,Access Business Group,Atmosphere Sky,120539**,120539**,,465,300,300,300,6.19,7,6.160164271,1.4,254.3737142857,Fan and Filter,0,HEPA,,Pre-Filter,,Carbon,,,,Yes,,Yes,,,06/22/2017 12:00:00 AM,08/07/2017 12:00:00 AM,"United States, Canada",ES_1025068_120539**_06282017160801_651666
2368786,Airgle Corporation,Airgle,AG600,AG600,",AG600S,",321,203.6,206.8,209.3,3.9,3.9,3.9866666667,0.88,312.2393435897,Fan and Filter,1,cHEPA Filter,,Gas & Order Filter,,Titanium Pro,,,,No,,No,,,11/01/2015 12:00:00 AM,11/30/2015 12:00:00 AM,Canada,ES_1077309_AG600_11252015164618_4600488
2367856,Airgle Corporation,Airgle,AG900,AG900,",AG900S,",563,368,363,369,3.08,3,3.0571665286,0.9,709.268,,2,HEPA-Type,,Activated Carbon,,,,,,No,,No,,,08/23/2020 12:00:00 AM,10/21/2020 12:00:00 AM,United States,ES_1077309_AG900_10172020142949_3793603
2357376,Alen Corporation,Alen,Breathesmart 45i,Breathesmart 45i,,301,207.9,193.9,230.4,5.51,5.2,6.0631578947,1.1,220.9766153846,,0,HEPA,,,,,,,,No,,No,,,10/17/2018 12:00:00 AM,11/29/2018 12:00:00 AM,United States,ES_1059643_Breathesmart 45i_11162018140249_3634607
2369686,Alen Corporation,Alen,Breathesmart 75i,Breathesmart 75i,,512,335.3,330.5,403.4,7.95,7.9,9.6971153846,1.95,250.0129873418,"Ion Generator,Fan and Filter",1,HEPA,,,,,,,,Yes,,Yes,,,09/01/2018 12:00:00 AM,11/19/2020 12:00:00 AM,United States,ES_1059643_Breathesmart 75i_11122020214652_3664361
2374768,Alen Corporation,Alen,BreatheSmart FIT50,BreatheSmart FIT50,,338,208.3,217.8,217.7,3.33,3.5,3.4832,0.94,366.1596571429,Fan and Filter,1,HEPA,,,,,,,,No,,No,,,03/12/2021 12:00:00 AM,03/12/2021 12:00:00 AM,"United States, Canada",ES_1059643_Fit50_03112021191104_9401361
2360374,Alen Corporation,Alen,Flex,Flex,,296,208.8,191,245.4,5.22,4.7,6.0893300248,0.8,239.6636595745,Fan and Filter,0,HEPA,,,,,,,,No,,No,,,12/01/2016 12:00:00 AM,05/22/2020 12:00:00 AM,"United States, Canada",ES_1059643_Flex_05212020075807_1975366
2369691,Alen Corporation,Alen,T500,T500,,215,144.9,138.7,142.5,2.68,2.6,2.6437847866,0.8,313.8775384615,"Ion Generator,Fan and Filter",1,HEPA,,Activated Carbon,,,,,,No,,No,,,01/01/2013 12:00:00 AM,08/22/2013 12:00:00 AM,United States,ES_1059643_T500 9903_04162020092021_517389
2358834,Aroma International Limited,Whirlpool,WP500*,WP500*,,481,329,310,332,3.16,3,3.2233009709,0.8,605.8026666667,Fan and Filter,0,HEPA,,,,,,,,No,,No,,,01/20/2017 12:00:00 AM,01/23/2017 12:00:00 AM,"United States, Canada",ES_1138820_WP500*_01202017012444_4152337
2366105,Aroma International Limited,Whirlpool,WPPRO2000*,WPPRO2000*,,508,336,328,350,2.94,3,3.0728709394,0.81,640.8718666667,Fan and Filter,0,HEPA-Type,,,,,,,,No,,No,,,01/20/2017 12:00:00 AM,01/23/2017 12:00:00 AM,"United States, Canada",ES_1138820_WPPRO2000*_01202017021123_6342889
2358835,Aroma International Limited,Whirlpool,WPT60*,WPT60*,,119,86,77,86,2.6,2.33,2.5981873112,0.2,193.5797081545,Fan and Filter,0,HEPA,,,,,,,,No,,No,,,11/01/2017 12:00:00 AM,10/23/2017 12:00:00 AM,"United States, Canada",ES_1138820_WPT60*_10202017081944_7992212
2358837,Aroma International Limited,Whirlpool,WPT80*,WPT80*,,220,152,142,164,3.57,3.3,3.8317757009,0.4,252.464969697,Fan and Filter,0,HEPA,,,,,,,,No,,No,,,11/01/2017 12:00:00 AM,10/23/2017 12:00:00 AM,"United States, Canada",ES_1138820_WPT80*_10202017082548_6730310
2366436,Arovast Corporation,LEVOIT,Core 200S,Core 200S,",LAP-C201S-AUSR,",152,109,98,104,2.88,2.6,2.7154046997,0.93,222.8386769231,Fan and Filter,0,HEPA-Type,,,,,,,,Yes,,No,,,08/13/2020 12:00:00 AM,09/29/2020 12:00:00 AM,"United States, Canada",ES_1140786_Core 200S_09242020172845_921594
2353204,Arovast Corporation,LEVOIT,Core 300,Core 300,",Core 300-RAC,; ,Core P350,; ,Core P350-RAC,",217,141,140,145,3.07,2.9,3.152173913,0.1,282.2230344828,Fan and Filter,0,HEPA-Type,,,,,,,,No,,No,,,11/21/2019 12:00:00 AM,07/18/2019 12:00:00 AM,"United States, Canada",ES_1140786_Core 300_07172019164216_3766748
2372274,Arovast Corporation,LEVOIT,LV-H131S-RXW,LV-H131S-RXW,",LV-PUR131S,; ,LV-RH131S,",133,108,86,114,3.48,2.8,3.6774193548,1.8,184.6274285714,Fan and Filter,0,HEPA-Type,,Activated Carbon,,,,,,Yes,,No,,,01/19/2021 12:00:00 AM,01/20/2021 12:00:00 AM,"United States, Canada",ES_1140786_LV-H131S-RXW_01202021092428_3964197
2353203,Arovast Corporation,LEVOIT,LV-H133,LV-H133,",LV-H133-RBK,",442,274,285,287,5.59,5.7,5.8571428571,0.4,293.168,Fan and Filter,0,HEPA-Type,,,,,,,,No,,No,,,11/21/2019 12:00:00 AM,10/15/2019 12:00:00 AM,"United States, Canada",ES_1140786_LV-H133_10152019115007_5446588
2367371,Arovast Corporation,LEVOIT,LV-H134,LV-H134,,491,326,317,384,6.61,6.4,7.6953907816,0.45,290.5765,Fan and Filter,0,HEPA-Type,,,,,,,,No,,No,,,09/02/2020 12:00:00 AM,10/14/2020 12:00:00 AM,"United States, Canada",ES_1140786_LV-H134_09252020184808_8765375
2372444,Arovast Corporation,VESYNC,LV-H131S-RXW,LV-H131S-RXW,",LV-PUR131S,; ,LV-RH131S,",133,108,86,114,3.48,2.8,3.6774193548,1.8,184.6274285714,Fan and Filter,0,HEPA-Type,,Activated Carbon,,,,,,Yes,,No,,,01/19/2021 12:00:00 AM,01/22/2021 12:00:00 AM,"United States, Canada",ES_1140786_LV-H131S-RXW_01212021080920_3589746
2359730,Atitlan Enterprises LLC,HATHASPACE,HSP002,HSP002,,333,239.8,215,301,3.26,3,4.3123209169,0.52,420.0517333333,Fan and Filter,0,HEPA-Type,,,,,,,,No,,No,,,05/13/2020 12:00:00 AM,05/15/2020 12:00:00 AM,"United States, Canada",ES_1142225_HSP002_05132020092715_2394525
2371885,Blueair Inc.,BLUE,Pure 411,Pure 411,,163,120,105,120,12.5,10.6,12.5,0.4,59.0170566038,"Ion Generator,Fan and Filter",1,Pre-Filter,,Activated Carbon,,,,,,No,,No,,,05/01/2017 12:00:00 AM,09/28/2018 12:00:00 AM,"United States, Canada",ES_1022565_Pure 411_09172018130144_935022
2367280,Blueair Inc.,Blueair,3231101000,3231101000,,191,107,123,96,12.16,13.7,10.7865168539,0.23,53.1037167883,Fan and Filter,1,HEPA-Type,,,,,,,,No,,No,,,07/15/2020 12:00:00 AM,10/13/2020 12:00:00 AM,"United States, Canada",ES_1022565_3231101000_09172020151724_8054162
2366104,Blueair Inc.,Blueair,3431101000,3431101000,,388,252,250,244,7.78,8.4,7.5308641975,0.3,174.6855238095,Fan and Filter,1,HEPA-Type,,,,,,,,No,,No,,,07/27/2020 12:00:00 AM,09/22/2020 12:00:00 AM,"United States, Canada",ES_1022565_3431101000_09172020153906_8361474
2371212,Blueair Inc.,Blueair,3631101000,3631101000,,547,347,353,380,9.56,9.9,10.4972375691,0.33,209.1979434343,Fan and Filter,1,HEPA,,,,,,,,No,,No,,,03/01/2021 12:00:00 AM,12/22/2020 12:00:00 AM,"United States, Canada",ES_1022565_3631101000_12222020095706_7944452
2358832,Blueair Inc.,Blueair,405,405,",480i,; ,490i,",420,266.8,271.2,329.3,3.01,3.1,3.7293318233,0.9,513.5338064516,,16,HEPA,,,,,,,,Yes,Wi-Fi,No,,,05/01/2016 12:00:00 AM,02/25/2016 12:00:00 AM,"United States, Canada","ES_1022565_405, 480i_02222016110026_1787073"
2372256,Blueair Inc.,Blueair,503,503,,581,375,375,375,3.3,3.5,3.2865907099,0.01,625.7434857143,Fan and Filter,1,HEPA,,Activated Carbon,,,,,,No,,No,,,07/13/2009 12:00:00 AM,01/19/2021 12:00:00 AM,United States,ES_1022565_503_01182021115249_8483392
2358795,Blueair Inc.,Blueair,505,505,",580i,; ,590i,",698,400,450,450,3.89,4.6,4.3646944714,0.9,573.9323478261,Fan and Filter,0,HEPA,,,,,,,,Yes,,Yes,,,01/31/2016 12:00:00 AM,12/23/2015 12:00:00 AM,"United States, Canada",ES_1022565_505_12142015120047_7569085
2372036,Blueair Inc.,Blueair,52311110000,52311110000,",5231112000,",237,153,153,172,7.32,7.6,8.2296650718,1,120.4884210526,Fan and Filter,1,HEPA-Type,,HEPA-Type,,,,,,Yes,,No,,,09/22/2020 12:00:00 AM,01/15/2021 12:00:00 AM,"United States, Canada",ES_1022565_52311110000_01142021115713_7650415
2370096,Blueair Inc.,Blueair,5431111000,5431111000,",5431112000,",378,266,244,265,6.54,6,6.4950980392,0.91,240.1505333333,Fan and Filter,2,HEPA-Type,,HEPA-Type,,,,,,Yes,,Yes,,,09/27/2020 12:00:00 AM,11/20/2020 12:00:00 AM,"United States, Canada",ES_1022565_5431111000_11192020135512_6806451
2371915,Blueair Inc.,Blueair,550E,550E,,581,375,375,375,3.3,3.6,3.295254833,0.2,608.9173333333,Fan and Filter,0,HEPASelient,,Particle Filter,,Smokestop,,,,No,,No,,,09/01/2014 12:00:00 AM,10/24/2014 12:00:00 AM,"United States, Canada",ES_1022565_550E_09182014135057_8600732
2358796,Blueair Inc.,Blueair,605,605,",680i,; ,690i,",698,400,450,450,3.91,5.2,4.3816942551,0.8,507.7206153846,,1,HEPA,,,,,,,,Yes,Wi-Fi,No,,,01/31/2016 12:00:00 AM,12/23/2015 12:00:00 AM,"United States, Canada",ES_1022565_605_12142015122935_7931939
2369562,Blueair Inc.,Blueair,7411371000,7411371000,",7412371000,; ,7413352000,",419,275,270,280,5.77,5.5,5.8823529412,1.3,290.4869090909,Fan and Filter,2,HEPA-Type,,Activated Carbon,,,,,,Yes,,No,,,08/23/2020 12:00:00 AM,11/13/2020 12:00:00 AM,United States,ES_1022565_7411371000_11112020172507_554315
2369666,Blueair Inc.,Blueair,7711371000,7711371000,",7712371000,; ,7713352000,",679,400,438,450,5.27,5.8,5.8670143416,1.2,444.5246896552,Fan and Filter,1,HEPA-Type,,HEPA-Type,,,,,,Yes,,Yes,,,09/14/2020 12:00:00 AM,11/18/2020 12:00:00 AM,"United States, Canada",ES_1022565_7711371000_11052020120556_3459283
2371919,Blueair Inc.,Blueair,Joy S,Joy S,,184,121,119,131,12.87,12.4,13.9361702128,0.4,57.2131612903,Fan and Filter,1,Pre-Filter,,Particle Filter,,Carbon Filter,,Sandwhich Filter,,No,,No,,,08/01/2018 12:00:00 AM,08/28/2018 12:00:00 AM,"United States, Canada",ES_1022565_Joy S_08272018160647_4186517
2371917,Blueair Inc.,Blueair,Pro L,Pro L,,698,400,450,450,2.34,3.2,2.6392961877,0.1,821.542,"Ion Generator,Fan and Filter",1,HEPA,,Activated Carbon,,,,,,No,,No,,,01/10/2014 12:00:00 AM,08/12/2014 12:00:00 AM,"United States, Canada",ES_1022565_Pro L_07152014180759_7162134
2371918,Blueair Inc.,Blueair,Pro M,Pro M,,388,285,250,350,3.27,2.8,4.004576659,0.1,521.7205714286,"Ion Generator,Fan and Filter",1,Particle Filter,,SmokeStop,,Carbon Filter,,,,No,,No,,,01/10/2014 12:00:00 AM,08/12/2014 12:00:00 AM,"United States, Canada",ES_1022565_Pro M_07152014173637_9170343
2367921,Blueair Inc.,Blueair,Pro XL,Pro XL,,698,400,450,450,1.57,3.2,1.7702596381,0.1,821.542,"Ion Generator,Fan and Filter",1,Particle Filter,,SmokeStop Filter,,Carbon+Filter,,,,No,,No,,,07/01/2014 12:00:00 AM,06/26/2014 12:00:00 AM,"United States, Canada",ES_1022565_Pro XL_05122014121930_9542657
2372302,Blueair Inc.,Blueair,Pure 121,Pure 121,,620,400,400,400,6.67,6.7,6.600660066,0.2,349.2407164179,"Ion Generator,Fan and Filter",1,Particle,,Activated Carbon,,,,,,No,,No,,,10/27/2016 12:00:00 AM,02/09/2017 12:00:00 AM,"United States, Canada",ES_1022565_Pure 121_02022017093757_7762719
2371884,Blueair Inc.,Blueair,Pure 211,Pure 211,,543,350,350,350,5.83,6,5.8626465662,0.2,341.2506666667,"Ion Generator,Fan and Filter",1,Pre-Filter,,Particle Filter,,Activated Carbon,,,,No,,No,,,10/27/2016 12:00:00 AM,02/09/2017 12:00:00 AM,"United States, Canada",ES_1022565_Pure 211_02022017100532_6652948
2371883,Blueair Inc.,Blueair,Pure 221,Pure 221,",Pure 211+,; ,Pure 231,",543,350,350,350,5.78,6,5.8043117745,0.2,341.2506666667,"Ion Generator,Fan and Filter",1,Particle,,Activated Carbon,,,,,,No,,No,,,10/27/2016 12:00:00 AM,02/27/2017 12:00:00 AM,"United States, Canada",ES_1022565_Pure 221_02022017144840_8836328
2371920,Blueair Inc.,Blueair,S1,S1,,155,100,100,100,3.57,3.4,3.5714285714,0.1,172.0567058824,"Ion Generator,Fan and Filter",0,HEPA,,Activated Carbon,,,,,,No,,No,,,01/01/2012 12:00:00 AM,10/12/2012 12:00:00 AM,United States,ES_1022565_S1_01112021211003_828973
2358794,Blueair Inc.,Blueair,Sense+,Sense+,,189,136.8,122,155.4,2.96,2.6,3.3636363636,0.64,275.8995692308,,12,HEPA,,,,,,,,Yes,Wi-Fi,No,,,06/15/2015 12:00:00 AM,04/27/2015 12:00:00 AM,"United States, Canada",ES_1022565_Sense+_04132015084710_6739007
2372304,Blueair Inc.,LUX,LACH-2 Hera,LACH-2 Hera,",LACS-1 Aura,",698,400,450,450,3.5,4.1,3.937007874,0.06,641.1508097561,"Ion Generator,Fan and Filter",1,Particle,,,,,,,,No,,No,,,07/15/2013 12:00:00 AM,12/19/2017 12:00:00 AM,United States,ES_1022565_LACH-2 Hera_01202021081746_1512719
2370972,BONECO AG,Boneco,AP200,AP200,,213,156.1,137.4,197.1,2.91,2.6,3.6567717996,0,308.6215384615,Fan and Filter,0,HEPA,,,,,,,,No,,No,,,11/01/2012 12:00:00 AM,11/08/2013 12:00:00 AM,United States,ES_1130127_AP200_12172020090443_4980127
2370973,BONECO AG,Boneco,TPP440,TPP440,,230,140.8,148.5,158,2.59,2.7,2.8519855596,0.4,322.368,"Ion Generator,Fan and Filter",0,HEPA,,UV Filter,,,,,,No,,No,,,09/01/2011 12:00:00 AM,01/30/2015 12:00:00 AM,United States,ES_1130127_TPP440_12172020090828_2547418
2370971,BONECO AG,Boneco,TPP540,TPP540,,198,136.2,127.5,137.6,2.58,2.4,2.6110056926,0.3,311.126,Fan and Filter,0,HEPA,,,,,,,,No,,No,,,01/01/2012 12:00:00 AM,08/15/2012 12:00:00 AM,United States,ES_1130127_TPP540_12172020090624_1912805
2372905,BONECO AG,"Envion,Ionic Elite",TA740,TA740,,165,88.5,106.3,72.8,11.06,13.3,8.987654321,0.42,47.9024902256,"Ion Generator,Fan with Electrostatic Plates",2,Pre-Filter,,"Permanent 
Ionic Filter",,,,,,No,,No,,,05/28/2015 12:00:00 AM,01/29/2021 12:00:00 AM,United States,ES_1130127_TA740_01282021214740_3210718
2372904,BONECO AG,"Envion,Ionic Elite",TA750,TA750,,147,87.7,94.8,91.4,9.64,10.3,9.9347826087,0.43,55.0062796117,"Ion Generator,Fan with Electrostatic Plates",2,Pre-Filter,,"Permanent 
Ionic Filter",,,,,,No,,No,,,05/28/2015 12:00:00 AM,05/28/2015 12:00:00 AM,United States,ES_1130127_TA750_01292021091232_8461572
2370955,Kaz Incorporated,Febreze,FHT170,FHT170,,85,68,55,65,2.06,2,1.9673123487,0,160.6,Fan and Filter,0,HEPA-Type,,,,,,,,No,,No,,,10/30/2020 12:00:00 AM,12/16/2020 12:00:00 AM,United States,ES_1026671_FHT170_12152020214332_5380365
2370975,Kaz Incorporated,Febreze,FHT180,FHT180,",FHT180V,; ,FHT180W,",85,79,55,73,2.54,2.2,2.3434991974,0.01,146.0292,Fan and Filter,0,HEPA-Type,,,,,,,,No,,No,,,10/29/2020 12:00:00 AM,12/17/2020 12:00:00 AM,United States,ES_1026671_FHT180_12172020104134_4327661
2372041,Kaz Incorporated,Honeywell,HFD-120-Q,HFD-120-Q,",HFD120QC,; ,HFD122C,; ,HFD140BC,; ,HFD140BWM,; ,HFD230B,; ,HFD230BTG,",171,100,110,132,2.87,3.9,3.7931034483,0.6,166.4699487179,Fan and Filter,0,Permanent Washable,,,,,,,,No,,No,,,01/13/2020 12:00:00 AM,01/15/2021 12:00:00 AM,"United States, Canada",ES_1026671_HFD-120-Q_01132021222605_9515649
2372042,Kaz Incorporated,Honeywell,HFD230B,HFD230B,",HFD230BTG,",171,100,110,132,2.92,4.3,3.8483965015,0.6,151.1473488372,Fan and Filter,0,Permanent Washable,,,,,,,,No,,No,,,01/14/2021 12:00:00 AM,01/15/2021 12:00:00 AM,United States,ES_1026671_HFD230B_01142021184414_3342553
2372035,Kaz Incorporated,Honeywell,HFD280B,HFD280B,",HFD280BTG,",152,95,98,84,7.09,8.6,6.2222222222,0.6,68.3008372093,Fan and Filter,0,Permanent Washable,,,,,,,,No,,No,,,01/13/2021 12:00:00 AM,01/15/2021 12:00:00 AM,United States,ES_1026671_HFD280B_01142021194408_658685
2372034,Kaz Incorporated,Honeywell,HFD300,HFD300,",HFD303C,",226,150,146,160,4.08,4.4,4.347826087,0.5,195.2418181818,Fan and Filter,0,Permanent Washable,,,,,,,,No,,No,,,01/13/2021 12:00:00 AM,01/15/2021 12:00:00 AM,United States,ES_1026671_HFD300_01132021225534_7075616
2371983,Kaz Incorporated,Honeywell,HFD310,HFD310,",HFD310BWM,; ,HFD310C,",250,160,161,170,4.22,5.4,4.4854881266,0.2,174.7025185185,"Ion Generator,Fan and Filter",0,Permanent Washable,,,,,,,,No,,No,,,01/13/2021 12:00:00 AM,01/14/2021 12:00:00 AM,"United States, Canada",ES_1026671_HFD310_01132021014012_6661645
2371987,Kaz Incorporated,Honeywell,HFD320,HFD320,",HFD322C,; ,HFD323-TGT,; ,HFD323C,",250,160,161,170,4.18,5.1,4.4386422977,0.2,184.9447843137,"Ion Generator,Fan and Filter",0,Permanent Washable,,,,,,,,No,,No,,,01/11/2021 12:00:00 AM,01/14/2021 12:00:00 AM,"United States, Canada",ES_1026671_HFD320B_01132021002147_8310663
2371982,Kaz Incorporated,Honeywell,HFD360B,HFD360B,",HFD360BC,",262,166,169,149,4.06,4.2,3.6430317848,0.2,235.5744761905,"Ion Generator,Fan and Filter",0,HEPA,,,,,,,,No,,No,,,01/11/2021 12:00:00 AM,01/14/2021 12:00:00 AM,"United States, Canada",ES_1026671_HFD360B_01122021223634_7780572
2370956,Kaz Incorporated,Honeywell,"HHT270W, HHT270WHD","HHT270W, HHT270WHD",,85,68,55,65,2.06,2,1.9673123487,0,160.6,Fan and Filter,0,HEPA-Type,,,,,,,,No,,No,,,10/30/2020 12:00:00 AM,12/16/2020 12:00:00 AM,United States,"ES_1026671_HHT270W, HHT270WHD_12152020215454_968897"
2371985,Kaz Incorporated,Honeywell,HPA020B,HPA020B,,82,63,53,53,2,2,1.6772151899,0,154.76,Fan and Filter,0,HEPA,,,,,,,,No,,No,,,01/11/2020 12:00:00 AM,01/14/2021 12:00:00 AM,United States,ES_1026671_HPA020B_01122021215130_8888513
2371986,Kaz Incorporated,Honeywell,HPA030B,HPA030B,,171,124,110,117,2.2,2.6,2.0660427335,0.3,247.9529230769,Fan and Filter,0,HEPA,,,,,,,,No,,No,,,01/11/2021 12:00:00 AM,01/14/2021 12:00:00 AM,United States,ES_1026671_HPA030B_01122021195629_2471124
2370951,Kaz Incorporated,Honeywell,HPA060,HPA060,,74,61,48,75,1.05,2.3,0.904159132,0.5,123.3382608696,Fan and Filter,0,HEPA,,,,,,,,No,,No,,,10/29/2020 12:00:00 AM,12/16/2020 12:00:00 AM,United States,ES_1026671_HPA060_12152020202939_6433374
2368696,Kaz Incorporated,Honeywell,HPA100,HPA100,",HPA094,; ,HPA094WMP,; ,HPA100C,; ,HPA101-TGT,; ,HPA104,; ,HPA104C,; ,HPA104WMP,; ,HPA105-TGT,; ,HPA106WHD,; ,HPAA-100APTW,",155,106,100,100,2.66,2.8,2.5188916877,0.1,208.8634285714,Fan and Filter,0,HEPA,,Activated Carbon,,,,,,No,,No,,,10/01/2020 12:00:00 AM,10/27/2020 12:00:00 AM,"United States, Canada",ES_1026671_HPA100_10232020075701_9057886
2370974,Kaz Incorporated,Honeywell,HPA160,HPA160,,171,120,110,130,2.8,3.1,3.0373831776,0.1,207.5178064516,Fan and Filter,0,HEPA,,,,,,,,No,,No,,,10/29/2020 12:00:00 AM,12/17/2020 12:00:00 AM,United States,ES_1026671_HPA160_12152020204612_3870965
2367092,Kaz Incorporated,Honeywell,HPA200 Series,HPA200 Series,,310,190,200,180,2.91,3.1,2.7649769585,0.07,376.9785935484,Fan and Filter,0,HEPA,,Pre Filter,,,,,,No,,No,,,09/01/2020 12:00:00 AM,10/09/2020 12:00:00 AM,"United States, Canada",ES_1026671_HPA200 Series_10082020095413_1384393
2368694,Kaz Incorporated,Honeywell,HPA250B Series,HPA250B Series,,310,190,200,180,2.94,3.1,2.7777777778,0.5,378.2341935484,Fan and Filter,0,HEPA,,Pre-filter,,,,,,Yes,Bluetooth,Yes,,,10/12/2020 12:00:00 AM,10/27/2020 12:00:00 AM,"United States, Canada",ES_1026671_HPA250B Series_10202020100649_2001611
2367114,Kaz Incorporated,Honeywell,HPA300 Seiries,HPA300 Seiries,,465,320,300,300,3.22,3.3,3.0150753769,0.08,531.1426909091,Fan and Filter,0,HEPA,,Pre Filter,,,,,,No,,No,,,09/01/2020 12:00:00 AM,10/09/2020 12:00:00 AM,"United States, Canada",ES_1026671_HPA300 Seiries_10082020135502_260736
2370846,Kaz Incorporated,Honeywell,HPA3100B,HPA3100B,,200,138,129,145,2.66,2.5,2.7938342967,0.2,301.928,Fan and Filter,0,HEPA,,,,,,,,No,,No,,,06/01/2020 12:00:00 AM,12/11/2020 12:00:00 AM,United States,ES_1026671_HPA3100B_12112020151436_7756311
2370847,Kaz Incorporated,Honeywell,HPA3200B,HPA3200B,,369,242,238,260,3.06,2.9,3.2911392405,0.2,479.8667586207,Fan and Filter,0,HEPA,,,,,,,,No,,No,,,06/01/2020 12:00:00 AM,12/11/2020 12:00:00 AM,United States,ES_1026671_HPA3200B_12112020151541_1709710
2370848,Kaz Incorporated,Honeywell,HPA3300B,HPA3300B,,530,339,342,335,3.09,3.1,3.0621572212,0.2,644.8678709677,Fan and Filter,0,HEPA,,,,,,,,No,,No,,,06/01/2020 12:00:00 AM,12/11/2020 12:00:00 AM,United States,ES_1026671_HPA3300B_12112020151650_1688959
2364643,Kaz Incorporated,Honeywell,HPA5100*******,HPA5100*******,,177,140,114,140,2.69,2.6,2.6923076923,0.2,256.6455384615,Fan and Filter,0,HEPA,,Activated Carbon,,,,,,No,,No,,,06/01/2020 12:00:00 AM,08/14/2020 12:00:00 AM,"United States, Canada",ES_1026671_HPA5100*******_08112020142919_9411126
2364642,Kaz Incorporated,Honeywell,HPA5200*******,HPA5200*******,,350,243,226,260,3.05,3,3.2622333752,0.2,440.5306666667,Fan and Filter,0,HEPA,,HEPA,,Activated Carbon,,,,No,,No,,,06/01/2020 12:00:00 AM,08/14/2020 12:00:00 AM,"United States, Canada",ES_1026671_HPA5200*******_08112020141833_6614801
2364636,Kaz Incorporated,Honeywell,HPA5220*******,HPA5220*******,,350,240,226,260,3.07,3,3.3205619413,0.2,440.5306666667,Fan and Filter,0,HEPA,,HEPA,,Activated Carbon,,,,No,,No,,,06/01/2020 12:00:00 AM,08/14/2020 12:00:00 AM,"United States, Canada",ES_1026671_HPA5220*******_08112020133525_1590539
2364641,Kaz Incorporated,Honeywell,HPA5300*******,HPA5300*******,,501,339,323,335,3.11,3,3.0762167126,0.2,629.3573333333,Fan and Filter,0,HEPA,,HEPA,,HEPA,,Activated Carbon,,No,,No,,,06/01/2020 12:00:00 AM,08/14/2020 12:00:00 AM,"United States, Canada",ES_1026671_HPA5300*******_08122020073248_5486871
2371984,Kaz Incorporated,Honeywell,HPA600B,HPA600B,",HPA600BTW,",326,184,210,205,4.18,5.4,4.6327683616,0.8,229.4471111111,Fan and Filter,0,HEPA,,,,,,,,No,,No,,,01/11/2021 12:00:00 AM,01/14/2021 12:00:00 AM,United States,ES_1026671_HPA600B_01122021191718_5223047
2368695,Kaz Incorporated,Honeywell,HPA8350B Series,HPA8350B Series,,465,320,300,300,3.09,3.3,2.9013539652,0.5,532.3690909091,Fan and Filter,0,HEPA,,Pre-Filter,,,,,,Yes,Bluetooth,Yes,,,10/01/2020 12:00:00 AM,10/27/2020 12:00:00 AM,"United States, Canada",ES_1026671_HPA8350B_10222020092340_1577875
2374938,BONECO AG,Therapure,TPP240,TPP240,",TPP240B,",255,155.1,164.7,153.4,2.83,3,2.7941712204,0.37,321.6964,"Ion Generator,Fan and Filter",1,HEPA-Type,,,,,,,,No,,No,,,03/16/2021 12:00:00 AM,03/18/2021 12:00:00 AM,United States,ES_1130127_TPP240_03172021160340_3454706
2373803,BONECO AG,Therapure,TPP630,TPP630,,210,147.3,135.7,158.8,2.69,2.5,2.9031078611,0.01,317.0244,"Other,Fan and Filter",1,HEPA,,Pre-Filter,,,,,,No,,No,,,12/15/2019 12:00:00 AM,02/09/2021 12:00:00 AM,United States,ES_1130127_TPP630_01282021220239_5560266
2374290,Canadian Tire,Noma,043-0741-4,043-0741-4,",CTI0430741,",194,133,125,132,5.68,5.6,5.8928571429,1.56,134.9123428571,Fan and Filter,1,HEPA-Type,,,,,,,,Yes,,No,,,12/01/2020 12:00:00 AM,02/24/2021 12:00:00 AM,"United States, Canada",ES_1025242_043-0741-4_02232021202104_3631097
2373612,Canadian Tire,Noma,043-0742-2,043-0742-2,",CTI0430742,",288,175,186,193,4.34,4.4,4.812967581,1.85,252.2747272727,Fan and Filter,1,HEPA-Type,,,,,,,,Yes,,No,,,11/16/2020 12:00:00 AM,02/08/2021 12:00:00 AM,"United States, Canada",ES_1025242_043-0742-2_02052021133040_3135339
2361519,Canadian Tire,Noma,043-7339-2,043-7339-2,",CTI0437339,",109,50,70,50,5.43,7.8,5.2631578947,0.3,53.2862564103,"Ion Generator,Fan and Filter",1,HEPA-Type,,,,,,,,No,,No,,,04/03/2019 12:00:00 AM,06/24/2019 12:00:00 AM,"United States, Canada",ES_1025242_043-7339-2_06172019110404_4155694
2361518,Canadian Tire,Noma,043-7340-6,043-7340-6,",CTI0437340,",202,126,130,136,5.73,5.6,6.1818181818,0.6,137.3234285714,"Ion Generator,Fan and Filter",1,HEPA-Type,,,,,,,,No,,No,,,05/25/2019 12:00:00 AM,06/24/2019 12:00:00 AM,"United States, Canada",ES_1025242_043-7340-6;CTI0437340_06172019111158_4612848
2361520,Canadian Tire,Noma,043-7341-4,043-7341-4,",CTI0437341,",296,187,191,202,5.67,5.7,5.9411764706,0.6,197.4432280702,"Ion Generator,Fan and Filter",1,HEPA-Type,,,,,,,,No,,No,,,05/15/2020 12:00:00 AM,06/24/2019 12:00:00 AM,"United States, Canada",ES_1025242_043-7341-4;CTI0437341_06182019145025_8102228
2367855,"CleanForce Environmental protection technology Co., LTD",CleanForce,MEGA1000,MEGA1000,,698,400,450,450,3.97,4.4,4.4598612488,0.53,598.8203272727,Fan and Filter,0,HEPA-Type,,HEPA-Type,,,,,,No,,No,,,07/30/2020 12:00:00 AM,10/21/2020 12:00:00 AM,"United States, Canada",ES_1145332_MEGA1000_10172020150243_2931482
2361160,"Dyson, Inc.",Dyson,DP04,DP04,,126,90.5,81.5,113.9,2.75,2.5,3.4725609756,1.87,195.8444,Fan and Filter,0,HEPA-Type,,,,,,,,Yes,Wi-Fi,No,,,04/03/2018 12:00:00 AM,06/02/2020 12:00:00 AM,"United States, Canada",ES_1144828_DP04_05222020095836_62066
2361159,"Dyson, Inc.",Dyson,TP04,TP04,,125,89.8,80.7,95.9,2.69,2.4,2.8626865672,1.87,201.8304,Fan and Filter,0,HEPA-Type,,,,,,,,Yes,Wi-Fi,No,,,04/03/2018 12:00:00 AM,06/02/2020 12:00:00 AM,"United States, Canada",ES_1144828_TP04_05222020084625_3523523
2361251,"Dyson, Inc.",Dyson,TP06,TP06,,127,92,82.1,101.4,2.71,2.4,3,0.64,201.6454666667,Fan and Filter,0,HEPA-Type,,,,,,,,Yes,Wi-Fi,No,,,10/01/2019 12:00:00 AM,06/03/2020 12:00:00 AM,"United States, Canada",ES_1144828_TP06_05222020084759_7979699
2372488,"FKA Distributing Co., LLC DBA HoMedics, LLC",HOMEDICS,AP-DT10**,AP-DT10**,,129,67.1,83.2,60.3,1.99,2.5,1.7787610619,0.2,194.9392,"Ion Generator,Fan and Filter",1,HEPA,,Activated Carbon,,,,,,No,,No,,,10/01/2018 12:00:00 AM,08/28/2018 12:00:00 AM,United States,ES_1102514_AP-DT**_08132018110740_727350
2365951,"FKA Distributing Co., LLC DBA HoMedics, LLC",HOMEDICS,AP-PET35-WT,AP-PET35-WT,,267,168.5,172.1,177.9,3.16,3.2,3.3502824859,0.8,316.4185,"Other,Ion Generator,Fan and Filter",1,HEPA,,,,,,,,No,,No,,,11/01/2020 12:00:00 AM,09/18/2020 12:00:00 AM,"United States, Canada",ES_1102514_AP-PET35-WT_09142020123910_8861352
2372487,"FKA Distributing Co., LLC DBA HoMedics, LLC",HOMEDICS,AP-T20,AP-T20,",AP-T20WT,",171,93,110.4,91.9,2.91,3.5,2.8629283489,0.5,185.6702857143,"Ion Generator,Fan and Filter",1,HEPA,,Activated Carbon,,,,,,No,,No,,,10/01/2018 12:00:00 AM,09/28/2018 12:00:00 AM,United States,ES_1102514_AP-T20_09252018154147_7428399
2372486,"FKA Distributing Co., LLC DBA HoMedics, LLC",HOMEDICS,AP-T30,AP-T30,",AP-T30WT,",277,180.5,178.6,193.2,3.02,3,3.1986754967,0.8,350.0106666667,"Ion Generator,Fan and Filter",2,HEPA,,Activated Carbon,,,,,,No,,No,,,12/01/2018 12:00:00 AM,05/30/2019 12:00:00 AM,"United States, Canada","ES_1102514_AP-T30,AP-T30WT_12192018003511_5426446"
2372485,"FKA Distributing Co., LLC DBA HoMedics, LLC",HOMEDICS,AP-T40,AP-T40,",AP-T40-CA,; ,AP-T40WT,; ,AP-T40WT-CA,",341,211.4,220,217.9,3.68,3.7,3.8228070175,0.7,349.2872432432,"Ion Generator,Fan and Filter",1,HEPA,,Activated Carbon,,,,,,No,,No,,,11/01/2018 12:00:00 AM,10/01/2018 12:00:00 AM,"United States, Canada",ES_1102514_AP-T40_09282018153959_5963556
2365888,"FKA Distributing Co., LLC DBA HoMedics, LLC",HOMEDICS,AP-T45-WT,AP-T45-WT,,343,215.1,221.3,223.8,3.75,3.9,3.8989547038,0.8,333.7185641026,"Other,Ion Generator,Fan and Filter",1,HEPA,,Activated Carbon,,,,,,No,,No,,,11/10/2020 12:00:00 AM,09/16/2020 12:00:00 AM,United States,ES_1102514_AP-T45-WT_09102020091732_4050409
2367455,"GD Midea Environment Appliances MFG Co., Ltd.",Brio KOBI,LAPCAFW36US,LAPCAFW36US,,222,145,143,228,2.59,2.5,4.0714285714,0.15,334.486,Fan and Filter,0,HEPA-Type,,,,,,,,No,,No,,,08/31/2020 12:00:00 AM,07/20/2018 12:00:00 AM,"United States, Canada",ES_1075309_LAPCAFW36US_09242020154341_423661
2373533,"GD Midea Environment Appliances MFG Co., Ltd.",Danby,DAP143BAB-UV,DAP143BAB-UV,",DAP143BAW-UV,",222,145,143,228,2.59,2.5,4.0714285714,0.15,334.486,Fan and Filter,0,HEPA-Type,,,,,,,,No,,No,,,01/29/2021 12:00:00 AM,07/20/2018 12:00:00 AM,"United States, Canada",ES_1075309_DAP143BAB-UV_02032021160231_6813012
2373374,"GD Midea Environment Appliances MFG Co., Ltd.",Danby,DAP290BAW,DAP290BAW,,450,265,290,280,7.16,8.2,7.5675675676,0.9,209.1645853659,Fan and Filter,0,HEPA-Type,,,,,,,,No,,No,,,01/29/2021 12:00:00 AM,02/28/2020 12:00:00 AM,"United States, Canada",ES_1075309_DAP290BAW_02032021165745_8428308
2367451,"GD Midea Environment Appliances MFG Co., Ltd.",Eureka,NEA120,NEA120,,222,145,143,228,2.59,2.5,4.0714285714,0.15,334.486,Fan and Filter,0,HEPA-Type,,,,,,,,No,,No,,,06/28/2018 12:00:00 AM,07/20/2018 12:00:00 AM,"United States, Canada",ES_1075309_NEA20_06302018100551_5397913
2373373,"GD Midea Environment Appliances MFG Co., Ltd.",LAGO,LAPKJ500GTB32,LAPKJ500GTB32,,450,265,290,280,7.16,8.2,7.5675675676,0.9,209.1645853659,Fan and Filter,0,HEPA-Type,,,,,,,,No,,No,,,01/29/2021 12:00:00 AM,02/28/2020 12:00:00 AM,"United States, Canada",ES_1075309_LAPKJ500GTB32_02032021165702_2649804
2367450,"GD Midea Environment Appliances MFG Co., Ltd.",Midea,CAF-W36US,CAF-W36US,,222,145,143,228,2.59,2.5,4.0714285714,0.15,334.486,Fan and Filter,0,HEPA-Type,,,,,,,,No,,No,,,06/28/2018 12:00:00 AM,07/20/2018 12:00:00 AM,"United States, Canada",ES_1075309_CAF-W36US_06302018100550_5384485
2367447,"GD Midea Environment Appliances MFG Co., Ltd.",Midea,KJ350G-S1,KJ350G-S1,",TT-AP003,",322,210,208,226,6.18,6,6.6470588235,0.45,203.7673333333,Fan and Filter,0,HEPA-Type,,,,,,,,No,,No,,,08/21/2020 12:00:00 AM,10/15/2020 12:00:00 AM,United States,ES_1075309_KJ350G-S1_10142020100509_9494745
2355327,"GD Midea Environment Appliances MFG Co., Ltd.",Midea,US-KJ500G-TB32,US-KJ500G-TB32,,450,265,290,280,7.16,8.2,7.5675675676,0.9,209.1645853659,Fan and Filter,0,HEPA-Type,,,,,,,,No,,No,,,02/24/2020 12:00:00 AM,02/28/2020 12:00:00 AM,"United States, Canada",ES_1075309_US-KJ500G-TB32_02212020145122_7606317
2360846,"GD Midea Environment Appliances MFG Co., Ltd.",Midea;TOSHIBA,CAF-W36USW,CAF-W36USW,,215,151.9,138.6,201.5,2.77,2.5,3.6636363636,0.83,326.1932,Fan and Filter,1,HEPA-Type,,,,,,,,Yes,Wi-Fi,No,,,05/14/2020 12:00:00 AM,05/27/2020 12:00:00 AM,"United States, Canada",ES_1075309_CAF-W36USW_05142020103447_1825830
2367453,"GD Midea Environment Appliances MFG Co., Ltd.",NOSTALGIA,HCAPTPBC31FUVBK,HCAPTPBC31FUVBK,,222,145,143,228,2.59,2.5,4.0714285714,0.15,334.486,Fan and Filter,0,HEPA-Type,,,,,,,,No,,No,,,08/31/2020 12:00:00 AM,07/20/2018 12:00:00 AM,"United States, Canada",ES_1075309_HCAPTPBC31FUVBK_09242020154341_414698
2367452,"GD Midea Environment Appliances MFG Co., Ltd.",Perfect aire,1PAPUV27,1PAPUV27,,222,145,143,228,2.59,2.5,4.0714285714,0.15,334.486,Fan and Filter,0,HEPA-Type,,,,,,,,No,,No,,,08/31/2020 12:00:00 AM,07/20/2018 12:00:00 AM,"United States, Canada",ES_1075309_1PAPUV27_09242020154341_9744836
2367454,"GD Midea Environment Appliances MFG Co., Ltd.",Senville,SENAP-W36US,SENAP-W36US,,222,145,143,228,2.59,2.5,4.0714285714,0.15,334.486,Fan and Filter,0,HEPA-Type,,,,,,,,No,,No,,,08/31/2020 12:00:00 AM,07/20/2018 12:00:00 AM,"United States, Canada",ES_1075309_SENAP-W36US_09242020154341_7880807
2372825,Gree Electric Appliances Inc. of Zhuhai,GREE,GCF100AANA,GCF100AANA,,152,110,98,114,4.82,4.2,5.1121076233,0.29,137.1134666667,Fan and Filter,0,HEPA-Type,,,,,,,,No,,No,,,01/09/2021 12:00:00 AM,01/29/2021 12:00:00 AM,"United States, Canada",ES_1105164_GCF100AANA_01262021150429_4732019
2367596,Gree Electric Appliances Inc. of Zhuhai,GREE,GCF200AANA,GCF200AANA,,310,200,200,200,3.42,3.5,3.4188034188,0.63,335.5538857143,Fan and Filter,0,HEPA-Type,,,,,,,,No,,No,,,12/16/2019 12:00:00 AM,02/17/2020 12:00:00 AM,"United States, Canada",ES_1105164_GCF200AANA_02142020085302_8736993
2372832,Gree Electric Appliances Inc. of Zhuhai,GREE,GCF200BANA,GCF200BANA,,322,213,208,233,3.55,3.5,3.8833333333,0.64,348.9316571429,Fan and Filter,0,HEPA-Type,,,,,,,,No,,No,,,11/11/2020 12:00:00 AM,01/29/2021 12:00:00 AM,"United States, Canada",ES_1105164_GCF200BANA_01262021134853_6562158
2369460,Gree Electric Appliances Inc. of Zhuhai,TOSOT,KJ350G,KJ350G,,310,200,200,200,3.42,3.5,3.4188034188,0.63,335.5538857143,Fan and Filter,0,HEPA-Type,,,,,,,,No,,No,,,11/03/2020 12:00:00 AM,02/17/2020 12:00:00 AM,"United States, Canada",ES_1105164_KJ350G_11032020114459_692712
2359371,Groupe SEB USA,ROWENTA,PU3080,PU3080,,313,207,202,220,4.14,4.1,4.4,1.84,293.0996292683,Fan and Filter,0,HEPA-Type,,,,,,,,Yes,Wi-Fi,Yes,,,03/27/2020 12:00:00 AM,05/05/2020 12:00:00 AM,United States,ES_1108358_PU3080_04242020082600_6113550
2372046,"Guardian Technologies, LLC",GermGuardian,AC4200******,AC4200******,,105,76,68,77,2.9,2.6,2.9501915709,0.2,153.3224615385,Fan and Filter,0,HEPA,,Activated Carbon,,,,,,No,,No,,,06/10/2019 12:00:00 AM,05/31/2019 12:00:00 AM,"United States, Canada",ES_1059680_AC4200******_05302019084920_3241540
2357456,"Guardian Technologies, LLC",GermGuardian,AC4300******,AC4300******,,153,107,99,116,2.05,1.9,2.213740458,0.8,306.6307368421,,0,HEPA,,,,,,,,No,,No,,,01/09/2017 12:00:00 AM,01/17/2017 12:00:00 AM,"United States, Canada",ES_1059680_AC4300_01102017163927_2081567
2367515,"Guardian Technologies, LLC",GermGuardian,AC4700******,AC4700******,",AC4711******,",150,106,97,106,3.26,3,3.2716049383,0,188.8266666667,"Other,Fan and Filter",1,HEPA,,Activated Carbon,,Pre-Filter,,,,No,,No,,,10/21/2020 12:00:00 AM,05/31/2019 12:00:00 AM,"United States, Canada",ES_1059680_AC4700******_05302019091453_6121332
2357345,"Guardian Technologies, LLC",GermGuardian,AC 4820,AC 4820,,153,112,99,131,2.68,2.4,3.0969267139,0,240.9,Fan and Filter,0,HEPA,,,,,,,,No,,No,,,03/01/2019 12:00:00 AM,02/06/2019 12:00:00 AM,"United States, Canada",ES_1059680_AC 4820_02052019152604_7279779
2357343,"Guardian Technologies, LLC",GermGuardian,AC4825*******,AC4825*******,",AC4850******,AC4870*******,",153,118,99,125,2.21,2.1,2.3452157598,0,275.3142857143,,0,HEPA,,,,,,,,No,,No,,,03/01/2011 12:00:00 AM,07/11/2011 12:00:00 AM,"United States, Canada",ES_1059680_AC4825_10022012125005_4495660
2372045,"Guardian Technologies, LLC",GermGuardian,AC4900******,AC4900******,,150,106,97,112,2.03,2,2.1455938697,0,283.24,"Ion Generator,Fan and Filter",0,HEPA,,Activated Carbon,,PCO,,,,No,,No,,,01/28/2015 12:00:00 AM,02/03/2015 12:00:00 AM,"United States, Canada",ES_1059680_AC4900******_01282015142205_2248498
2367420,"Guardian Technologies, LLC",GermGuardian,AC5000E,AC5000E,",AC5000,; ,AC5250*,",189,131.7,122,138,2.7,2.5,2.8220858896,0.01,285.0212,,1,HEPA,,Pre-Filter,,,,,,No,,No,,,11/18/2014 12:00:00 AM,10/14/2020 12:00:00 AM,"United States, Canada",ES_1059680_AC5000E_10132020095323_3347589
2360917,"Guardian Technologies, LLC",GermGuardian,AC5300******,AC5300******,",AC5350******,",180,124,116,123,3.03,2.9,3.0221130221,0.1,233.892,,1,HEPA-Type,,Activated Carbon,,,,,,No,,No,,,01/09/2017 12:00:00 AM,01/17/2017 12:00:00 AM,"United States, Canada",ES_1059680_AC5300_01102017165016_2071344
2358848,"Guardian Technologies, LLC",GermGuardian,AC5900******,AC5900******,,364,239,235,237,3.59,3.5,3.580060423,0.95,394.8882857143,,1,HEPA,,Activated Carbon,,,,,,No,,No,,,07/10/2017 12:00:00 AM,06/30/2017 12:00:00 AM,"United States, Canada",ES_1059680_AC5900_06282017123721_6353723
2372050,"Guardian Technologies, LLC",GermGuardian,AC9400***,AC9400***,,401,263,259,275,5.66,5.6,5.8760683761,0.3,270.976,"Ion Generator,Fan and Filter",0,HEPA,,Pre-filter,,,,,,No,,No,,,10/16/2018 12:00:00 AM,09/28/2018 12:00:00 AM,"United States, Canada",ES_1059680_AC9400***_09252018151856_4229547
2367862,"Guardian Technologies, LLC",GermGuardian,AP5800******,AP5800******,,298,199,192,221,6.86,6.6,7.6470588235,0.38,171.0005090909,Fan and Filter,0,HEPA,,Pre-Filter,,,,,,No,,No,,,08/26/2020 12:00:00 AM,10/21/2020 12:00:00 AM,"United States, Canada",ES_1059680_AP5800******_10162020065614_8817560
2357348,"Guardian Technologies, LLC",GermGuardian,BXAP148,BXAP148,,153,135,99,159,2.58,2.3,2.9553903346,0,251.3739130435,Fan and Filter,0,HEPA,,,,,,,,No,,No,,,09/01/2012 12:00:00 AM,09/28/2012 12:00:00 AM,"United States, Canada",ES_1059680_BXAP148_09062012133354_319787
2358852,"Guardian Technologies, LLC",GermGuardian,CDAP4500******,CDAP4500******,,148,102.4,95.5,98.7,2.07,1.9,2.0350515464,0.76,295.7560421053,,1.4,HEPA,,Activated Carbon,,,,,,Yes,,Yes,,,01/09/2017 12:00:00 AM,04/30/2020 12:00:00 AM,"United States, Canada",ES_1059680_CDAP4500******_04292020162855_7300531
2360916,"Guardian Technologies, LLC",GermGuardian,CDAP5500******,CDAP5500******,,181,125,117,137,3,2.9,3.2696897375,0.72,237.7161931034,,1,HEPA-Type,,Activated Carbon,,,,,,Yes,Wi-Fi,No,,,01/09/2017 12:00:00 AM,05/29/2020 12:00:00 AM,"United States, Canada",ES_1059680_CDAP5500******_05282020200648_184900
2371848,"Guardian Technologies, LLC",germguardian;pureguardian,AC9200******,AC9200******,",AC9350******,",335,216,216,265,4.14,4.2,4.9718574109,0.5,301.8028571429,"Other,Ion Generator,Fan and Filter",0,HEPA,,Activated Carbon,,Pre-filter,,,,No,,No,,,11/30/2015 12:00:00 AM,01/04/2016 12:00:00 AM,"United States, Canada",ES_1059680_AC9200******_12302015123242_7457849
2372049,"Guardian Technologies, LLC",GermGuradian,AC5600******,AC5600******,,150,105,97,101,2.38,2.2,2.2850678733,0.1,257.7829090909,"Ion Generator,Fan and Filter",0,HEPA,,Activated Carbon,,Pre-Filter,,,,No,,No,,,06/07/2019 12:00:00 AM,05/31/2019 12:00:00 AM,"United States, Canada",ES_1059680_AC5600******_05222019144526_6241266
2357349,"Guardian Technologies, LLC",pureguardian,AP2200CA******,AP2200CA******,",AP2200CA******,""*""=0-9,or A-Z,or Blank for Marketing promotions,or Customer differentiation",153,135,99,159,2.58,2.3,2.9553903346,0,251.3739130435,Fan and Filter,0,HEPA,,,,,,,,No,,No,,,09/01/2012 12:00:00 AM,09/28/2012 12:00:00 AM,"United States, Canada",ES_1059680_AP2200CA******_04152016091510_5149804
2374078,Kenmore,Kenmore,K*PA3D0AMW,K*PA3D0AMW,,491,327,317,353,4.85,4.6,5.2218934911,0.67,404.408573913,Fan and Filter,0,HEPA-Type,,Activated Carbon,,,,,,No,,No,,,11/02/2020 12:00:00 AM,12/22/2020 12:00:00 AM,United States,ES_15649_K*PA3D0AMW_12222020140903_3009760
2366762,Lasko Products,Lasko,LP200,LP200,,113,81,73,84,2.21,2,2.2888283379,0.5,214.62,Fan and Filter,0,HEPA,,Activated Carbon,,,,,,No,,No,,,10/31/2020 12:00:00 AM,10/06/2020 12:00:00 AM,"United States, Canada",ES_1124711_LP200_10062020110812_7824212
2366342,Levoit Corporation,LEVOIT,LV-PUR131,LV-PUR131,",LV-H131-RWH,",152,102.2,98.2,137.9,2.91,2.75,3.9065155807,0.54,210.1178909091,Fan and Filter,0,HEPA-Type,,Activated Carbon,,,,,,No,,No,,,07/02/2018 12:00:00 AM,07/31/2018 12:00:00 AM,"United States, Canada",ES_1141667_LV-PUR131_07062018155810_1538659
2366452,"LG Electronics, Inc.",LG,AS330DWR0,AS330DWR0,,310,200,200,220,3.61,4,3.9783001808,1.3,295.796,Fan and Filter,0,HEPA,,Pre Filter,,Deodorizing care filter,,,,Yes,,Yes,,,09/20/2020 12:00:00 AM,09/29/2020 12:00:00 AM,United States,ES_1118034_AS330DWR0_09162020215134_9256708
2358242,"LG Electronics, Inc.",LG,AS560DWR0,AS560DWR0,,519,330,335,365,4.17,4.3,4.6085858586,1.3,458.772744186,Fan and Filter,1,HEPA,,,,,,,,Yes,,Yes,,,05/25/2018 12:00:00 AM,06/25/2018 12:00:00 AM,United States,ES_1118034_AS560DWR0_06202018091630_1991845
2374713,"LG Electronics, Inc.",LG Electronics,AS330DWQ0,AS330DWQ0,,295,190,190,210,4.52,4.5,5,1,249.4977777778,Fan and Filter,0,HEPA,,,,,,,,Yes,,Yes,,,02/22/2021 12:00:00 AM,03/11/2021 12:00:00 AM,United States,ES_1118034_AS330DWQ0_02052021213910_4411126
2370801,MEDIFY AIR,MEDIFY AIR,MA-15,MA-15,,122,97,79,127,3.22,2.6,4.2052980132,0.94,180.1909538462,Fan and Filter,0,HEPA-Type,,,,,,,,No,,No,,,09/28/2020 12:00:00 AM,12/11/2020 12:00:00 AM,"United States, Canada",ES_1143634_MA-15_12032020172807_2712976
2367859,MEDIFY AIR,MEDIFY AIR,MA-25,MA-25,,199,134.8,128.5,155.4,4.17,4,4.8867924528,0.58,189.3036,Fan and Filter,0,HEPA-Type,,Activated Carbon,,,,,,No,,No,,,10/16/2020 12:00:00 AM,10/21/2020 12:00:00 AM,"United States, Canada",ES_1143634_MA-25_09012020100504_2869531
2374983,MEDIFY AIR,MEDIFY AIR,MA-WM35-WIFI,MA-WM35-WIFI,,209,149,135,148,4.75,4.4,4.6687697161,0.97,182.0142181818,Fan and Filter,1,HEPA-Type,,,,,,,,Yes,,No,,,01/25/2021 12:00:00 AM,03/19/2021 12:00:00 AM,"United States, Canada",ES_1143634_MA-WM35-WIFI_02262021112548_1803247
2369670,Mindful LLC,Airvana,AV980,AV980,",AV980-B,; ,AV980-G,; ,AV980-W,",445,299,287,326,3.4,3.3,3.6836158192,0.99,510.793830303,Fan and Filter,0,HEPA-Type,,,,,,,,No,,No,,,10/27/2020 12:00:00 AM,11/18/2020 12:00:00 AM,United States,ES_1141555_AV980_10282020160621_1991830
2369668,Mindful LLC,Hunter,HP980,HP980,",HP980BL,; ,HP980GR,; ,HP980WH,",445,299,287,326,3.4,3.3,3.6836158192,0.99,510.793830303,Fan and Filter,0,HEPA-Type,,,,,,,,No,,No,,,10/27/2020 12:00:00 AM,11/18/2020 12:00:00 AM,United States,ES_1141555_HP980_10282020160555_4965936
2369669,Mindful LLC,LivePure,LP980TH,LP980TH,",LP980TH-B,; ,LP980TH-G,; ,LP980TH-W,",445,299,287,326,3.4,3.3,3.6836158192,0.99,510.793830303,Fan and Filter,0,HEPA-Type,,,,,,,,No,,No,,,10/27/2020 12:00:00 AM,11/18/2020 12:00:00 AM,United States,ES_1141555_LP980TH_10282020160609_5617640
2370665,"NuWave, LLC.",Oxypure,47001,47001,",470**,",552,351,356,391,3.02,3,3.3591065292,0.7,695.0573333333,"Fan and Filter,Fan with Electrostatic Plates",1,HEPA-Type,,,,,,,,Yes,,No,,,11/17/2020 12:00:00 AM,12/07/2020 12:00:00 AM,"United States, Canada",ES_1128018_47001_12032020162239_8054773
2356107,Oransi,ORANSI,EJ120,EJ120,,499,332,322,360,6.26,6.2,6.7924528302,0,303.3032258065,Fan and Filter,0,HEPA,,,,,,,,No,,No,,,07/31/2018 12:00:00 AM,03/10/2020 12:00:00 AM,"United States, Canada",ES_1126475_EJ120_03092020165309_2451135
2369667,Oransi,ORANSI,MD01,MD01,,524,337,338,380,4.46,4.4,4.9868766404,0.25,449.3481818182,Fan and Filter,0,HEPA-Type,,,,,,,,No,,No,,,08/29/2020 12:00:00 AM,11/18/2020 12:00:00 AM,United States,ES_1126475_MD01_11112020170626_5900842
2374762,Rabbit Air,Rabbit Air,SPA-1000N,SPA-1000N,,398,262.2,256.9,315.1,4.38,4.3,5.2692307692,1,351.8260465116,Fan and Filter,1,HEPA-Type,,,,,,,,Yes,,Yes,,,03/12/2021 12:00:00 AM,03/12/2021 12:00:00 AM,"United States, Canada",ES_1037223_SPA-1000N_03102021213757_7796899
2360937,Rabbit Air,Rabbit Air,SPA-550A,SPA-550A,,210,148.1,135.8,159.7,5.42,4.9,5.5644599303,0.3,162.7274285714,,1,HEPA-Type,,,,,,,,No,,No,,,01/01/2013 12:00:00 AM,09/09/2013 12:00:00 AM,United States,ES_1037223_SPA-550A_09092013134958_7429773
2360958,Rabbit Air,Rabbit Air,SPA-625A,SPA-625A,,238,165,153.5,180.4,4.4,4.1,4.5903307888,0.3,219.519902439,,1,HEPA-Type,,,,,,,,No,,No,,,01/01/2013 12:00:00 AM,09/09/2013 12:00:00 AM,United States,ES_1037223_SPA-625A_09092013132948_5923578
2358789,Rabbit Air,Rabbit Air,SPA-700A,SPA-700A,,260,176.4,168,173.6,3.78,3.6,3.7333333333,0.46,273.8765333333,,6,HEPA,,,,,,,,No,,No,,,04/01/2007 12:00:00 AM,10/04/2011 12:00:00 AM,United States,ES_1037223_SPA-700A_04172020130354_1702691
2360935,Rabbit Air,Rabbit Air,SPA-780A,SPA-780A,,287,202,185,201,3.27,3,3.3113673806,0.5,361.5933333333,,2,HEPA-Type,,,,,,,,No,,No,,,07/01/2008 12:00:00 AM,10/04/2011 12:00:00 AM,United States,ES_1037223_SPA-780A_04232020212904_7684442
2361070,Rabbit Air,Rabbit Air,SPA-780N,SPA-780N,,278,180.5,179.5,198.5,3.03,3,3.2973421927,0.35,350.4486666667,,1,HEPA-Type,,,,,,,,Yes,Wi-Fi,No,,,01/26/2011 12:00:00 AM,03/17/2017 12:00:00 AM,United States,ES_1037223_SPA-780N_02162017112748_1450464
2358833,"Samsung Electronics Co., Ltd.",Samsung,AX300*9080*,AX300*9080*,",AX47*9080**,",310,205,200,185,6.72,7.3,6.045751634,1.3,163.796,Fan and Filter,0,HEPA-Type,,,,,,,,Yes,Wi-Fi,No,,,10/01/2019 12:00:00 AM,10/15/2019 12:00:00 AM,"United States, Canada",ES_1023593_AX300*9080*_10152019180424_3981134
2370821,Sharp Electronics Corporation,Sharp,FP-A80U,FP-A80U,,468,312,302,371,3.32,3.2,3.9300847458,0.3,552.026,Fan and Filter,0,HEPA,,Activated Carbon,,,,,,No,,No,,,09/01/2011 12:00:00 AM,10/17/2011 12:00:00 AM,"United States, Canada",ES_41229_FP-A80U_10042012141237_9582635
2370819,Sharp Electronics Corporation,Sharp,FP-F30U*,FP-F30U*,",FPF30UH,",143,101,92,109,2.2,2,2.3644251627,0.4,269.808,Fan and Filter,0,HEPA,,,,,,,,No,,No,,,09/23/2019 12:00:00 AM,09/03/2019 12:00:00 AM,United States,ES_41229_FP-F30U*_08302019143747_1167413
2370820,Sharp Electronics Corporation,Sharp,FP-F60U-W,FP-F60U-W,,281,195,181,203,3.67,3.4,3.625,0.3,311.7701176471,Fan and Filter,0,HEPA,,Pre-filter,,Activated Carbon,,,,No,,No,,,08/28/2015 12:00:00 AM,08/28/2015 12:00:00 AM,"United States, Canada",ES_41229_FP-F60U-W_08282015130859_5423242
2371880,Sharp Electronics Corporation,Sharp,FP-K50U-W,FP-K50U-W,",FPK50UW,",259,171,167,188,4.11,4.2,4.5631067961,0.3,233.0855238095,Fan and Filter,0,HEPA,,Activated Carbon,,,,,,No,,No,,,11/01/2019 12:00:00 AM,12/16/2019 12:00:00 AM,"United States, Canada",ES_41229_FP-K50U-W_12162019110037_1067315
2358701,Sharp Electronics Corporation,Sharp,FX-J80U-W,FX-J80U-W,",FXJ80UW,",502,334,324,361,4.88,4.6,5.2855051245,0.86,413.8503304348,,5,HEPA-Type,,,,,,,,Yes,,No,,,10/01/2019 12:00:00 AM,12/16/2019 12:00:00 AM,"United States, Canada",ES_41229_FX-J80U-W_12122019084338_627557
2371780,Sharp Electronics Corporation,Sharp,KC-850,KC-850,",KC-850U,",270,185,174,233,4.02,3.8,5.3686635945,0.4,268.5785263158,"Ion Generator,Fan and Filter",0,HEPA,,Activated Carbon,,Pre-filter,,,,No,,No,,,01/01/2021 12:00:00 AM,01/08/2021 12:00:00 AM,"United States, Canada",ES_41229_KC-850U_01062021100613_3418847
2374715,Stadler Form Aktiengesellschaft,Stadler Form,Roger Big,Roger Big,,649,400,418.7,450,3.05,3.2,3.4298780488,1.97,769.8799,Fan and Filter,0,HEPA,,Pre-Filter,,,,,,Yes,,Yes,,,01/04/2021 12:00:00 AM,03/11/2021 12:00:00 AM,"United States, Canada",ES_1080598_Roger Big_02052021004702_3091699
2374714,Stadler Form Aktiengesellschaft,Stadler Form,Roger Little,Roger Little,,209,151.7,134.6,163.3,3.57,3.2,3.8423529412,0.77,247.8934,Fan and Filter,0,HEPA,,Pre-Filter,,,,,,No,,No,,,01/04/2021 12:00:00 AM,03/11/2021 12:00:00 AM,"United States, Canada",ES_1080598_Roger Little_01262021113323_7700616
2366343,"Sunbeam Products, Inc.",Bionaire,BAP9921,BAP9921,,159,102.2,102.6,132.8,3.21,3.2,4.15,0.19,187.7998,Fan and Filter,0,HEPA-Type,,,,,,,,No,,No,,,08/18/2020 12:00:00 AM,09/18/2020 12:00:00 AM,"United States, Canada",ES_1022399_BAP9921_09162020114010_7412073
2351754,"W Appliance Company, LLC",BLACK+DECKER,BAPT01,BAPT01,",BAPT02,",87,66,56,78,4.82,4.1,5.7352941176,0.8,82.1018536585,Fan and Filter,0,HEPA-Type,,Activated Carbon,,,,,,No,,No,,,12/01/2019 12:00:00 AM,12/23/2019 12:00:00 AM,"United States, Canada",ES_1126481_BAPT01_12192019084206_4413110
2358211,"West Ryder Technology, LLC",AIRTHEREAL,AGH500S,AGH500S,,367,258,237,290,4.87,4.4,5.4716981132,0.5,316.0236363636,Fan and Filter,0,HEPA-Type,,,,,,,,No,,No,,,04/14/2020 12:00:00 AM,04/17/2020 12:00:00 AM,"United States, Canada",ES_1143793_AGH500S_04142020105243_2168084
2358210,"West Ryder Technology, LLC",AIRTHEREAL,AGH550,AGH550,",AGH490,; ,AGH500,",457,290,295,303,5.09,5.2,5.3157894737,0.5,332.7676923077,Fan and Filter,0,HEPA-Type,,,,,,,,No,,No,,,04/14/2020 12:00:00 AM,04/17/2020 12:00:00 AM,"United States, Canada",ES_1143793_AGH550_04142020101106_5694696
2371130,Winiadaewoo Electronics America Inc.,WINIA,KAPA3D0AMW,KAPA3D0AMW,",K*PA3D0AMW,",491,327,317,353,4.85,4.6,5.2218934911,0.67,404.408573913,Fan and Filter,0,HEPA-Type,,Activated Carbon,,,,,,No,,No,,,11/02/2020 12:00:00 AM,12/22/2020 12:00:00 AM,United States,ES_1108205_KAPA3D0AMW_12222020140847_1692926
2358387,WINIX Inc.,Winix,5300-2,5300-2,",2020EU,; ,5500-2,; ,6300-2,; ,C535,; ,C555,; ,ZERO,",360,243,232,246,4.86,4.6,4.9003984064,0.7,296.5831304348,,0,HEPA-Type,,,,,,,,No,,No,,,05/15/2016 12:00:00 AM,03/14/2016 12:00:00 AM,United States,ES_1027545_5300-2_03142016160352_621606
2366315,WINIX Inc.,Winix,A231,A231,",A230,",231,154,149,147,3.25,3.2,3.0882352941,0.5,273.385,Ion Generator,1,HEPA,,HEPA-Type,,Activated Carbon,,PlasmaWave,,No,,No,,,10/01/2020 12:00:00 AM,09/25/2020 12:00:00 AM,"United States, Canada",ES_1027545_A231_09252020131520_8365289
2361361,WINIX Inc.,Winix,AM80,AM80,,361,240,233,230,4.02,4.1,3.8397328881,0.6,333.6349268293,,7,HEPA-Type,,Activated Carbon,,,,,,No,,No,,,06/04/2020 12:00:00 AM,06/04/2020 12:00:00 AM,United States,ES_1027545_AM80_06042020144534_6357690
2365956,WINIX Inc.,Winix,AM90,AM90,,361,240,233,230,3.99,4.1,3.9316239316,1.25,335.5329268293,,0,HEPA,,Activated Carbon,,,,,,Yes,,Yes,,,10/20/2018 12:00:00 AM,08/31/2018 12:00:00 AM,United States,ES_1027545_AM90_08292018113324_398370
2358368,WINIX Inc.,Winix,C545,C545,,360,243,232,246,4.72,4.5,4.7582205029,1.2,304.5884444444,Fan and Filter,0,HEPA-Type,,,,,,,,Yes,Wi-Fi,Yes,,,07/18/2019 12:00:00 AM,07/19/2019 12:00:00 AM,United States,ES_1027545_C545_07112019091205_5898706
2358544,WINIX Inc.,Winix,D360,D360,,361,230,233,235,3.87,3.8,3.8587848933,0.8,360.4202105263,,0,HEPA,,,,,,,,No,,No,,,11/01/2019 12:00:00 AM,12/12/2019 12:00:00 AM,"United States, Canada",ES_1027545_D360_12122019085736_2541467
2358393,WINIX Inc.,Winix,D480,D480,,481,312,310,348,3.8,4,4.2335766423,0.3,453.476,Fan and Filter,0,HEPA-Type,,,,,,,,No,,No,,,10/18/2019 12:00:00 AM,10/31/2019 12:00:00 AM,United States,ES_1027545_D480_10302019211634_7472650
2358367,WINIX Inc.,Winix,HR900,HR900,,301,200,194,220,3.86,4.4,4.174573055,0.42,258.7173090909,,0.8,HEPA-Type,,,,,,,,No,,No,,,09/20/2018 12:00:00 AM,09/28/2018 12:00:00 AM,United States,ES_1027545_HR900_09262018225708_9775506
2358568,WINIX Inc.,Winix,Tower XQ,Tower XQ,,698,400,450,450,5.04,5.8,5.6390977444,1.6,457.7754482759,Fan and Filter,1,HEPA,,,,,,,,Yes,,Yes,,,11/20/2018 12:00:00 AM,12/17/2018 12:00:00 AM,United States,ES_1027545_Tower XQ_12112018192943_2456781
