address,total_accuracy,gas_consumption,hot_water_gas,estimated_effciency,Effciency Issue Detection1,Effciency Issue Detection2,Effciency Issue Detection3,Effciency Issue Detection4,eff
1 Bluejay Crescent,-5.794620725286363,37.533557964407365,6.716138534307726,0.8119693072150387,Minor Air Leakage Issue,,Wall Insulation less than R20,Roof Insulation less than R40,0.8119693072150387
1 Canary Crescent,-19.196465055266252,53.55166729770242,1.4689035159942534,0.6314238404143947,Wall Insulation less than R15,Ineffcient Furnace-80% AFUE,Minor Air Leakage,Roof Insulation less than R30,0.6314238404143947
1 McLean Crescent West,-17.90734548543557,46.82216574347787,3.8362713398439507,0.5834134491354976,Significant Air Leakage Issue,Wall Insulation less than R12,"Ineffcient Furance, 75% AFUE",Roof Insulation less than R20,0.5834134491354976
1 Meadowlark Drive,-36.571469447460714,62.7454933647416,2.1781723974199845,0.39618479299765597,Wall Insulation less than R10,Roof Insulation less than R10,"Ineffcient Furance, 75% AFUE",Signifcant Air Leakage Issue,0.39618479299765597
10 Canary Crescent,-0.7319080905039432,40.850917885503975,2.722557737271585,0.9808041025719835,Minor Air Leakage Issue,,Wall Insulation less than R20,Roof Insulation less than R40,0.9808041025719835
10 Mackenzie Drive,-21.187777146230147,60.75507741208363,10.136727697520149,0.5814210209201234,Significant Air Leakage Issue,Wall Insulation less than R12,"Ineffcient Furance, 75% AFUE",Roof Insulation less than R20,0.5814210209201234
10 McLean Crescent West,-26.813258767167902,53.45688558567109,3.17850855200237,0.4667039719835724,Significant Air Leakage Issue,Wall Insulation less than R12,"Ineffcient Furance, 75% AFUE",Roof Insulation less than R20,0.4667039719835724
11 Bluejay Crescent,-21.3014034213997,52.79341360145177,3.3139715924344104,0.5694898212975474,Significant Air Leakage Issue,Wall Insulation less than R12,"Ineffcient Furance, 75% AFUE",Roof Insulation less than R20,0.5694898212975474
11 Canary Crescent,-5.796559649228256,42.462206990036606,6.385899245975703,0.8393250304229783,Minor Air Leakage Issue,,Wall Insulation less than R20,Roof Insulation less than R40,0.8393250304229783
11 McLean Crescent West,-34.403262240401745,65.96807157380688,6.337654724445807,0.42305849836147225,Significant Air Leakage Issue,Wall Insulation less than R12,"Ineffcient Furance, 75% AFUE",Roof Insulation less than R20,0.42305849836147225
12 Bluejay Crescent,-4.040021947524999,35.44836029971806,5.310777325117162,0.8659473803546285,Minor Air Leakage Issue,,Wall Insulation less than R20,Roof Insulation less than R40,0.8659473803546285
12 Canary Crescent,2.320972598458688,30.519711274088813,3.134128704197493,1.084751624053835,"Building is up to Energy Effcient Code, or not in use",,,,1.084751624053835
12 Mackenzie Drive,-16.14153128112011,45.49522177503923,5.166774665230667,0.599748256183308,Significant Air Leakage Issue,Wall Insulation less than R12,"Ineffcient Furance, 75% AFUE",Roof Insulation less than R20,0.599748256183308
12 McLean Crescent West,-19.997223719210645,47.58041943972852,2.356041111558551,0.5578220318673899,Significant Air Leakage Issue,Wall Insulation less than R12,"Ineffcient Furance, 75% AFUE",Roof Insulation less than R20,0.5578220318673899
13 Mackenzie Drive,-2.456510777935881,31.372746682370796,1.9333890046641817,0.9165569166002521,Minor Air Leakage Issue,,Wall Insulation less than R20,Roof Insulation less than R40,0.9165569166002521
13 McLean Crescent West,-37.38926255133121,64.5463458933369,7.109895963007431,0.3490324942317212,Wall Insulation less than R10,Roof Insulation less than R10,"Ineffcient Furance, 75% AFUE",Signifcant Air Leakage Issue,0.3490324942317212
14 Canary Crescent,-19.144940926364455,59.80726029177031,2.5489314434757837,0.6656391950053446,Wall Insulation less than R15,Ineffcient Furnace-80% AFUE,Minor Air Leakage,Roof Insulation less than R30,0.6656391950053446
14 Mackenzie Drive,-6.110788168969198,56.48990037067371,15.453008323002184,0.8510903759019945,Minor Air Leakage Issue,,Wall Insulation less than R20,Roof Insulation less than R40,0.8510903759019945
14 McLean Crescent West,-18.506326864943958,50.99256107285647,1.7394402592916216,0.6242608273495004,Wall Insulation less than R15,Ineffcient Furnace-80% AFUE,Minor Air Leakage,Roof Insulation less than R30,0.6242608273495004
16 Canary Crescent,-13.030863868589584,58.66987974739433,10.136840880888482,0.7315052967436872,Wall Insulation less than R15,Ineffcient Furnace-80% AFUE,Minor Air Leakage,Roof Insulation less than R30,0.7315052967436872
16 Mackenzie Drive,-1.032323303151533,40.75613617347264,7.214979414073748,0.9692221913943903,Minor Air Leakage Issue,,Wall Insulation less than R20,Roof Insulation less than R40,0.9692221913943903
16 McLean Crescent West,-19.169324331905642,49.85518052848049,2.2955224085123787,0.5969415027426926,Significant Air Leakage Issue,Wall Insulation less than R12,"Ineffcient Furance, 75% AFUE",Roof Insulation less than R20,0.5969415027426926
17 McLean Crescent West,-14.603750864535808,60.84985912411497,2.031663382561751,0.7517137225918218,Wall Insulation less than R15,Ineffcient Furnace-80% AFUE,Minor Air Leakage,Roof Insulation less than R30,0.7517137225918218
18 Canary Crescent,-2.1069574433477514,31.657091818464796,2.645856439608397,0.9273744321524716,Minor Air Leakage Issue,,Wall Insulation less than R20,Roof Insulation less than R40,0.9273744321524716
19 Mackenzie Drive,-27.150095414486415,67.57936067833951,6.943881481962714,0.5522407710087209,Significant Air Leakage Issue,Wall Insulation less than R12,"Ineffcient Furance, 75% AFUE",Roof Insulation less than R20,0.5522407710087209
19 McLean Crescent East,-50.73352988541575,78.95316612209932,2.015929191969251,0.34058549657184867,Wall Insulation less than R10,Roof Insulation less than R10,"Ineffcient Furance, 75% AFUE",Signifcant Air Leakage Issue,0.34058549657184867
2 Mackenzie Drive,-29.09164585562837,55.54208325036039,1.010987585327877,0.4665127208459323,Significant Air Leakage Issue,Wall Insulation less than R12,"Ineffcient Furance, 75% AFUE",Roof Insulation less than R20,0.4665127208459323
2 McLean Crescent West,-19.445799576069177,45.21087663894522,5.717889683877785,0.5076138556399052,Significant Air Leakage Issue,Wall Insulation less than R12,"Ineffcient Furance, 75% AFUE",Roof Insulation less than R20,0.5076138556399052
2 Meadowlark Drive,-14.406732268526449,56.679463794736364,11.441020341455896,0.6815378432857697,Wall Insulation less than R15,Ineffcient Furnace-80% AFUE,Minor Air Leakage,Roof Insulation less than R30,0.6815378432857697
20 Canary Crescent,-8.457038901949774,41.89351671784862,6.4141865930151,0.7616347638979145,Wall Insulation less than R15,Ineffcient Furnace-80% AFUE,Minor Air Leakage,Roof Insulation less than R30,0.7616347638979145
20 Mackenzie Drive,-19.396848184082714,44.16827780660058,0.5845137938294184,0.5549524318643305,Significant Air Leakage Issue,Wall Insulation less than R12,"Ineffcient Furance, 75% AFUE",Roof Insulation less than R20,0.5549524318643305
20 McLean Crescent West,-5.368218911478614,29.097985593618837,1.9629994686380392,0.8021661449630679,Minor Air Leakage Issue,,Wall Insulation less than R20,Roof Insulation less than R40,0.8021661449630679
21 Mackenzie Drive,-17.217869772566633,65.77850814974421,9.937744928336716,0.6916612743221626,Wall Insulation less than R15,Ineffcient Furnace-80% AFUE,Minor Air Leakage,Roof Insulation less than R30,0.6916612743221626
22 Canary Crescent,-36.86143615448855,66.0628532858382,3.8893442312012105,0.4071199017881496,Significant Air Leakage Issue,Wall Insulation less than R12,"Ineffcient Furance, 75% AFUE",Roof Insulation less than R20,0.4071199017881496
22 Mackenzie Drive,2.895658261681858,25.970189096584892,3.5397105618176457,1.1290948054092376,"Building is up to Energy Effcient Code, or not in use",,,,1.1290948054092376
23 Mackenzie Drive,-10.04616244094829,42.936115550193264,6.089909429927134,0.7273487965583869,Wall Insulation less than R15,Ineffcient Furnace-80% AFUE,Minor Air Leakage,Roof Insulation less than R30,0.7273487965583869
23 McLean Crescent East,3.985755513683107,32.699690650809444,3.706888067307122,1.1374739645194256,"Building is up to Energy Effcient Code, or not in use",,,,1.1374739645194256
24 Canary Crescent,-25.57479930648744,59.333351731613654,7.78836725225002,0.5038353476131809,Significant Air Leakage Issue,Wall Insulation less than R12,"Ineffcient Furance, 75% AFUE",Roof Insulation less than R20,0.5038353476131809
26 Canary Crescent,-5.881906284433786,45.68478519910189,8.949938948408793,0.8398821041935678,Minor Air Leakage Issue,,Wall Insulation less than R20,Roof Insulation less than R40,0.8398821041935678
28 Canary Crescent,-28.402239052460033,63.88287390911758,6.432190905979305,0.505623996656253,Significant Air Leakage Issue,Wall Insulation less than R12,"Ineffcient Furance, 75% AFUE",Roof Insulation less than R20,0.505623996656253
28 McLean Crescent East,14.995080659613622,28.24495018533685,3.6193561788493187,1.60892259718337,"Building is up to Energy Effcient Code, or not in use",,,,1.60892259718337
29 Mackenzie Drive,-35.44845919603285,80.94358207475729,10.578850539232743,0.4962183693099683,Significant Air Leakage Issue,Wall Insulation less than R12,"Ineffcient Furance, 75% AFUE",Roof Insulation less than R20,0.4962183693099683
3 Canary Crescent,-12.200716212393814,42.74655212613061,5.148846832511197,0.6754930622198276,Wall Insulation less than R15,Ineffcient Furnace-80% AFUE,Minor Air Leakage,Roof Insulation less than R30,0.6754930622198276
3 McLean Crescent West,-33.484104190892495,72.31844627990611,9.955732610601629,0.463074933389666,Significant Air Leakage Issue,Wall Insulation less than R12,"Ineffcient Furance, 75% AFUE",Roof Insulation less than R20,0.463074933389666
30 Canary Crescent,-2.2514518235756356,48.243891423947844,8.006427532641837,0.9440458814785765,Minor Air Leakage Issue,,Wall Insulation less than R20,Roof Insulation less than R40,0.9440458814785765
31 Mackenzie Drive,-10.315337348704976,41.60917158175462,8.44436751109805,0.6889673363747764,Wall Insulation less than R15,Ineffcient Furnace-80% AFUE,Minor Air Leakage,Roof Insulation less than R30,0.6889673363747764
32 Canary Crescent,-28.07587365223263,65.39938130161889,6.958844428532443,0.519582208609682,Significant Air Leakage Issue,Wall Insulation less than R12,"Ineffcient Furance, 75% AFUE",Roof Insulation less than R20,0.519582208609682
32 McLean Crescent East,-53.000604658444196,94.97127545539439,3.666218566192557,0.4195216950276902,Significant Air Leakage Issue,Wall Insulation less than R12,"Ineffcient Furance, 75% AFUE",Roof Insulation less than R20,0.4195216950276902
33 Mackenzie Drive,-87.16594238617921,154.87331745919602,17.92762645065617,0.3634999265457458,Wall Insulation less than R10,Roof Insulation less than R10,"Ineffcient Furance, 75% AFUE",Signifcant Air Leakage Issue,0.3634999265457458
34 Canary Crescent,-14.095437563592911,45.30565835097656,4.178566997675297,0.657271226829381,Wall Insulation less than R15,Ineffcient Furnace-80% AFUE,Minor Air Leakage,Roof Insulation less than R30,0.657271226829381
35 Bluebird Place,-14.858322249981423,48.623018272073175,5.816422251944137,0.6528964311249004,Wall Insulation less than R15,Ineffcient Furnace-80% AFUE,Minor Air Leakage,Roof Insulation less than R30,0.6528964311249004
35 Mackenzie Drive,-13.420407549277503,58.10118947520635,4.720437260239155,0.7485908873064809,Wall Insulation less than R15,Ineffcient Furnace-80% AFUE,Minor Air Leakage,Roof Insulation less than R30,0.7485908873064809
36 Canary Crescent,-17.242691777599973,61.039422548177626,13.750506657695098,0.6353756170360785,Wall Insulation less than R15,Ineffcient Furnace-80% AFUE,Minor Air Leakage,Roof Insulation less than R30,0.6353756170360785
37 Bluebird Place,-7.238444737696686,38.95528364487734,5.024856172116815,0.7866680358357484,Wall Insulation less than R15,Ineffcient Furnace-80% AFUE,Minor Air Leakage,Roof Insulation less than R30,0.7866680358357484
37 Mackenzie Drive,-26.412906835425098,55.73164667442305,3.8580601930325393,0.49082165651105214,Significant Air Leakage Issue,Wall Insulation less than R12,"Ineffcient Furance, 75% AFUE",Roof Insulation less than R20,0.49082165651105214
38 Bluebird Place,-0.17081462785442358,39.80831905315932,6.045973570720098,0.9949406765017771,Minor Air Leakage Issue,,Wall Insulation less than R20,Roof Insulation less than R40,0.9949406765017771
39 Mackenzie Drive,-27.583267320860667,54.12035756989041,3.0295154745743336,0.460113276868665,Significant Air Leakage Issue,Wall Insulation less than R12,"Ineffcient Furance, 75% AFUE",Roof Insulation less than R20,0.460113276868665
4 Canary Crescent,4.163047946859266,17.439835013765034,1.8321339658288947,1.2667303745806793,"Building is up to Energy Effcient Code, or not in use",,,,1.2667303745806793
4 McLean Crescent West,-46.661092206190716,71.7497560077181,2.621327807342869,0.32500863362697674,Wall Insulation less than R10,Roof Insulation less than R10,"Ineffcient Furance, 75% AFUE",Signifcant Air Leakage Issue,0.32500863362697674
4 Meadowlark Drive,-12.073090090079603,50.51865251269981,7.359097419354807,0.7202684303865492,Wall Insulation less than R15,Ineffcient Furnace-80% AFUE,Minor Air Leakage,Roof Insulation less than R30,0.7202684303865492
40 Bluebird Place,-11.717847046221285,57.24815406692436,9.136497878220927,0.7564447376273731,Wall Insulation less than R15,Ineffcient Furnace-80% AFUE,Minor Air Leakage,Roof Insulation less than R30,0.7564447376273731
41 Bluebird Place,-17.365220197565122,58.101189475206354,6.656163787762902,0.662450937374037,Wall Insulation less than R15,Ineffcient Furnace-80% AFUE,Minor Air Leakage,Roof Insulation less than R30,0.662450937374037
42 Bluebird Place,-1.3552518099932205,36.30139570800005,6.067534419594858,0.9551743723017951,Minor Air Leakage Issue,,Wall Insulation less than R20,Roof Insulation less than R40,0.9551743723017951
43 Bluebird Place,-4.63671970304883,18.387652134078355,0.06216761672465084,0.746979693843402,Wall Insulation less than R15,Ineffcient Furnace-80% AFUE,Minor Air Leakage,Roof Insulation less than R30,0.746979693843402
43 Mackenzie Drive,-3.2577161872316336,47.959546287853854,6.0574915837988215,0.9222540228578249,Minor Air Leakage Issue,,Wall Insulation less than R20,Roof Insulation less than R40,0.9222540228578249
44 Bluebird Place,-6.009554773268247,41.41960815769196,3.1347449651824464,0.8430305276774758,Minor Air Leakage Issue,,Wall Insulation less than R20,Roof Insulation less than R40,0.8430305276774758
45 Mackenzie Drive,-54.313731541379006,107.19811630743618,8.614476123355049,0.4490593830785592,Significant Air Leakage Issue,Wall Insulation less than R12,"Ineffcient Furance, 75% AFUE",Roof Insulation less than R20,0.4490593830785592
45 Oriole Place,-4.627162154158915,46.72738403144653,7.553369478565086,0.8818818493082281,Minor Air Leakage Issue,,Wall Insulation less than R20,Roof Insulation less than R40,0.8818818493082281
4502 47 Avenue,-56.64485281652982,90.80088012601578,2.530618607173177,0.35827931353258613,Wall Insulation less than R10,Roof Insulation less than R10,"Ineffcient Furance, 75% AFUE",Signifcant Air Leakage Issue,0.35827931353258613
46 Oriole Place,-3.2334092591133925,38.197029948626685,3.8346981232373127,0.9059025075613665,Minor Air Leakage Issue,,Wall Insulation less than R20,Roof Insulation less than R40,0.9059025075613665
4602 47 Avenue,3.388240050408327,23.979773143926923,7.193451016193267,1.2018452895533571,"Building is up to Energy Effcient Code, or not in use",,,,1.2018452895533571
4604 47 Avenue,-23.292436779988957,44.35784123066324,4.940183548327105,0.40908622811378315,Significant Air Leakage Issue,Wall Insulation less than R12,"Ineffcient Furance, 75% AFUE",Roof Insulation less than R20,0.40908622811378315
4605A 51 Avenue,1.2117032886593488,36.96486769221937,2.076615504241354,1.034730982857229,"Building is up to Energy Effcient Code, or not in use",,,,1.034730982857229
47 Mackenzie Drive,-18.93310098330815,56.20555523457971,4.423951850491658,0.6343662662804664,Wall Insulation less than R15,Ineffcient Furnace-80% AFUE,Minor Air Leakage,Roof Insulation less than R30,0.6343662662804664
47 Oriole Place,-34.26936811593456,70.42281203927946,5.852467047006963,0.4692707911033188,Significant Air Leakage Issue,Wall Insulation less than R12,"Ineffcient Furance, 75% AFUE",Roof Insulation less than R20,0.4692707911033188
4701 51 Avenue,-11.177706123832984,51.18212449691913,5.4568316553969725,0.7555465382677058,Wall Insulation less than R15,Ineffcient Furnace-80% AFUE,Minor Air Leakage,Roof Insulation less than R30,0.7555465382677058
4703 51 Avenue,-8.361915644042448,52.22472332926378,1.7370661127447848,0.8343770318321183,Minor Air Leakage Issue,,Wall Insulation less than R20,Roof Insulation less than R40,0.8343770318321183
4705 51 Avenue,-21.73195642303787,41.04048130956664,0.8747713243959895,0.45894255495392955,Significant Air Leakage Issue,Wall Insulation less than R12,"Ineffcient Furance, 75% AFUE",Roof Insulation less than R20,0.45894255495392955
4707 51 Avenue,2.8798130997845606,29.287549017681503,4.012610725583452,1.1139394710484776,"Building is up to Energy Effcient Code, or not in use",,,,1.1139394710484776
48 Oriole Place,-2.1361596701477685,40.75613617347264,5.622868411783992,0.9391983778839621,Minor Air Leakage Issue,,Wall Insulation less than R20,Roof Insulation less than R40,0.9391983778839621
4801 49 Street,-18.312243421306402,31.277964970339468,2.1533147236648773,0.3712458942439226,Wall Insulation less than R10,Roof Insulation less than R10,"Ineffcient Furance, 75% AFUE",Signifcant Air Leakage Issue,0.3712458942439226
4801 51 Avenue,-42.570640368010366,69.19064978287216,3.1336634219116752,0.3555467375488762,Wall Insulation less than R10,Roof Insulation less than R10,"Ineffcient Furance, 75% AFUE",Signifcant Air Leakage Issue,0.3555467375488762
4801 51 Street,-47.53869600123202,69.38021320693481,1.8580172262763877,0.2959545330123835,Wall Insulation less than R10,Roof Insulation less than R10,"Ineffcient Furance, 75% AFUE",Signifcant Air Leakage Issue,0.2959545330123835
4801 52 Street,-15.663005067420773,43.978714382537916,1.4751208892923269,0.6314898628533645,Wall Insulation less than R15,Ineffcient Furnace-80% AFUE,Minor Air Leakage,Roof Insulation less than R30,0.6314898628533645
4802 46 Street,-32.51638066991299,71.84453771974944,2.9513311435697354,0.5280176045520901,Significant Air Leakage Issue,Wall Insulation less than R12,"Ineffcient Furance, 75% AFUE",Roof Insulation less than R20,0.5280176045520901
4802 51 Street,-32.17707382988005,82.93399802741526,14.23574025590934,0.5316173237332638,Significant Air Leakage Issue,Wall Insulation less than R12,"Ineffcient Furance, 75% AFUE",Roof Insulation less than R20,0.5316173237332638
4802 52 Street,-13.905077368770415,21.799793767206296,1.0253903576495245,0.3306629752662975,Wall Insulation less than R10,Roof Insulation less than R10,"Ineffcient Furance, 75% AFUE",Signifcant Air Leakage Issue,0.3306629752662975
4802 53 Street,-13.083431623161824,46.82216574347787,6.707080330607695,0.6738525796840444,Wall Insulation less than R15,Ineffcient Furnace-80% AFUE,Minor Air Leakage,Roof Insulation less than R30,0.6738525796840444
4803 51 Avenue,-16.44172249299939,41.89351671784862,3.1967502659415485,0.57511378855302,Significant Air Leakage Issue,Wall Insulation less than R12,"Ineffcient Furance, 75% AFUE",Roof Insulation less than R20,0.57511378855302
4805 51 Avenue,-32.4547268282258,64.2620007572429,6.261677046918555,0.4404388673705161,Significant Air Leakage Issue,Wall Insulation less than R12,"Ineffcient Furance, 75% AFUE",Roof Insulation less than R20,0.4404388673705161
4806 50 Street,-5.876439835611851,36.87008598018804,14.810204615251433,0.7336141687075324,Wall Insulation less than R15,Ineffcient Furnace-80% AFUE,Minor Air Leakage,Roof Insulation less than R30,0.7336141687075324
4807 51 Avenue,-4.947173887080039,34.500543179404744,3.816707046342623,0.8387693811938524,Minor Air Leakage Issue,,Wall Insulation less than R20,Roof Insulation less than R40,0.8387693811938524
4809 49 Street,-32.7555401447656,52.03515990520111,4.285024812254596,0.314022042429695,Wall Insulation less than R10,Roof Insulation less than R10,"Ineffcient Furance, 75% AFUE",Signifcant Air Leakage Issue,0.314022042429695
4809 51 Avenue,-16.093307195496397,44.168277806600585,3.8668249458544612,0.6006767485255753,Significant Air Leakage Issue,Wall Insulation less than R12,"Ineffcient Furance, 75% AFUE",Roof Insulation less than R20,0.6006767485255753
4809 52 Street,-10.669723582228784,41.2300447336293,1.1484299318929485,0.7338000568338736,Wall Insulation less than R15,Ineffcient Furnace-80% AFUE,Minor Air Leakage,Roof Insulation less than R30,0.7338000568338736
4810 50 Street,-13.856383451579553,20.188504662673655,0.06225477063143687,0.3115268107121002,Wall Insulation less than R10,Roof Insulation less than R10,"Ineffcient Furance, 75% AFUE",Signifcant Air Leakage Issue,0.3115268107121002
4810 52 Street,-4.878631865276409,39.71353734112799,7.930627540342936,0.8465014092210051,Minor Air Leakage Issue,,Wall Insulation less than R20,Roof Insulation less than R40,0.8465014092210051
4813 46 Street,-14.275912172724865,40.09266418925332,2.2454877323892144,0.6228011305150947,Wall Insulation less than R15,Ineffcient Furnace-80% AFUE,Minor Air Leakage,Roof Insulation less than R30,0.6228011305150947
4813 50 Street,-29.306224678328203,51.18212449691913,2.401904311019318,0.3992190980966641,Wall Insulation less than R10,Roof Insulation less than R10,"Ineffcient Furance, 75% AFUE",Signifcant Air Leakage Issue,0.3992190980966641
4814 46A Street,-26.054396521217583,78.76360269803666,19.03275808610114,0.5638033131711091,Significant Air Leakage Issue,Wall Insulation less than R12,"Ineffcient Furance, 75% AFUE",Roof Insulation less than R20,0.5638033131711091
4814 49 Street,-1.0031990142270846,11.847714003916465,2.1143270947687363,0.8969321754502281,Minor Air Leakage Issue,,Wall Insulation less than R20,Roof Insulation less than R40,0.8969321754502281
4814 53 Street,-19.474799122932428,47.48563772769719,3.4735608391201285,0.5575123806986955,Significant Air Leakage Issue,Wall Insulation less than R12,"Ineffcient Furance, 75% AFUE",Roof Insulation less than R20,0.5575123806986955
4817 53 Street,-68.36299368443346,109.9467859563448,10.60347750650831,0.31185104712962697,Wall Insulation less than R10,Roof Insulation less than R10,"Ineffcient Furance, 75% AFUE",Signifcant Air Leakage Issue,0.31185104712962697
4818 46A Street,-8.424487271545782,73.5506085363134,22.58159051674349,0.8347135652424942,Minor Air Leakage Issue,,Wall Insulation less than R20,Roof Insulation less than R40,0.8347135652424942
4818 49 Street,-15.441502326668205,40.18744590128465,5.18703294102367,0.5588194246679234,Significant Air Leakage Issue,Wall Insulation less than R12,"Ineffcient Furance, 75% AFUE",Roof Insulation less than R20,0.5588194246679234
4818 50 Street,-51.648977820274425,73.64539024834474,2.7771707390100926,0.2711969035221592,Wall Insulation less than R10,Roof Insulation less than R10,"Ineffcient Furance, 75% AFUE",Signifcant Air Leakage Issue,0.2711969035221592
4820 46 Street,-13.819614087250073,31.277964970339468,1.3173669167752222,0.538740379529706,Significant Air Leakage Issue,Wall Insulation less than R12,"Ineffcient Furance, 75% AFUE",Roof Insulation less than R20,0.538740379529706
4821 52 Street,-15.192869758499077,44.26305951863191,11.84651050559319,0.5313236534713137,Significant Air Leakage Issue,Wall Insulation less than R12,"Ineffcient Furance, 75% AFUE",Roof Insulation less than R20,0.5313236534713137
4821 53 Street,-36.67373553419136,79.23751125819331,7.2314351983519645,0.4906855429295537,Significant Air Leakage Issue,Wall Insulation less than R12,"Ineffcient Furance, 75% AFUE",Roof Insulation less than R20,0.4906855429295537
4822 51 Street,-22.572969279635668,43.88393267050658,2.7710617009877416,0.4509512776091139,Significant Air Leakage Issue,Wall Insulation less than R12,"Ineffcient Furance, 75% AFUE",Roof Insulation less than R20,0.4509512776091139
4822 52 Street,-19.283802154480604,47.58041943972853,6.3812443809847545,0.5319371776987081,Significant Air Leakage Issue,Wall Insulation less than R12,"Ineffcient Furance, 75% AFUE",Roof Insulation less than R20,0.5319371776987081
4825 46 Street,-34.52424396605139,55.921210098485716,2.6023106240397738,0.3524951882662589,Wall Insulation less than R10,Roof Insulation less than R10,"Ineffcient Furance, 75% AFUE",Signifcant Air Leakage Issue,0.3524951882662589
4825 51 Street,-31.187844798864354,56.01599181051704,2.2122053267071755,0.420341079372748,Significant Air Leakage Issue,Wall Insulation less than R12,"Ineffcient Furance, 75% AFUE",Roof Insulation less than R20,0.420341079372748
4825 53 Street,-16.57568414543223,59.14378830755099,7.3206819276578905,0.6801487733305109,Wall Insulation less than R15,Ineffcient Furnace-80% AFUE,Minor Air Leakage,Roof Insulation less than R30,0.6801487733305109
4826 49 Street,-23.57759077537995,45.495221775039234,2.9531410189984495,0.4457819091974706,Significant Air Leakage Issue,Wall Insulation less than R12,"Ineffcient Furance, 75% AFUE",Roof Insulation less than R20,0.4457819091974706
4829 49 Street,-25.75048436282887,59.049006595519664,5.689624629039454,0.5174141188703226,Significant Air Leakage Issue,Wall Insulation less than R12,"Ineffcient Furance, 75% AFUE",Roof Insulation less than R20,0.5174141188703226
4829 53 Street,-12.735207949003414,42.55698870206794,0.7733368023862832,0.6952107494199079,Wall Insulation less than R15,Ineffcient Furnace-80% AFUE,Minor Air Leakage,Roof Insulation less than R30,0.6952107494199079
4830 52 Street,-41.475130806218225,71.27584744756145,1.4528435814593044,0.40599618306662855,Significant Air Leakage Issue,Wall Insulation less than R12,"Ineffcient Furance, 75% AFUE",Roof Insulation less than R20,0.40599618306662855
4833 50 Street,-50.46803916335956,76.29927818522204,4.085700589865587,0.3011281140763644,Wall Insulation less than R10,Roof Insulation less than R10,"Ineffcient Furance, 75% AFUE",Signifcant Air Leakage Issue,0.3011281140763644
4834 51 Street,-22.58227887275033,53.36210387363976,2.410719994332258,0.5567877228566995,Significant Air Leakage Issue,Wall Insulation less than R12,"Ineffcient Furance, 75% AFUE",Roof Insulation less than R20,0.5567877228566995
4837 49 Street,-25.24884567602202,44.35784123066324,4.071940933337743,0.37325849764617913,Wall Insulation less than R10,Roof Insulation less than R10,"Ineffcient Furance, 75% AFUE",Signifcant Air Leakage Issue,0.37325849764617913
4842 51 Street,-21.295575385440003,45.40044006300789,3.5906293346694205,0.4906560203343381,Significant Air Leakage Issue,Wall Insulation less than R12,"Ineffcient Furance, 75% AFUE",Roof Insulation less than R20,0.4906560203343381
4845 50 Street,-13.302757625615689,35.16401516362407,2.917997393908834,0.5874604510666321,Significant Air Leakage Issue,Wall Insulation less than R12,"Ineffcient Furance, 75% AFUE",Roof Insulation less than R20,0.5874604510666321
4849 49 Street,-24.764889630247296,61.79767624442828,3.3138788503404983,0.5765512717416188,Significant Air Leakage Issue,Wall Insulation less than R12,"Ineffcient Furance, 75% AFUE",Roof Insulation less than R20,0.5765512717416188
4901 50 Avenue,-21.161181817184488,47.86476457582252,2.537896766510861,0.5331426405590445,Significant Air Leakage Issue,Wall Insulation less than R12,"Ineffcient Furance, 75% AFUE",Roof Insulation less than R20,0.5331426405590445
4901 51 Street,-7.830521243129892,30.235366137994816,0.8079132086849988,0.7339042131189454,Wall Insulation less than R15,Ineffcient Furnace-80% AFUE,Minor Air Leakage,Roof Insulation less than R30,0.7339042131189454
4901 53 Street,-24.403704166187797,53.267322161608426,5.593811693149203,0.4881076739181337,Significant Air Leakage Issue,Wall Insulation less than R12,"Ineffcient Furance, 75% AFUE",Roof Insulation less than R20,0.4881076739181337
4902 51 Avenue,-26.5493669231125,45.305658350976564,3.757407149569831,0.36099917191668474,Wall Insulation less than R10,Roof Insulation less than R10,"Ineffcient Furance, 75% AFUE",Signifcant Air Leakage Issue,0.36099917191668474
4902 51 Street,-9.944326281640246,32.79447236284078,3.9068859371009816,0.6557578007701079,Wall Insulation less than R15,Ineffcient Furnace-80% AFUE,Minor Air Leakage,Roof Insulation less than R30,0.6557578007701079
4902 52 Street,-19.717599684096555,43.315242398318595,2.5951327360300462,0.5157773432433239,Significant Air Leakage Issue,Wall Insulation less than R12,"Ineffcient Furance, 75% AFUE",Roof Insulation less than R20,0.5157773432433239
4902 53 Street,-4.99776361434447,53.45688558567109,14.167022336059475,0.8727976327483432,Minor Air Leakage Issue,,Wall Insulation less than R20,Roof Insulation less than R40,0.8727976327483432
4904 50 Avenue,-13.587413371463681,41.2300447336293,0.8953937625023908,0.6631329875349591,Wall Insulation less than R15,Ineffcient Furnace-80% AFUE,Minor Air Leakage,Roof Insulation less than R30,0.6631329875349591
4906 50 Avenue,-22.011590073042168,46.9169474555092,3.924077240836317,0.4880176651818443,Significant Air Leakage Issue,Wall Insulation less than R12,"Ineffcient Furance, 75% AFUE",Roof Insulation less than R20,0.4880176651818443
4909 46 Street,-17.725974998495577,50.23430737660581,3.6509537913155294,0.6194783407759431,Significant Air Leakage Issue,Wall Insulation less than R12,"Ineffcient Furance, 75% AFUE",Roof Insulation less than R20,0.6194783407759431
4909 48 Street,-26.02127044705796,49.38127196832383,1.8904456892856387,0.45207795934804784,Significant Air Leakage Issue,Wall Insulation less than R12,"Ineffcient Furance, 75% AFUE",Roof Insulation less than R20,0.45207795934804784
4909 50 Street,-23.996136596888878,54.59426613004707,5.1586797237540525,0.5145979173853952,Significant Air Leakage Issue,Wall Insulation less than R12,"Ineffcient Furance, 75% AFUE",Roof Insulation less than R20,0.5145979173853952
4909 51 Street,-15.13514834715872,37.059649404250706,2.8326341671754696,0.5578011041183606,Significant Air Leakage Issue,Wall Insulation less than R12,"Ineffcient Furance, 75% AFUE",Roof Insulation less than R20,0.5578011041183606
4910 52 Street,-15.487471994632891,48.33867313597918,7.072081332353622,0.6246970898800466,Wall Insulation less than R15,Ineffcient Furnace-80% AFUE,Minor Air Leakage,Roof Insulation less than R30,0.6246970898800466
4913 52 Street,8.44619677382978,21.136321782986972,2.402260131403408,1.4508470683460057,"Building is up to Energy Effcient Code, or not in use",,,,1.4508470683460057
4914 49 Street,-31.338577318641534,53.83601243379642,1.8345961916074036,0.39735146495459517,Wall Insulation less than R10,Roof Insulation less than R10,"Ineffcient Furance, 75% AFUE",Signifcant Air Leakage Issue,0.39735146495459517
4914 51 Street,-34.518376275435145,52.319505041295116,0.5774495113203246,0.33287582176865327,Wall Insulation less than R10,Roof Insulation less than R10,"Ineffcient Furance, 75% AFUE",Signifcant Air Leakage Issue,0.33287582176865327
4917 46 Street,-35.57587680741089,63.693310485054916,3.0388847594456716,0.4134661010830376,Significant Air Leakage Issue,Wall Insulation less than R12,"Ineffcient Furance, 75% AFUE",Roof Insulation less than R20,0.4134661010830376
4917 53 Street,-2.9798373779799228,29.76145757783816,3.316501933357428,0.8873192521840422,Minor Air Leakage Issue,,Wall Insulation less than R20,Roof Insulation less than R40,0.8873192521840422
4918 47 Street,-0.6073570068612062,38.57615679675202,2.565082089111016,0.9831341604827936,Minor Air Leakage Issue,,Wall Insulation less than R20,Roof Insulation less than R40,0.9831341604827936
4921 48 Street,-28.179508884305474,53.83601243379641,4.208177554071995,0.4321833915865976,Significant Air Leakage Issue,Wall Insulation less than R12,"Ineffcient Furance, 75% AFUE",Roof Insulation less than R20,0.4321833915865976
4922 48 Street,-0.8243518751669181,22.842392599550944,3.223385215989473,0.9579819784431279,Minor Air Leakage Issue,,Wall Insulation less than R20,Roof Insulation less than R40,0.9579819784431279
4922 49 Street,-10.218778393375258,28.339731897368186,2.3833301020071,0.6063099009662598,Significant Air Leakage Issue,Wall Insulation less than R12,"Ineffcient Furance, 75% AFUE",Roof Insulation less than R20,0.6063099009662598
4922 50 Street,-28.982106330283017,59.04900659551966,3.7145864747053476,0.47623728111716024,Significant Air Leakage Issue,Wall Insulation less than R12,"Ineffcient Furance, 75% AFUE",Roof Insulation less than R20,0.47623728111716024
4922 52 Street,-27.742074133007286,50.13952566457448,1.1614186264810837,0.4335821490318009,Significant Air Leakage Issue,Wall Insulation less than R12,"Ineffcient Furance, 75% AFUE",Roof Insulation less than R20,0.4335821490318009
4925 46 Street,-8.58236451360155,33.93185290721675,3.8587027250737016,0.7146170433885034,Wall Insulation less than R15,Ineffcient Furnace-80% AFUE,Minor Air Leakage,Roof Insulation less than R30,0.7146170433885034
4925 48 Street,-3.586978050869399,33.93185290721675,2.591424559507355,0.8855478932491501,Minor Air Leakage Issue,,Wall Insulation less than R20,Roof Insulation less than R40,0.8855478932491501
4925 49 Street,-34.08302619553996,58.385534611300336,2.5994286018300565,0.38904095242363745,Wall Insulation less than R10,Roof Insulation less than R10,"Ineffcient Furance, 75% AFUE",Signifcant Air Leakage Issue,0.38904095242363745
4925 50 Street,-32.31020590153952,57.43771749098702,1.195347469158459,0.425518414515615,Significant Air Leakage Issue,Wall Insulation less than R12,"Ineffcient Furance, 75% AFUE",Roof Insulation less than R20,0.425518414515615
4925 53 Street,-17.504346600595557,50.5186525126998,3.2089917006056154,0.6300048171953758,Wall Insulation less than R15,Ineffcient Furnace-80% AFUE,Minor Air Leakage,Roof Insulation less than R30,0.6300048171953758
4926 48 Street,-60.79453672086817,88.05221047710717,3.198132726694264,0.28354018648712087,Wall Insulation less than R10,Roof Insulation less than R10,"Ineffcient Furance, 75% AFUE",Signifcant Air Leakage Issue,0.28354018648712087
4926 49 Street,-3.5625583688996647,32.889254074872106,5.925266949155461,0.8678771669675696,Minor Air Leakage Issue,,Wall Insulation less than R20,Roof Insulation less than R40,0.8678771669675696
4929 52 Street,-21.798787697641174,55.06817469020373,5.537166532283832,0.5598961436815496,Significant Air Leakage Issue,Wall Insulation less than R12,"Ineffcient Furance, 75% AFUE",Roof Insulation less than R20,0.5598961436815496
4929 53 Street,-7.54433978172745,31.277964970339468,2.285299193193069,0.7397845427627318,Wall Insulation less than R15,Ineffcient Furnace-80% AFUE,Minor Air Leakage,Roof Insulation less than R30,0.7397845427627318
4930 49 Street,-16.43429415585085,44.92653150285123,2.649430138435865,0.6112719740600856,Significant Air Leakage Issue,Wall Insulation less than R12,"Ineffcient Furance, 75% AFUE",Roof Insulation less than R20,0.6112719740600856
4930 53 Street,-31.02507170220216,59.712478579738985,6.538512101435531,0.41653644147721613,Significant Air Leakage Issue,Wall Insulation less than R12,"Ineffcient Furance, 75% AFUE",Roof Insulation less than R20,0.41653644147721613
4931 48 Street,-13.825373178972352,77.91056728975468,8.333681951789607,0.8012935889294768,Minor Air Leakage Issue,,Wall Insulation less than R20,Roof Insulation less than R40,0.8012935889294768
4933 50 Street,-23.58966354940108,46.632602319415206,4.54549569819752,0.43950379479142787,Significant Air Leakage Issue,Wall Insulation less than R12,"Ineffcient Furance, 75% AFUE",Roof Insulation less than R20,0.43950379479142787
4934 47 Street,0.06837361872181447,39.05006535690867,6.269936574850584,1.0020858252014933,"Building is up to Energy Effcient Code, or not in use",,,,1.0020858252014933
4934 48 Street,-6.251067851189425,27.01278792892954,1.6486254613742968,0.7535472397645487,Wall Insulation less than R15,Ineffcient Furnace-80% AFUE,Minor Air Leakage,Roof Insulation less than R30,0.7535472397645487
4934 49 Street,-16.180970860123704,40.85091788550397,4.176941519043072,0.5587887525902009,Significant Air Leakage Issue,Wall Insulation less than R12,"Ineffcient Furance, 75% AFUE",Roof Insulation less than R20,0.5587887525902009
4934 51 Street,-12.547929667906962,32.036218666590116,1.3305148713990937,0.5913485731640467,Significant Air Leakage Issue,Wall Insulation less than R12,"Ineffcient Furance, 75% AFUE",Roof Insulation less than R20,0.5913485731640467
4937 49 Street,-6.89047454187379,13.079876260323777,0.3928376137757732,0.4568886614254456,Significant Air Leakage Issue,Wall Insulation less than R12,"Ineffcient Furance, 75% AFUE",Roof Insulation less than R20,0.4568886614254456
4938 49 Street,-0.7226632375581827,45.68478519910188,6.296769894636274,0.9816527125834581,Minor Air Leakage Issue,,Wall Insulation less than R20,Roof Insulation less than R40,0.9816527125834581
4942 51 Street,-15.40290042941695,36.96486769221937,0.9203571207602332,0.5726700075763183,Significant Air Leakage Issue,Wall Insulation less than R12,"Ineffcient Furance, 75% AFUE",Roof Insulation less than R20,0.5726700075763183
4942 53 Street,-17.5701076617884,50.04474395254315,4.020615103120427,0.6182413855290434,Significant Air Leakage Issue,Wall Insulation less than R12,"Ineffcient Furance, 75% AFUE",Roof Insulation less than R20,0.6182413855290434
4945 49 Street,-21.34909775326976,56.96380893083036,2.9530275403183897,0.6047252566314447,Significant Air Leakage Issue,Wall Insulation less than R12,"Ineffcient Furance, 75% AFUE",Roof Insulation less than R20,0.6047252566314447
4945 50 Street,-34.66453812514696,64.35678246927424,3.318701772090692,0.4320834185936899,Significant Air Leakage Issue,Wall Insulation less than R12,"Ineffcient Furance, 75% AFUE",Roof Insulation less than R20,0.4320834185936899
4953 49 Street,-15.486633149590833,53.45688558567109,3.444863568820015,0.6903417913322369,Wall Insulation less than R15,Ineffcient Furnace-80% AFUE,Minor Air Leakage,Roof Insulation less than R30,0.6903417913322369
4953 50 Street,-9.040076914790651,30.709274698151475,3.660030401893727,0.6657918862435155,Wall Insulation less than R15,Ineffcient Furnace-80% AFUE,Minor Air Leakage,Roof Insulation less than R30,0.6657918862435155
4953 52 Street,-26.54578156924486,45.02131321488257,2.1222556440466818,0.3812036190908886,Wall Insulation less than R10,Roof Insulation less than R10,"Ineffcient Furance, 75% AFUE",Signifcant Air Leakage Issue,0.3812036190908886
4958 47 Street,-17.90573684326229,44.26305951863192,4.441949771106461,0.5503456092311698,Significant Air Leakage Issue,Wall Insulation less than R12,"Ineffcient Furance, 75% AFUE",Roof Insulation less than R20,0.5503456092311698
4961 49 Street,-5.911388312050647,17.818961861890365,2.627154439399621,0.6108831459185613,Significant Air Leakage Issue,Wall Insulation less than R12,"Ineffcient Furance, 75% AFUE",Roof Insulation less than R20,0.6108831459185613
4970 47 Street,-38.220329809658594,65.68372643771288,3.5178522877438696,0.3851879293540401,Wall Insulation less than R10,Roof Insulation less than R10,"Ineffcient Furance, 75% AFUE",Signifcant Air Leakage Issue,0.3851879293540401
5 Bluejay Crescent,-13.939968235986154,44.64218636675724,4.982817128256884,0.6485075657115199,Wall Insulation less than R15,Ineffcient Furnace-80% AFUE,Minor Air Leakage,Roof Insulation less than R30,0.6485075657115199
5 Canary Crescent,-4.017025179012276,42.36742527800528,5.135169732793619,0.8921090027937109,Minor Air Leakage Issue,,Wall Insulation less than R20,Roof Insulation less than R40,0.8921090027937109
5 McLean Crescent West,-14.098745478669239,44.26305951863191,4.427651793980594,0.6460750301309324,Wall Insulation less than R15,Ineffcient Furnace-80% AFUE,Minor Air Leakage,Roof Insulation less than R30,0.6460750301309324
5 Meadowlark Drive,-30.638159240561123,60.28116885192698,3.5454485842899537,0.4599846605272123,Significant Air Leakage Issue,Wall Insulation less than R12,"Ineffcient Furance, 75% AFUE",Roof Insulation less than R20,0.4599846605272123
50 Oriole Place,-9.879083399521125,43.978714382537916,3.6712771974231586,0.7549066849834501,Wall Insulation less than R15,Ineffcient Furnace-80% AFUE,Minor Air Leakage,Roof Insulation less than R30,0.7549066849834501
5001 45 Street,-4.629283924171474,33.07881749893477,5.302855471289734,0.8333348843304145,Minor Air Leakage Issue,,Wall Insulation less than R20,Roof Insulation less than R40,0.8333348843304145
5001 46 Street,-28.45387826822455,61.70289453239695,3.712296623144645,0.509336352890323,Significant Air Leakage Issue,Wall Insulation less than R12,"Ineffcient Furance, 75% AFUE",Roof Insulation less than R20,0.509336352890323
5001 47 Street,6.39048715587715,14.880728788919079,2.8776352219351704,1.5324033442057827,"Building is up to Energy Effcient Code, or not in use",,,,1.5324033442057827
5001 48 Street,0.6105033740765484,33.742289483154096,1.4376314916927813,1.0188983079232077,"Building is up to Energy Effcient Code, or not in use",,,,1.0188983079232077
5001 49 Street,-25.30684700217505,57.34293577895569,4.792142951795436,0.5184307288110883,Significant Air Leakage Issue,Wall Insulation less than R12,"Ineffcient Furance, 75% AFUE",Roof Insulation less than R20,0.5184307288110883
5001 49A Street,-34.55783580852871,63.97765562114892,2.7915255321842127,0.43520147853309943,Significant Air Leakage Issue,Wall Insulation less than R12,"Ineffcient Furance, 75% AFUE",Roof Insulation less than R20,0.43520147853309943
5001 53A Street,-37.12877345585843,73.74017196037607,4.293629357097837,0.46536181551958555,Significant Air Leakage Issue,Wall Insulation less than R12,"Ineffcient Furance, 75% AFUE",Roof Insulation less than R20,0.46536181551958555
5002 46 Street,-24.773104085946756,69.85412176709147,7.87998731346826,0.6002670419788583,Significant Air Leakage Issue,Wall Insulation less than R12,"Ineffcient Furance, 75% AFUE",Roof Insulation less than R20,0.6002670419788583
5002 47 Street,-71.56017287152252,128.05009295432916,5.596445920600217,0.4156141968412602,Significant Air Leakage Issue,Wall Insulation less than R12,"Ineffcient Furance, 75% AFUE",Roof Insulation less than R20,0.4156141968412602
5002 48 Street,-34.207396220088626,61.79767624442828,1.9385360695466938,0.428535122286255,Significant Air Leakage Issue,Wall Insulation less than R12,"Ineffcient Furance, 75% AFUE",Roof Insulation less than R20,0.428535122286255
5002 49 Street,-36.18449107346345,87.38873849288784,5.224008090524412,0.5596104204776577,Significant Air Leakage Issue,Wall Insulation less than R12,"Ineffcient Furance, 75% AFUE",Roof Insulation less than R20,0.5596104204776577
5003 51 Avenue,-6.694816841261492,70.2332486152168,3.815841864721774,0.8992008696393194,Minor Air Leakage Issue,,Wall Insulation less than R20,Roof Insulation less than R40,0.8992008696393194
5005 45 Street,-15.645812880761788,48.243891423947844,3.103817520224876,0.6533941678045994,Wall Insulation less than R15,Ineffcient Furnace-80% AFUE,Minor Air Leakage,Roof Insulation less than R30,0.6533941678045994
5005 53A Street,-30.75234523677873,66.53676184599486,4.995162987472697,0.500299865340268,Significant Air Leakage Issue,Wall Insulation less than R12,"Ineffcient Furance, 75% AFUE",Roof Insulation less than R20,0.500299865340268
5006 46 Street,-7.640334846167299,43.50480582238126,3.2919511754507313,0.8100026741884018,Minor Air Leakage Issue,,Wall Insulation less than R20,Roof Insulation less than R40,0.8100026741884018
5006 49A Street,-48.496751459328735,93.17042292679908,11.03968199481898,0.4095176676965171,Significant Air Leakage Issue,Wall Insulation less than R12,"Ineffcient Furance, 75% AFUE",Roof Insulation less than R20,0.4095176676965171
5007 53A Street,-12.613709440997138,99.89992448102363,7.7647578389001195,0.8630956028983807,Minor Air Leakage Issue,,Wall Insulation less than R20,Roof Insulation less than R40,0.8630956028983807
5008 50 Avenue,-3.3899713595522165,40.56657274940998,6.896853295025107,0.8993169110260961,Minor Air Leakage Issue,,Wall Insulation less than R20,Roof Insulation less than R40,0.8993169110260961
5009 45 Street,0.42213717087793934,0.4739085601566586,0.15096783097583127,2.3071660918978356,"Building is up to Energy Effcient Code, or not in use",,,,2.3071660918978356
5009 46 Street,-32.79561776998033,65.58894472568154,1.851043265917215,0.48546128725805093,Significant Air Leakage Issue,Wall Insulation less than R12,"Ineffcient Furance, 75% AFUE",Roof Insulation less than R20,0.48546128725805093
5009 48 Street,-2.05612470598155,33.26838092299744,2.6520890117431364,0.932842138037437,Minor Air Leakage Issue,,Wall Insulation less than R20,Roof Insulation less than R40,0.932842138037437
5009 49A Street,-31.494280151818156,74.02451709647006,5.350940730298298,0.5413915829301112,Significant Air Leakage Issue,Wall Insulation less than R12,"Ineffcient Furance, 75% AFUE",Roof Insulation less than R20,0.5413915829301112
5010 46 Street,-50.96090024025876,99.33123420883564,4.864683616240932,0.46054026615158716,Significant Air Leakage Issue,Wall Insulation less than R12,"Ineffcient Furance, 75% AFUE",Roof Insulation less than R20,0.46054026615158716
5013 45 Street,-17.269912707803798,72.50800970396875,15.235293712408714,0.6984617822149596,Wall Insulation less than R15,Ineffcient Furnace-80% AFUE,Minor Air Leakage,Roof Insulation less than R30,0.6984617822149596
5013 47 Street,-33.17410808075391,60.6602957000523,1.6221505741725821,0.43809027180612015,Significant Air Leakage Issue,Wall Insulation less than R12,"Ineffcient Furance, 75% AFUE",Roof Insulation less than R20,0.43809027180612015
5013 49 Street,-19.460622841439744,42.651770414099275,3.4624014117444997,0.5034208680351446,Significant Air Leakage Issue,Wall Insulation less than R12,"Ineffcient Furance, 75% AFUE",Roof Insulation less than R20,0.5034208680351446
5013 49A Street,-42.972144731026944,71.46541087162412,5.240442019485188,0.3511186871681098,Wall Insulation less than R10,Roof Insulation less than R10,"Ineffcient Furance, 75% AFUE",Signifcant Air Leakage Issue,0.3511186871681098
5014 46 Street,-3.011969445257854,41.70395329378596,2.8141846531137995,0.9225511091853645,Minor Air Leakage Issue,,Wall Insulation less than R20,Roof Insulation less than R40,0.9225511091853645
5014 47 Street,-2.1607351379908577,41.135263021597964,3.096728688192803,0.9431961515905907,Minor Air Leakage Issue,,Wall Insulation less than R20,Roof Insulation less than R40,0.9431961515905907
5017 45 Street,-9.63045590031345,53.741230721765085,7.844342588225178,0.7901719203207628,Wall Insulation less than R15,Ineffcient Furnace-80% AFUE,Minor Air Leakage,Roof Insulation less than R30,0.7901719203207628
5017 46 Street,-26.617270907123338,82.64965289132127,9.967775630861786,0.6337839374767538,Wall Insulation less than R15,Ineffcient Furnace-80% AFUE,Minor Air Leakage,Roof Insulation less than R30,0.6337839374767538
5017 48 Avenue,-10.370837390945217,34.9744517395614,1.560777492978439,0.6896229575229732,Wall Insulation less than R15,Ineffcient Furnace-80% AFUE,Minor Air Leakage,Roof Insulation less than R30,0.6896229575229732
5017 48 Street,-14.804376908605708,49.00214512019849,2.8268316278429704,0.6793876253583719,Wall Insulation less than R15,Ineffcient Furnace-80% AFUE,Minor Air Leakage,Roof Insulation less than R30,0.6793876253583719
5017 49A Street,-40.16498217041135,70.70715717537347,3.892649832908864,0.3988583652268569,Wall Insulation less than R10,Roof Insulation less than R10,"Ineffcient Furance, 75% AFUE",Signifcant Air Leakage Issue,0.3988583652268569
5017 50 Street,-17.107485467389722,44.54740465472591,3.635131976302832,0.5818495442221638,Significant Air Leakage Issue,Wall Insulation less than R12,"Ineffcient Furance, 75% AFUE",Roof Insulation less than R20,0.5818495442221638
5018 46 Street,-16.36072540651905,57.62728091504968,9.267226524138081,0.6616892678765524,Wall Insulation less than R15,Ineffcient Furnace-80% AFUE,Minor Air Leakage,Roof Insulation less than R30,0.6616892678765524
5018 48 Street,-43.48821179042117,73.83495367240741,6.329660525564062,0.3557807134349916,Wall Insulation less than R10,Roof Insulation less than R10,"Ineffcient Furance, 75% AFUE",Signifcant Air Leakage Issue,0.3557807134349916
5018 49 Street,-8.002917618981868,14.501601940793753,0.20904771474533007,0.4400638617556255,Significant Air Leakage Issue,Wall Insulation less than R12,"Ineffcient Furance, 75% AFUE",Roof Insulation less than R20,0.4400638617556255
5018 50 Avenue,-27.078677082057613,56.86902721879903,4.011230327748756,0.48770704276850985,Significant Air Leakage Issue,Wall Insulation less than R12,"Ineffcient Furance, 75% AFUE",Roof Insulation less than R20,0.48770704276850985
5021 49 Street,-11.045077938350314,32.699690650809444,0.6733325708284121,0.6551253841986376,Wall Insulation less than R15,Ineffcient Furnace-80% AFUE,Minor Air Leakage,Roof Insulation less than R30,0.6551253841986376
5021 49A Street,-29.35361567584846,68.7167412227155,4.327997457794993,0.5441188325863792,Significant Air Leakage Issue,Wall Insulation less than R12,"Ineffcient Furance, 75% AFUE",Roof Insulation less than R20,0.5441188325863792
5022 48 Street,-6.313250467008768,27.771041625180192,6.208442391479123,0.7072129199924316,Wall Insulation less than R15,Ineffcient Furnace-80% AFUE,Minor Air Leakage,Roof Insulation less than R30,0.7072129199924316
5022 49A Street,-42.40364553584088,80.75401865069463,4.737613478763655,0.4421777057211014,Significant Air Leakage Issue,Wall Insulation less than R12,"Ineffcient Furance, 75% AFUE",Roof Insulation less than R20,0.4421777057211014
5025 46 Street,-31.111461256329218,71.84453771974944,4.360496102443371,0.538980468408241,Significant Air Leakage Issue,Wall Insulation less than R12,"Ineffcient Furance, 75% AFUE",Roof Insulation less than R20,0.538980468408241
5025 47 Street,2.0407054106811904,20.37806808673632,1.4162635192255166,1.1076218987183182,"Building is up to Energy Effcient Code, or not in use",,,,1.1076218987183182
5025 48 Street,-23.381055133503956,41.51438986972329,1.7163713350564511,0.4125070545123387,Significant Air Leakage Issue,Wall Insulation less than R12,"Ineffcient Furance, 75% AFUE",Roof Insulation less than R20,0.4125070545123387
5026 47 Street,-2.6225187521979287,6.445156418130557,0.03051481943377812,0.5911667531463132,Significant Air Leakage Issue,Wall Insulation less than R12,"Ineffcient Furance, 75% AFUE",Roof Insulation less than R20,0.5911667531463132
5029 48 Street,-26.354935187482436,58.859443171456995,4.122666341547806,0.5185150329662522,Significant Air Leakage Issue,Wall Insulation less than R12,"Ineffcient Furance, 75% AFUE",Roof Insulation less than R20,0.5185150329662522
5029 49 Street,-15.943930689172799,45.969130335195885,4.097474146269441,0.6192190101764019,Significant Air Leakage Issue,Wall Insulation less than R12,"Ineffcient Furance, 75% AFUE",Roof Insulation less than R20,0.6192190101764019
5029 49A Street,0.6516883952820809,38.57615679675201,3.4284588125958617,1.0185414246923326,"Building is up to Energy Effcient Code, or not in use",,,,1.0185414246923326
5030 49A Street,-33.55171936646151,68.1480509505275,5.144530234227365,0.4674627864442331,Significant Air Leakage Issue,Wall Insulation less than R12,"Ineffcient Furance, 75% AFUE",Roof Insulation less than R20,0.4674627864442331
5033 46 Street,-9.238811846415897,43.41002411034993,6.205466766649217,0.7516752649126689,Wall Insulation less than R15,Ineffcient Furnace-80% AFUE,Minor Air Leakage,Roof Insulation less than R30,0.7516752649126689
5033 47 Street,-3.5189451210123845,26.918006216898206,2.396551117693832,0.8564952566323619,Minor Air Leakage Issue,,Wall Insulation less than R20,Roof Insulation less than R40,0.8564952566323619
5033 48 Street,-37.243846107834415,79.61663810631865,7.656105127495421,0.482440657870132,Significant Air Leakage Issue,Wall Insulation less than R12,"Ineffcient Furance, 75% AFUE",Roof Insulation less than R20,0.482440657870132
5033 49A Street,-43.20234121092906,72.69757312803142,2.314973491689019,0.3861786658328926,Wall Insulation less than R10,Roof Insulation less than R10,"Ineffcient Furance, 75% AFUE",Signifcant Air Leakage Issue,0.3861786658328926
5034 49 Street,-7.594084126093774,45.49522177503923,7.052444283031991,0.8024574543898998,Minor Air Leakage Issue,,Wall Insulation less than R20,Roof Insulation less than R40,0.8024574543898998
5037 49 Street,2.2441418284130235,54.309920993953085,5.143393357690957,1.045643691680148,"Building is up to Energy Effcient Code, or not in use",,,,1.045643691680148
5037 50 Street,-27.340958686370477,57.532499203018354,5.112991598449533,0.4784201543322495,Significant Air Leakage Issue,Wall Insulation less than R12,"Ineffcient Furance, 75% AFUE",Roof Insulation less than R20,0.4784201543322495
5038 47 Street,2.9903813290778993,36.301395708000044,20.54202207383082,1.1897525497202632,"Building is up to Energy Effcient Code, or not in use",,,,1.1897525497202632
5038 48 Street,-25.527591604376354,58.859443171456995,5.323647451729257,0.5231677934139768,Significant Air Leakage Issue,Wall Insulation less than R12,"Ineffcient Furance, 75% AFUE",Roof Insulation less than R20,0.5231677934139768
5038 49A Street,-18.32112181500277,43.41002411034992,3.895328008327616,0.5363466349911996,Significant Air Leakage Issue,Wall Insulation less than R12,"Ineffcient Furance, 75% AFUE",Roof Insulation less than R20,0.5363466349911996
5049 47 Street,-3.794211968026016,20.47284979876765,2.3133742830314747,0.7910615884947709,Wall Insulation less than R15,Ineffcient Furnace-80% AFUE,Minor Air Leakage,Roof Insulation less than R30,0.7910615884947709
5050 47 Street,-27.067367878331297,52.03515990520111,1.8635746515747984,0.46050403347829405,Significant Air Leakage Issue,Wall Insulation less than R12,"Ineffcient Furance, 75% AFUE",Roof Insulation less than R20,0.46050403347829405
5050 49 Street,-8.003209342391491,38.29181166065801,2.671657802605802,0.775317945725765,Wall Insulation less than R15,Ineffcient Furnace-80% AFUE,Minor Air Leakage,Roof Insulation less than R30,0.775317945725765
5050 50 Street,-5.640690178017465,43.41002411034992,2.4905628193433484,0.8621514066887974,Minor Air Leakage Issue,,Wall Insulation less than R20,Roof Insulation less than R40,0.8621514066887974
5053 49 Street,-1.716276430069507,9.762516339227167,1.8254805220607837,0.783763552338077,Wall Insulation less than R15,Ineffcient Furnace-80% AFUE,Minor Air Leakage,Roof Insulation less than R30,0.783763552338077
5061 49 Street,-7.960014473300859,43.12567897425593,2.4869976274974324,0.8041271466123548,Minor Air Leakage Issue,,Wall Insulation less than R20,Roof Insulation less than R40,0.8041271466123548
5062 49 Street,-23.838226796646804,47.10651087957187,3.8367482484760087,0.44907886368862504,Significant Air Leakage Issue,Wall Insulation less than R12,"Ineffcient Furance, 75% AFUE",Roof Insulation less than R20,0.44907886368862504
5073 47 Street,-8.622970834180473,36.11183228393739,4.002515456806797,0.7314495702102718,Wall Insulation less than R15,Ineffcient Furnace-80% AFUE,Minor Air Leakage,Roof Insulation less than R30,0.7314495702102718
5073 49 Street,-15.78410620616146,30.33014785002615,6.2489167769336245,0.34454737142578906,Wall Insulation less than R10,Roof Insulation less than R10,"Ineffcient Furance, 75% AFUE",Signifcant Air Leakage Issue,0.34454737142578906
51 Mackenzie Drive,-20.0543550550433,61.513331108334285,6.12663552764099,0.6379210775297841,Wall Insulation less than R15,Ineffcient Furnace-80% AFUE,Minor Air Leakage,Roof Insulation less than R30,0.6379210775297841
51 Oriole Place,-7.837669015055383,40.850917885503975,4.155870283653884,0.7864107140534076,Wall Insulation less than R15,Ineffcient Furnace-80% AFUE,Minor Air Leakage,Roof Insulation less than R30,0.7864107140534076
5101 48 Avenue,-22.477401664773925,48.81258169613583,3.209731764449622,0.5071053300737689,Significant Air Leakage Issue,Wall Insulation less than R12,"Ineffcient Furance, 75% AFUE",Roof Insulation less than R20,0.5071053300737689
5102 48 Street,-21.127369408193104,48.149109711916516,4.936532927193973,0.5110828610511717,Significant Air Leakage Issue,Wall Insulation less than R12,"Ineffcient Furance, 75% AFUE",Roof Insulation less than R20,0.5110828610511717
5102 50 Street,-46.92352622659166,75.73058791303404,2.624584478289336,0.3581440097669111,Wall Insulation less than R10,Roof Insulation less than R10,"Ineffcient Furance, 75% AFUE",Signifcant Air Leakage Issue,0.3581440097669111
5102 52 Avenue,-4.598559125704825,25.211935400334237,2.167702162432649,0.8004464250022679,Minor Air Leakage Issue,,Wall Insulation less than R20,Roof Insulation less than R40,0.8004464250022679
5103 51 Avenue,-12.713173578093228,60.6602957000523,4.318285542745992,0.7743571174937107,Wall Insulation less than R15,Ineffcient Furnace-80% AFUE,Minor Air Leakage,Roof Insulation less than R30,0.7743571174937107
5105 50 Street,-5.005874205983547,49.19170854426116,5.724354959874399,0.8848360023513916,Minor Air Leakage Issue,,Wall Insulation less than R20,Roof Insulation less than R40,0.8848360023513916
5106 52 Avenue,-6.352988563171577,15.828545909232396,0.03306422766349044,0.5977970984838901,Significant Air Leakage Issue,Wall Insulation less than R12,"Ineffcient Furance, 75% AFUE",Roof Insulation less than R20,0.5977970984838901
5107 48 Avenue,-19.308043624159822,66.53676184599487,8.043411881054071,0.6699104490385233,Wall Insulation less than R15,Ineffcient Furnace-80% AFUE,Minor Air Leakage,Roof Insulation less than R30,0.6699104490385233
5109 50 Street,-3.9257908116106197,49.760398816449154,9.26651310888288,0.9030522573219718,Minor Air Leakage Issue,,Wall Insulation less than R20,Roof Insulation less than R40,0.9030522573219718
5110 52 Avenue,-21.203261782048614,53.267322161608426,2.506111957026768,0.5822940056670511,Significant Air Leakage Issue,Wall Insulation less than R12,"Ineffcient Furance, 75% AFUE",Roof Insulation less than R20,0.5822940056670511
5113 48 Avenue,-31.177216830441186,57.62728091504969,5.044195652200138,0.407086581652747,Significant Air Leakage Issue,Wall Insulation less than R12,"Ineffcient Furance, 75% AFUE",Roof Insulation less than R20,0.407086581652747
5113 50 Street,-3.17509154713742,33.93185290721675,3.003311063239333,0.8973410527028873,Minor Air Leakage Issue,,Wall Insulation less than R20,Roof Insulation less than R40,0.8973410527028873
5114 50 Street,-37.66783085455323,66.82110698208886,1.5272006298393552,0.4231034263543416,Significant Air Leakage Issue,Wall Insulation less than R12,"Ineffcient Furance, 75% AFUE",Roof Insulation less than R20,0.4231034263543416
5114 52 Avenue,-31.503436266402723,59.80726029177031,4.095678360117867,0.434526265919868,Significant Air Leakage Issue,Wall Insulation less than R12,"Ineffcient Furance, 75% AFUE",Roof Insulation less than R20,0.434526265919868
5117 48 Avenue,-15.498403686858401,41.04048130956664,2.883676264640167,0.5938233384946586,Significant Air Leakage Issue,Wall Insulation less than R12,"Ineffcient Furance, 75% AFUE",Roof Insulation less than R20,0.5938233384946586
5117 50 Street,-1.7003044186317917,34.310979755342075,5.600251383563215,0.940778081398203,Minor Air Leakage Issue,,Wall Insulation less than R20,Roof Insulation less than R40,0.940778081398203
52 Oriole Place,-6.100293167179625,40.9456995975353,5.229574471232766,0.8292005880927109,Minor Air Leakage Issue,,Wall Insulation less than R20,Roof Insulation less than R40,0.8292005880927109
5201 48 Avenue,-21.056290148235245,41.324826445660634,0.8582292444816184,0.4796624474364808,Significant Air Leakage Issue,Wall Insulation less than R12,"Ineffcient Furance, 75% AFUE",Roof Insulation less than R20,0.4796624474364808
5201 51 Avenue,-4.879403974467509,54.02557585785908,12.854589225557833,0.8814844050727871,Minor Air Leakage Issue,,Wall Insulation less than R20,Roof Insulation less than R40,0.8814844050727871
5202 50 Avenue,-18.276814161936727,36.96486769221937,0.8274918395765277,0.4942406931686467,Significant Air Leakage Issue,Wall Insulation less than R12,"Ineffcient Furance, 75% AFUE",Roof Insulation less than R20,0.4942406931686467
5205 48 Avenue,-71.8309411934193,106.62942603524819,4.051690893207988,0.29974140008107575,Wall Insulation less than R10,Roof Insulation less than R10,"Ineffcient Furance, 75% AFUE",Signifcant Air Leakage Issue,0.29974140008107575
5206 50 Avenue,-16.06263554612642,40.37700932534731,3.2552611024066977,0.5672985159626727,Significant Air Leakage Issue,Wall Insulation less than R12,"Ineffcient Furance, 75% AFUE",Roof Insulation less than R20,0.5672985159626727
5211 48 Avenue,-23.521819174796153,43.88393267050659,0.9425652073805111,0.4522340445959381,Significant Air Leakage Issue,Wall Insulation less than R12,"Ineffcient Furance, 75% AFUE",Roof Insulation less than R20,0.4522340445959381
5212 50 Avenue,-16.891527001399737,42.84133383816194,2.1874771887394266,0.5845037004222406,Significant Air Leakage Issue,Wall Insulation less than R12,"Ineffcient Furance, 75% AFUE",Roof Insulation less than R20,0.5845037004222406
5216 50 Avenue,-21.694218936985674,44.07349609456925,2.332089778585308,0.48027101021082863,Significant Air Leakage Issue,Wall Insulation less than R12,"Ineffcient Furance, 75% AFUE",Roof Insulation less than R20,0.48027101021082863
53 Mackenzie Drive,-11.955426158365874,49.286490256292495,6.3932058404781875,0.7212751058541454,Wall Insulation less than R15,Ineffcient Furnace-80% AFUE,Minor Air Leakage,Roof Insulation less than R30,0.7212751058541454
53 Oriole Place,0.7985981947876875,37.43877625237603,6.874928953993621,1.0261288504353296,"Building is up to Energy Effcient Code, or not in use",,,,1.0261288504353296
55 Mackenzie Drive,-9.163746025361213,49.19170854426116,6.606265081525433,0.7848150616681984,Wall Insulation less than R15,Ineffcient Furnace-80% AFUE,Minor Air Leakage,Roof Insulation less than R30,0.7848150616681984
6 Canary Crescent,-22.8905205557941,60.375950563958305,8.330841094903525,0.5601792216537761,Significant Air Leakage Issue,Wall Insulation less than R12,"Ineffcient Furance, 75% AFUE",Roof Insulation less than R20,0.5601792216537761
6 McLean Crescent West,-4.9460458330678065,38.670938508783344,3.1267033627996463,0.8608481568739936,Minor Air Leakage Issue,,Wall Insulation less than R20,Roof Insulation less than R40,0.8608481568739936
6 Meadowlark Drive,-35.09684222496695,70.5175937513108,6.627060339121003,0.4506722615925014,Significant Air Leakage Issue,Wall Insulation less than R12,"Ineffcient Furance, 75% AFUE",Roof Insulation less than R20,0.4506722615925014
7 Canary Crescent,-5.020821670048653,37.62833967643869,2.3277699115573864,0.8577693871943222,Minor Air Leakage Issue,,Wall Insulation less than R20,Roof Insulation less than R40,0.8577693871943222
7 Mackenzie Drive,0.5430401312174671,29.287549017681503,2.5229538142299357,1.0202894953982877,"Building is up to Energy Effcient Code, or not in use",,,,1.0202894953982877
7 McLean Crescent West,-21.17467571259388,62.08202138052228,9.587357737768878,0.5966318432537108,Significant Air Leakage Issue,Wall Insulation less than R12,"Ineffcient Furance, 75% AFUE",Roof Insulation less than R20,0.5966318432537108
7 Meadowlark Drive,-10.311922842463762,43.978714382537916,6.189321733138851,0.7271212337775493,Wall Insulation less than R15,Ineffcient Furnace-80% AFUE,Minor Air Leakage,Roof Insulation less than R30,0.7271212337775493
8 Canary Crescent,-5.946746752628609,36.58574084409405,5.242005010239838,0.8102731983146196,Minor Air Leakage Issue,,Wall Insulation less than R20,Roof Insulation less than R40,0.8102731983146196
8 McLean Crescent West,-25.222798331978595,48.62301827207317,3.204426870335329,0.44465916811736483,Significant Air Leakage Issue,Wall Insulation less than R12,"Ineffcient Furance, 75% AFUE",Roof Insulation less than R20,0.44465916811736483
9 Canary Crescent,11.226686642746563,30.045802713932154,12.73355093291126,1.6484821723222727,"Building is up to Energy Effcient Code, or not in use",,,,1.6484821723222727
9 Mackenzie Drive,-19.39858512506826,49.19170854426116,5.882190190521121,0.5520941847788277,Significant Air Leakage Issue,Wall Insulation less than R12,"Ineffcient Furance, 75% AFUE",Roof Insulation less than R20,0.5520941847788277
9 McLean Crescent West,-1.7886176985165019,24.169336567989586,2.333531490474818,0.9180878519401001,Minor Air Leakage Issue,,Wall Insulation less than R20,Roof Insulation less than R40,0.9180878519401001
9 Meadowlark Drive,-4.861737661979262,43.315242398318595,4.097715591388356,0.8760315079042635,Minor Air Leakage Issue,,Wall Insulation less than R20,Roof Insulation less than R40,0.8760315079042635
