address,total_accuracy,gas_consumption,hot_water_gas,estimated_effciency,Efficiency Issue Detection1,Efficiency Issue Detection2,Efficiency Issue Detection3,Efficiency Issue Detection4,eff
1 Bluejay Crescent,-5.79462072528636,37.5335579644074,6.71613853430773,0.811969307215039,Minor Air Leakage Issue,,Wall Insulation less than R20,Roof Insulation less than R40,0.811969307215039
1 Canary Crescent,-19.1964650552663,53.5516672977024,1.46890351599425,0.631423840414395,Wall Insulation less than R15,Ineffcient Furnace-80% AFUE,Minor Air Leakage,Roof Insulation less than R30,0.631423840414395
1 McLean Crescent West,-17.9073454854356,46.8221657434779,3.83627133984395,0.583413449135498,Significant Air Leakage Issue,Wall Insulation less than R12,"Ineffcient Furance, 75% AFUE",Roof Insulation less than R20,0.583413449135498
1 Meadowlark Drive,-36.5714694474607,62.7454933647416,2.17817239741998,0.396184792997656,Wall Insulation less than R10,Roof Insulation less than R10,"Ineffcient Furance, 75% AFUE",Signifcant Air Leakage Issue,0.396184792997656
10 Canary Crescent,-0.731908090503943,40.850917885504,2.72255773727158,0.980804102571983,Minor Air Leakage Issue,,Wall Insulation less than R20,Roof Insulation less than R40,0.980804102571983
10 Mackenzie Drive,-21.1877771462301,60.7550774120836,10.1367276975202,0.581421020920123,Significant Air Leakage Issue,Wall Insulation less than R12,"Ineffcient Furance, 75% AFUE",Roof Insulation less than R20,0.581421020920123
10 McLean Crescent West,-26.8132587671679,53.4568855856711,3.17850855200237,0.466703971983572,Significant Air Leakage Issue,Wall Insulation less than R12,"Ineffcient Furance, 75% AFUE",Roof Insulation less than R20,0.466703971983572
11 Bluejay Crescent,-21.3014034213997,52.7934136014518,3.31397159243441,0.569489821297547,Significant Air Leakage Issue,Wall Insulation less than R12,"Ineffcient Furance, 75% AFUE",Roof Insulation less than R20,0.569489821297547
11 Canary Crescent,-5.79655964922826,42.4622069900366,6.3858992459757,0.839325030422978,Minor Air Leakage Issue,,Wall Insulation less than R20,Roof Insulation less than R40,0.839325030422978
11 McLean Crescent West,-34.4032622404017,65.9680715738069,6.33765472444581,0.423058498361472,Significant Air Leakage Issue,Wall Insulation less than R12,"Ineffcient Furance, 75% AFUE",Roof Insulation less than R20,0.423058498361472
12 Bluejay Crescent,-4.040021947525,35.4483602997181,5.31077732511716,0.865947380354628,Minor Air Leakage Issue,,Wall Insulation less than R20,Roof Insulation less than R40,0.865947380354628
12 Canary Crescent,2.32097259845869,30.5197112740888,3.13412870419749,1.08475162405384,"Building is up to Energy Effcient Code, or not in use",,,,1.08475162405384
12 Mackenzie Drive,-16.1415312811201,45.4952217750392,5.16677466523067,0.599748256183308,Significant Air Leakage Issue,Wall Insulation less than R12,"Ineffcient Furance, 75% AFUE",Roof Insulation less than R20,0.599748256183308
12 McLean Crescent West,-19.9972237192106,47.5804194397285,2.35604111155855,0.55782203186739,Significant Air Leakage Issue,Wall Insulation less than R12,"Ineffcient Furance, 75% AFUE",Roof Insulation less than R20,0.55782203186739
13 Mackenzie Drive,-2.45651077793588,31.3727466823708,1.93338900466418,0.916556916600252,Minor Air Leakage Issue,,Wall Insulation less than R20,Roof Insulation less than R40,0.916556916600252
13 McLean Crescent West,-37.3892625513312,64.5463458933369,7.10989596300743,0.349032494231721,Wall Insulation less than R10,Roof Insulation less than R10,"Ineffcient Furance, 75% AFUE",Signifcant Air Leakage Issue,0.349032494231721
14 Canary Crescent,-19.1449409263645,59.8072602917703,2.54893144347578,0.665639195005345,Wall Insulation less than R15,Ineffcient Furnace-80% AFUE,Minor Air Leakage,Roof Insulation less than R30,0.665639195005345
14 Mackenzie Drive,-6.1107881689692,56.4899003706737,15.4530083230022,0.851090375901994,Minor Air Leakage Issue,,Wall Insulation less than R20,Roof Insulation less than R40,0.851090375901994
14 McLean Crescent West,-18.506326864944,50.9925610728565,1.73944025929162,0.6242608273495,Wall Insulation less than R15,Ineffcient Furnace-80% AFUE,Minor Air Leakage,Roof Insulation less than R30,0.6242608273495
16 Canary Crescent,-13.0308638685896,58.6698797473943,10.1368408808885,0.731505296743687,Wall Insulation less than R15,Ineffcient Furnace-80% AFUE,Minor Air Leakage,Roof Insulation less than R30,0.731505296743687
16 Mackenzie Drive,-1.03232330315153,40.7561361734726,7.21497941407375,0.96922219139439,Minor Air Leakage Issue,,Wall Insulation less than R20,Roof Insulation less than R40,0.96922219139439
16 McLean Crescent West,-19.1693243319056,49.8551805284805,2.29552240851238,0.596941502742693,Significant Air Leakage Issue,Wall Insulation less than R12,"Ineffcient Furance, 75% AFUE",Roof Insulation less than R20,0.596941502742693
17 McLean Crescent West,-14.6037508645358,60.849859124115,2.03166338256175,0.751713722591822,Wall Insulation less than R15,Ineffcient Furnace-80% AFUE,Minor Air Leakage,Roof Insulation less than R30,0.751713722591822
18 Canary Crescent,-2.10695744334775,31.6570918184648,2.6458564396084,0.927374432152472,Minor Air Leakage Issue,,Wall Insulation less than R20,Roof Insulation less than R40,0.927374432152472
19 Mackenzie Drive,-27.1500954144864,67.5793606783395,6.94388148196271,0.552240771008721,Significant Air Leakage Issue,Wall Insulation less than R12,"Ineffcient Furance, 75% AFUE",Roof Insulation less than R20,0.552240771008721
19 McLean Crescent East,-50.7335298854158,78.9531661220993,2.01592919196925,0.340585496571849,Wall Insulation less than R10,Roof Insulation less than R10,"Ineffcient Furance, 75% AFUE",Signifcant Air Leakage Issue,0.340585496571849
2 Mackenzie Drive,-29.0916458556284,55.5420832503604,1.01098758532788,0.466512720845932,Significant Air Leakage Issue,Wall Insulation less than R12,"Ineffcient Furance, 75% AFUE",Roof Insulation less than R20,0.466512720845932
2 McLean Crescent West,-19.4457995760692,45.2108766389452,5.71788968387779,0.507613855639905,Significant Air Leakage Issue,Wall Insulation less than R12,"Ineffcient Furance, 75% AFUE",Roof Insulation less than R20,0.507613855639905
2 Meadowlark Drive,-14.4067322685265,56.6794637947364,11.4410203414559,0.68153784328577,Wall Insulation less than R15,Ineffcient Furnace-80% AFUE,Minor Air Leakage,Roof Insulation less than R30,0.68153784328577
20 Canary Crescent,-8.45703890194977,41.8935167178486,6.4141865930151,0.761634763897914,Wall Insulation less than R15,Ineffcient Furnace-80% AFUE,Minor Air Leakage,Roof Insulation less than R30,0.761634763897914
20 Mackenzie Drive,-19.3968481840827,44.1682778066006,0.584513793829418,0.55495243186433,Significant Air Leakage Issue,Wall Insulation less than R12,"Ineffcient Furance, 75% AFUE",Roof Insulation less than R20,0.55495243186433
20 McLean Crescent West,-5.36821891147861,29.0979855936188,1.96299946863804,0.802166144963068,Minor Air Leakage Issue,,Wall Insulation less than R20,Roof Insulation less than R40,0.802166144963068
21 Mackenzie Drive,-17.2178697725666,65.7785081497442,9.93774492833672,0.691661274322163,Wall Insulation less than R15,Ineffcient Furnace-80% AFUE,Minor Air Leakage,Roof Insulation less than R30,0.691661274322163
22 Canary Crescent,-36.8614361544885,66.0628532858382,3.88934423120121,0.40711990178815,Significant Air Leakage Issue,Wall Insulation less than R12,"Ineffcient Furance, 75% AFUE",Roof Insulation less than R20,0.40711990178815
22 Mackenzie Drive,2.89565826168186,25.9701890965849,3.53971056181765,1.12909480540924,"Building is up to Energy Effcient Code, or not in use",,,,1.12909480540924
23 Mackenzie Drive,-10.0461624409483,42.9361155501933,6.08990942992713,0.727348796558387,Wall Insulation less than R15,Ineffcient Furnace-80% AFUE,Minor Air Leakage,Roof Insulation less than R30,0.727348796558387
23 McLean Crescent East,3.98575551368311,32.6996906508094,3.70688806730712,1.13747396451943,"Building is up to Energy Effcient Code, or not in use",,,,1.13747396451943
24 Canary Crescent,-25.5747993064874,59.3333517316137,7.78836725225002,0.503835347613181,Significant Air Leakage Issue,Wall Insulation less than R12,"Ineffcient Furance, 75% AFUE",Roof Insulation less than R20,0.503835347613181
26 Canary Crescent,-5.88190628443379,45.6847851991019,8.94993894840879,0.839882104193568,Minor Air Leakage Issue,,Wall Insulation less than R20,Roof Insulation less than R40,0.839882104193568
28 Canary Crescent,-28.40223905246,63.8828739091176,6.43219090597931,0.505623996656253,Significant Air Leakage Issue,Wall Insulation less than R12,"Ineffcient Furance, 75% AFUE",Roof Insulation less than R20,0.505623996656253
28 McLean Crescent East,14.9950806596136,28.2449501853368,3.61935617884932,1.60892259718337,"Building is up to Energy Effcient Code, or not in use",,,,1.60892259718337
29 Mackenzie Drive,-35.4484591960328,80.9435820747573,10.5788505392327,0.496218369309968,Significant Air Leakage Issue,Wall Insulation less than R12,"Ineffcient Furance, 75% AFUE",Roof Insulation less than R20,0.496218369309968
3 Canary Crescent,-12.2007162123938,42.7465521261306,5.1488468325112,0.675493062219828,Wall Insulation less than R15,Ineffcient Furnace-80% AFUE,Minor Air Leakage,Roof Insulation less than R30,0.675493062219828
3 McLean Crescent West,-33.4841041908925,72.3184462799061,9.95573261060163,0.463074933389666,Significant Air Leakage Issue,Wall Insulation less than R12,"Ineffcient Furance, 75% AFUE",Roof Insulation less than R20,0.463074933389666
30 Canary Crescent,-2.25145182357564,48.2438914239478,8.00642753264184,0.944045881478576,Minor Air Leakage Issue,,Wall Insulation less than R20,Roof Insulation less than R40,0.944045881478576
31 Mackenzie Drive,-10.315337348705,41.6091715817546,8.44436751109805,0.688967336374776,Wall Insulation less than R15,Ineffcient Furnace-80% AFUE,Minor Air Leakage,Roof Insulation less than R30,0.688967336374776
32 Canary Crescent,-28.0758736522326,65.3993813016189,6.95884442853244,0.519582208609682,Significant Air Leakage Issue,Wall Insulation less than R12,"Ineffcient Furance, 75% AFUE",Roof Insulation less than R20,0.519582208609682
32 McLean Crescent East,-53.0006046584442,94.9712754553944,3.66621856619256,0.41952169502769,Significant Air Leakage Issue,Wall Insulation less than R12,"Ineffcient Furance, 75% AFUE",Roof Insulation less than R20,0.41952169502769
33 Mackenzie Drive,-87.1659423861792,154.873317459196,17.9276264506562,0.363499926545746,Wall Insulation less than R10,Roof Insulation less than R10,"Ineffcient Furance, 75% AFUE",Signifcant Air Leakage Issue,0.363499926545746
34 Canary Crescent,-14.0954375635929,45.3056583509766,4.1785669976753,0.657271226829381,Wall Insulation less than R15,Ineffcient Furnace-80% AFUE,Minor Air Leakage,Roof Insulation less than R30,0.657271226829381
35 Bluebird Place,-14.8583222499814,48.6230182720732,5.81642225194414,0.6528964311249,Wall Insulation less than R15,Ineffcient Furnace-80% AFUE,Minor Air Leakage,Roof Insulation less than R30,0.6528964311249
35 Mackenzie Drive,-13.4204075492775,58.1011894752063,4.72043726023916,0.748590887306481,Wall Insulation less than R15,Ineffcient Furnace-80% AFUE,Minor Air Leakage,Roof Insulation less than R30,0.748590887306481
36 Canary Crescent,-17.2426917776,61.0394225481776,13.7505066576951,0.635375617036079,Wall Insulation less than R15,Ineffcient Furnace-80% AFUE,Minor Air Leakage,Roof Insulation less than R30,0.635375617036079
37 Bluebird Place,-7.23844473769669,38.9552836448773,5.02485617211682,0.786668035835748,Wall Insulation less than R15,Ineffcient Furnace-80% AFUE,Minor Air Leakage,Roof Insulation less than R30,0.786668035835748
37 Mackenzie Drive,-26.4129068354251,55.731646674423,3.85806019303254,0.490821656511052,Significant Air Leakage Issue,Wall Insulation less than R12,"Ineffcient Furance, 75% AFUE",Roof Insulation less than R20,0.490821656511052
38 Bluebird Place,-0.170814627854424,39.8083190531593,6.0459735707201,0.994940676501777,Minor Air Leakage Issue,,Wall Insulation less than R20,Roof Insulation less than R40,0.994940676501777
39 Mackenzie Drive,-27.5832673208607,54.1203575698904,3.02951547457433,0.460113276868665,Significant Air Leakage Issue,Wall Insulation less than R12,"Ineffcient Furance, 75% AFUE",Roof Insulation less than R20,0.460113276868665
4 Canary Crescent,4.16304794685927,17.439835013765,1.83213396582889,1.26673037458068,"Building is up to Energy Effcient Code, or not in use",,,,1.26673037458068
4 McLean Crescent West,-46.6610922061907,71.7497560077181,2.62132780734287,0.325008633626977,Wall Insulation less than R10,Roof Insulation less than R10,"Ineffcient Furance, 75% AFUE",Signifcant Air Leakage Issue,0.325008633626977
4 Meadowlark Drive,-12.0730900900796,50.5186525126998,7.35909741935481,0.720268430386549,Wall Insulation less than R15,Ineffcient Furnace-80% AFUE,Minor Air Leakage,Roof Insulation less than R30,0.720268430386549
40 Bluebird Place,-11.7178470462213,57.2481540669244,9.13649787822093,0.756444737627373,Wall Insulation less than R15,Ineffcient Furnace-80% AFUE,Minor Air Leakage,Roof Insulation less than R30,0.756444737627373
41 Bluebird Place,-17.3652201975651,58.1011894752064,6.6561637877629,0.662450937374037,Wall Insulation less than R15,Ineffcient Furnace-80% AFUE,Minor Air Leakage,Roof Insulation less than R30,0.662450937374037
42 Bluebird Place,-1.35525180999322,36.3013957080001,6.06753441959486,0.955174372301795,Minor Air Leakage Issue,,Wall Insulation less than R20,Roof Insulation less than R40,0.955174372301795
43 Bluebird Place,-4.63671970304883,18.3876521340784,0.062167616724651,0.746979693843402,Wall Insulation less than R15,Ineffcient Furnace-80% AFUE,Minor Air Leakage,Roof Insulation less than R30,0.746979693843402
43 Mackenzie Drive,-3.25771618723163,47.9595462878539,6.05749158379882,0.922254022857825,Minor Air Leakage Issue,,Wall Insulation less than R20,Roof Insulation less than R40,0.922254022857825
44 Bluebird Place,-6.00955477326825,41.419608157692,3.13474496518245,0.843030527677476,Minor Air Leakage Issue,,Wall Insulation less than R20,Roof Insulation less than R40,0.843030527677476
45 Mackenzie Drive,-54.313731541379,107.198116307436,8.61447612335505,0.449059383078559,Significant Air Leakage Issue,Wall Insulation less than R12,"Ineffcient Furance, 75% AFUE",Roof Insulation less than R20,0.449059383078559
45 Oriole Place,-4.62716215415892,46.7273840314465,7.55336947856509,0.881881849308228,Minor Air Leakage Issue,,Wall Insulation less than R20,Roof Insulation less than R40,0.881881849308228
4502 47 Avenue,-56.6448528165298,90.8008801260158,2.53061860717318,0.358279313532586,Wall Insulation less than R10,Roof Insulation less than R10,"Ineffcient Furance, 75% AFUE",Signifcant Air Leakage Issue,0.358279313532586
46 Oriole Place,-3.23340925911339,38.1970299486267,3.83469812323731,0.905902507561367,Minor Air Leakage Issue,,Wall Insulation less than R20,Roof Insulation less than R40,0.905902507561367
4602 47 Avenue,3.38824005040833,23.9797731439269,7.19345101619327,1.20184528955336,"Building is up to Energy Effcient Code, or not in use",,,,1.20184528955336
4604 47 Avenue,-23.292436779989,44.3578412306632,4.94018354832711,0.409086228113783,Significant Air Leakage Issue,Wall Insulation less than R12,"Ineffcient Furance, 75% AFUE",Roof Insulation less than R20,0.409086228113783
4605A 51 Avenue,1.21170328865935,36.9648676922194,2.07661550424135,1.03473098285723,"Building is up to Energy Effcient Code, or not in use",,,,1.03473098285723
47 Mackenzie Drive,-18.9331009833082,56.2055552345797,4.42395185049166,0.634366266280466,Wall Insulation less than R15,Ineffcient Furnace-80% AFUE,Minor Air Leakage,Roof Insulation less than R30,0.634366266280466
47 Oriole Place,-34.2693681159346,70.4228120392795,5.85246704700696,0.469270791103319,Significant Air Leakage Issue,Wall Insulation less than R12,"Ineffcient Furance, 75% AFUE",Roof Insulation less than R20,0.469270791103319
4701 51 Avenue,-11.177706123833,51.1821244969191,5.45683165539697,0.755546538267706,Wall Insulation less than R15,Ineffcient Furnace-80% AFUE,Minor Air Leakage,Roof Insulation less than R30,0.755546538267706
4703 51 Avenue,-8.36191564404245,52.2247233292638,1.73706611274478,0.834377031832118,Minor Air Leakage Issue,,Wall Insulation less than R20,Roof Insulation less than R40,0.834377031832118
4705 51 Avenue,-21.7319564230379,41.0404813095666,0.87477132439599,0.45894255495393,Significant Air Leakage Issue,Wall Insulation less than R12,"Ineffcient Furance, 75% AFUE",Roof Insulation less than R20,0.45894255495393
4707 51 Avenue,2.87981309978456,29.2875490176815,4.01261072558345,1.11393947104848,"Building is up to Energy Effcient Code, or not in use",,,,1.11393947104848
48 Oriole Place,-2.13615967014777,40.7561361734726,5.62286841178399,0.939198377883962,Minor Air Leakage Issue,,Wall Insulation less than R20,Roof Insulation less than R40,0.939198377883962
4801 49 Street,-18.3122434213064,31.2779649703395,2.15331472366488,0.371245894243923,Wall Insulation less than R10,Roof Insulation less than R10,"Ineffcient Furance, 75% AFUE",Signifcant Air Leakage Issue,0.371245894243923
4801 51 Avenue,-42.5706403680104,69.1906497828722,3.13366342191168,0.355546737548876,Wall Insulation less than R10,Roof Insulation less than R10,"Ineffcient Furance, 75% AFUE",Signifcant Air Leakage Issue,0.355546737548876
4801 51 Street,-47.538696001232,69.3802132069348,1.85801722627639,0.295954533012383,Wall Insulation less than R10,Roof Insulation less than R10,"Ineffcient Furance, 75% AFUE",Signifcant Air Leakage Issue,0.295954533012383
4801 52 Street,-15.6630050674208,43.9787143825379,1.47512088929233,0.631489862853365,Wall Insulation less than R15,Ineffcient Furnace-80% AFUE,Minor Air Leakage,Roof Insulation less than R30,0.631489862853365
4802 46 Street,-32.516380669913,71.8445377197494,2.95133114356974,0.52801760455209,Significant Air Leakage Issue,Wall Insulation less than R12,"Ineffcient Furance, 75% AFUE",Roof Insulation less than R20,0.52801760455209
4802 51 Street,-32.1770738298801,82.9339980274153,14.2357402559093,0.531617323733264,Significant Air Leakage Issue,Wall Insulation less than R12,"Ineffcient Furance, 75% AFUE",Roof Insulation less than R20,0.531617323733264
4802 52 Street,-13.9050773687704,21.7997937672063,1.02539035764952,0.330662975266297,Wall Insulation less than R10,Roof Insulation less than R10,"Ineffcient Furance, 75% AFUE",Signifcant Air Leakage Issue,0.330662975266297
4802 53 Street,-13.0834316231618,46.8221657434779,6.7070803306077,0.673852579684044,Wall Insulation less than R15,Ineffcient Furnace-80% AFUE,Minor Air Leakage,Roof Insulation less than R30,0.673852579684044
4803 51 Avenue,-16.4417224929994,41.8935167178486,3.19675026594155,0.57511378855302,Significant Air Leakage Issue,Wall Insulation less than R12,"Ineffcient Furance, 75% AFUE",Roof Insulation less than R20,0.57511378855302
4805 51 Avenue,-32.4547268282258,64.2620007572429,6.26167704691856,0.440438867370516,Significant Air Leakage Issue,Wall Insulation less than R12,"Ineffcient Furance, 75% AFUE",Roof Insulation less than R20,0.440438867370516
4806 50 Street,-5.87643983561185,36.870085980188,14.8102046152514,0.733614168707532,Wall Insulation less than R15,Ineffcient Furnace-80% AFUE,Minor Air Leakage,Roof Insulation less than R30,0.733614168707532
4807 51 Avenue,-4.94717388708004,34.5005431794047,3.81670704634262,0.838769381193852,Minor Air Leakage Issue,,Wall Insulation less than R20,Roof Insulation less than R40,0.838769381193852
4809 49 Street,-32.7555401447656,52.0351599052011,4.2850248122546,0.314022042429695,Wall Insulation less than R10,Roof Insulation less than R10,"Ineffcient Furance, 75% AFUE",Signifcant Air Leakage Issue,0.314022042429695
4809 51 Avenue,-16.0933071954964,44.1682778066006,3.86682494585446,0.600676748525575,Significant Air Leakage Issue,Wall Insulation less than R12,"Ineffcient Furance, 75% AFUE",Roof Insulation less than R20,0.600676748525575
4809 52 Street,-10.6697235822288,41.2300447336293,1.14842993189295,0.733800056833874,Wall Insulation less than R15,Ineffcient Furnace-80% AFUE,Minor Air Leakage,Roof Insulation less than R30,0.733800056833874
4810 50 Street,-13.8563834515796,20.1885046626737,0.062254770631437,0.3115268107121,Wall Insulation less than R10,Roof Insulation less than R10,"Ineffcient Furance, 75% AFUE",Signifcant Air Leakage Issue,0.3115268107121
4810 52 Street,-4.87863186527641,39.713537341128,7.93062754034294,0.846501409221005,Minor Air Leakage Issue,,Wall Insulation less than R20,Roof Insulation less than R40,0.846501409221005
4813 46 Street,-14.2759121727249,40.0926641892533,2.24548773238921,0.622801130515095,Wall Insulation less than R15,Ineffcient Furnace-80% AFUE,Minor Air Leakage,Roof Insulation less than R30,0.622801130515095
4813 50 Street,-29.3062246783282,51.1821244969191,2.40190431101932,0.399219098096664,Wall Insulation less than R10,Roof Insulation less than R10,"Ineffcient Furance, 75% AFUE",Signifcant Air Leakage Issue,0.399219098096664
4814 46A Street,-26.0543965212176,78.7636026980367,19.0327580861011,0.563803313171109,Significant Air Leakage Issue,Wall Insulation less than R12,"Ineffcient Furance, 75% AFUE",Roof Insulation less than R20,0.563803313171109
4814 49 Street,-1.00319901422708,11.8477140039165,2.11432709476874,0.896932175450228,Minor Air Leakage Issue,,Wall Insulation less than R20,Roof Insulation less than R40,0.896932175450228
4814 53 Street,-19.4747991229324,47.4856377276972,3.47356083912013,0.557512380698695,Significant Air Leakage Issue,Wall Insulation less than R12,"Ineffcient Furance, 75% AFUE",Roof Insulation less than R20,0.557512380698695
4817 53 Street,-68.3629936844335,109.946785956345,10.6034775065083,0.311851047129627,Wall Insulation less than R10,Roof Insulation less than R10,"Ineffcient Furance, 75% AFUE",Signifcant Air Leakage Issue,0.311851047129627
4818 46A Street,-8.42448727154578,73.5506085363134,22.5815905167435,0.834713565242494,Minor Air Leakage Issue,,Wall Insulation less than R20,Roof Insulation less than R40,0.834713565242494
4818 49 Street,-15.4415023266682,40.1874459012847,5.18703294102367,0.558819424667923,Significant Air Leakage Issue,Wall Insulation less than R12,"Ineffcient Furance, 75% AFUE",Roof Insulation less than R20,0.558819424667923
4818 50 Street,-51.6489778202744,73.6453902483447,2.77717073901009,0.271196903522159,Wall Insulation less than R10,Roof Insulation less than R10,"Ineffcient Furance, 75% AFUE",Signifcant Air Leakage Issue,0.271196903522159
4820 46 Street,-13.8196140872501,31.2779649703395,1.31736691677522,0.538740379529706,Significant Air Leakage Issue,Wall Insulation less than R12,"Ineffcient Furance, 75% AFUE",Roof Insulation less than R20,0.538740379529706
4821 52 Street,-15.1928697584991,44.2630595186319,11.8465105055932,0.531323653471314,Significant Air Leakage Issue,Wall Insulation less than R12,"Ineffcient Furance, 75% AFUE",Roof Insulation less than R20,0.531323653471314
4821 53 Street,-36.6737355341914,79.2375112581933,7.23143519835196,0.490685542929554,Significant Air Leakage Issue,Wall Insulation less than R12,"Ineffcient Furance, 75% AFUE",Roof Insulation less than R20,0.490685542929554
4822 51 Street,-22.5729692796357,43.8839326705066,2.77106170098774,0.450951277609114,Significant Air Leakage Issue,Wall Insulation less than R12,"Ineffcient Furance, 75% AFUE",Roof Insulation less than R20,0.450951277609114
4822 52 Street,-19.2838021544806,47.5804194397285,6.38124438098475,0.531937177698708,Significant Air Leakage Issue,Wall Insulation less than R12,"Ineffcient Furance, 75% AFUE",Roof Insulation less than R20,0.531937177698708
4825 46 Street,-34.5242439660514,55.9212100984857,2.60231062403977,0.352495188266259,Wall Insulation less than R10,Roof Insulation less than R10,"Ineffcient Furance, 75% AFUE",Signifcant Air Leakage Issue,0.352495188266259
4825 51 Street,-31.1878447988644,56.015991810517,2.21220532670718,0.420341079372748,Significant Air Leakage Issue,Wall Insulation less than R12,"Ineffcient Furance, 75% AFUE",Roof Insulation less than R20,0.420341079372748
4825 53 Street,-16.5756841454322,59.143788307551,7.32068192765789,0.680148773330511,Wall Insulation less than R15,Ineffcient Furnace-80% AFUE,Minor Air Leakage,Roof Insulation less than R30,0.680148773330511
4826 49 Street,-23.5775907753799,45.4952217750392,2.95314101899845,0.445781909197471,Significant Air Leakage Issue,Wall Insulation less than R12,"Ineffcient Furance, 75% AFUE",Roof Insulation less than R20,0.445781909197471
4829 49 Street,-25.7504843628289,59.0490065955197,5.68962462903945,0.517414118870323,Significant Air Leakage Issue,Wall Insulation less than R12,"Ineffcient Furance, 75% AFUE",Roof Insulation less than R20,0.517414118870323
4829 53 Street,-12.7352079490034,42.5569887020679,0.773336802386283,0.695210749419908,Wall Insulation less than R15,Ineffcient Furnace-80% AFUE,Minor Air Leakage,Roof Insulation less than R30,0.695210749419908
4830 52 Street,-41.4751308062182,71.2758474475614,1.4528435814593,0.405996183066629,Significant Air Leakage Issue,Wall Insulation less than R12,"Ineffcient Furance, 75% AFUE",Roof Insulation less than R20,0.405996183066629
4833 50 Street,-50.4680391633596,76.299278185222,4.08570058986559,0.301128114076364,Wall Insulation less than R10,Roof Insulation less than R10,"Ineffcient Furance, 75% AFUE",Signifcant Air Leakage Issue,0.301128114076364
4834 51 Street,-22.5822788727503,53.3621038736398,2.41071999433226,0.5567877228567,Significant Air Leakage Issue,Wall Insulation less than R12,"Ineffcient Furance, 75% AFUE",Roof Insulation less than R20,0.5567877228567
4837 49 Street,-25.248845676022,44.3578412306632,4.07194093333774,0.373258497646179,Wall Insulation less than R10,Roof Insulation less than R10,"Ineffcient Furance, 75% AFUE",Signifcant Air Leakage Issue,0.373258497646179
4842 51 Street,-21.29557538544,45.4004400630079,3.59062933466942,0.490656020334338,Significant Air Leakage Issue,Wall Insulation less than R12,"Ineffcient Furance, 75% AFUE",Roof Insulation less than R20,0.490656020334338
4845 50 Street,-13.3027576256157,35.1640151636241,2.91799739390883,0.587460451066632,Significant Air Leakage Issue,Wall Insulation less than R12,"Ineffcient Furance, 75% AFUE",Roof Insulation less than R20,0.587460451066632
4849 49 Street,-24.7648896302473,61.7976762444283,3.3138788503405,0.576551271741619,Significant Air Leakage Issue,Wall Insulation less than R12,"Ineffcient Furance, 75% AFUE",Roof Insulation less than R20,0.576551271741619
4901 50 Avenue,-21.1611818171845,47.8647645758225,2.53789676651086,0.533142640559044,Significant Air Leakage Issue,Wall Insulation less than R12,"Ineffcient Furance, 75% AFUE",Roof Insulation less than R20,0.533142640559044
4901 51 Street,-7.83052124312989,30.2353661379948,0.807913208684999,0.733904213118945,Wall Insulation less than R15,Ineffcient Furnace-80% AFUE,Minor Air Leakage,Roof Insulation less than R30,0.733904213118945
4901 53 Street,-24.4037041661878,53.2673221616084,5.5938116931492,0.488107673918134,Significant Air Leakage Issue,Wall Insulation less than R12,"Ineffcient Furance, 75% AFUE",Roof Insulation less than R20,0.488107673918134
4902 51 Avenue,-26.5493669231125,45.3056583509766,3.75740714956983,0.360999171916685,Wall Insulation less than R10,Roof Insulation less than R10,"Ineffcient Furance, 75% AFUE",Signifcant Air Leakage Issue,0.360999171916685
4902 51 Street,-9.94432628164025,32.7944723628408,3.90688593710098,0.655757800770108,Wall Insulation less than R15,Ineffcient Furnace-80% AFUE,Minor Air Leakage,Roof Insulation less than R30,0.655757800770108
4902 52 Street,-19.7175996840966,43.3152423983186,2.59513273603005,0.515777343243324,Significant Air Leakage Issue,Wall Insulation less than R12,"Ineffcient Furance, 75% AFUE",Roof Insulation less than R20,0.515777343243324
4902 53 Street,-4.99776361434447,53.4568855856711,14.1670223360595,0.872797632748343,Minor Air Leakage Issue,,Wall Insulation less than R20,Roof Insulation less than R40,0.872797632748343
4904 50 Avenue,-13.5874133714637,41.2300447336293,0.895393762502391,0.663132987534959,Wall Insulation less than R15,Ineffcient Furnace-80% AFUE,Minor Air Leakage,Roof Insulation less than R30,0.663132987534959
4906 50 Avenue,-22.0115900730422,46.9169474555092,3.92407724083632,0.488017665181844,Significant Air Leakage Issue,Wall Insulation less than R12,"Ineffcient Furance, 75% AFUE",Roof Insulation less than R20,0.488017665181844
4909 46 Street,-17.7259749984956,50.2343073766058,3.65095379131553,0.619478340775943,Significant Air Leakage Issue,Wall Insulation less than R12,"Ineffcient Furance, 75% AFUE",Roof Insulation less than R20,0.619478340775943
4909 48 Street,-26.021270447058,49.3812719683238,1.89044568928564,0.452077959348048,Significant Air Leakage Issue,Wall Insulation less than R12,"Ineffcient Furance, 75% AFUE",Roof Insulation less than R20,0.452077959348048
4909 50 Street,-23.9961365968889,54.5942661300471,5.15867972375405,0.514597917385395,Significant Air Leakage Issue,Wall Insulation less than R12,"Ineffcient Furance, 75% AFUE",Roof Insulation less than R20,0.514597917385395
4909 51 Street,-15.1351483471587,37.0596494042507,2.83263416717547,0.557801104118361,Significant Air Leakage Issue,Wall Insulation less than R12,"Ineffcient Furance, 75% AFUE",Roof Insulation less than R20,0.557801104118361
4910 52 Street,-15.4874719946329,48.3386731359792,7.07208133235362,0.624697089880047,Wall Insulation less than R15,Ineffcient Furnace-80% AFUE,Minor Air Leakage,Roof Insulation less than R30,0.624697089880047
4913 52 Street,8.44619677382978,21.136321782987,2.40226013140341,1.45084706834601,"Building is up to Energy Effcient Code, or not in use",,,,1.45084706834601
4914 49 Street,-31.3385773186415,53.8360124337964,1.8345961916074,0.397351464954595,Wall Insulation less than R10,Roof Insulation less than R10,"Ineffcient Furance, 75% AFUE",Signifcant Air Leakage Issue,0.397351464954595
4914 51 Street,-34.5183762754351,52.3195050412951,0.577449511320325,0.332875821768653,Wall Insulation less than R10,Roof Insulation less than R10,"Ineffcient Furance, 75% AFUE",Signifcant Air Leakage Issue,0.332875821768653
4917 46 Street,-35.5758768074109,63.6933104850549,3.03888475944567,0.413466101083038,Significant Air Leakage Issue,Wall Insulation less than R12,"Ineffcient Furance, 75% AFUE",Roof Insulation less than R20,0.413466101083038
4917 53 Street,-2.97983737797992,29.7614575778382,3.31650193335743,0.887319252184042,Minor Air Leakage Issue,,Wall Insulation less than R20,Roof Insulation less than R40,0.887319252184042
4918 47 Street,-0.607357006861206,38.576156796752,2.56508208911102,0.983134160482794,Minor Air Leakage Issue,,Wall Insulation less than R20,Roof Insulation less than R40,0.983134160482794
4921 48 Street,-28.1795088843055,53.8360124337964,4.20817755407199,0.432183391586598,Significant Air Leakage Issue,Wall Insulation less than R12,"Ineffcient Furance, 75% AFUE",Roof Insulation less than R20,0.432183391586598
4922 48 Street,-0.824351875166918,22.8423925995509,3.22338521598947,0.957981978443128,Minor Air Leakage Issue,,Wall Insulation less than R20,Roof Insulation less than R40,0.957981978443128
4922 49 Street,-10.2187783933753,28.3397318973682,2.3833301020071,0.60630990096626,Significant Air Leakage Issue,Wall Insulation less than R12,"Ineffcient Furance, 75% AFUE",Roof Insulation less than R20,0.60630990096626
4922 50 Street,-28.982106330283,59.0490065955197,3.71458647470535,0.47623728111716,Significant Air Leakage Issue,Wall Insulation less than R12,"Ineffcient Furance, 75% AFUE",Roof Insulation less than R20,0.47623728111716
4922 52 Street,-27.7420741330073,50.1395256645745,1.16141862648108,0.433582149031801,Significant Air Leakage Issue,Wall Insulation less than R12,"Ineffcient Furance, 75% AFUE",Roof Insulation less than R20,0.433582149031801
4925 46 Street,-8.58236451360155,33.9318529072167,3.8587027250737,0.714617043388503,Wall Insulation less than R15,Ineffcient Furnace-80% AFUE,Minor Air Leakage,Roof Insulation less than R30,0.714617043388503
4925 48 Street,-3.5869780508694,33.9318529072167,2.59142455950735,0.88554789324915,Minor Air Leakage Issue,,Wall Insulation less than R20,Roof Insulation less than R40,0.88554789324915
4925 49 Street,-34.08302619554,58.3855346113003,2.59942860183006,0.389040952423637,Wall Insulation less than R10,Roof Insulation less than R10,"Ineffcient Furance, 75% AFUE",Signifcant Air Leakage Issue,0.389040952423637
4925 50 Street,-32.3102059015395,57.437717490987,1.19534746915846,0.425518414515615,Significant Air Leakage Issue,Wall Insulation less than R12,"Ineffcient Furance, 75% AFUE",Roof Insulation less than R20,0.425518414515615
4925 53 Street,-17.5043466005956,50.5186525126998,3.20899170060562,0.630004817195376,Wall Insulation less than R15,Ineffcient Furnace-80% AFUE,Minor Air Leakage,Roof Insulation less than R30,0.630004817195376
4926 48 Street,-60.7945367208682,88.0522104771072,3.19813272669426,0.283540186487121,Wall Insulation less than R10,Roof Insulation less than R10,"Ineffcient Furance, 75% AFUE",Signifcant Air Leakage Issue,0.283540186487121
4926 49 Street,-3.56255836889966,32.8892540748721,5.92526694915546,0.86787716696757,Minor Air Leakage Issue,,Wall Insulation less than R20,Roof Insulation less than R40,0.86787716696757
4929 52 Street,-21.7987876976412,55.0681746902037,5.53716653228383,0.55989614368155,Significant Air Leakage Issue,Wall Insulation less than R12,"Ineffcient Furance, 75% AFUE",Roof Insulation less than R20,0.55989614368155
4929 53 Street,-7.54433978172745,31.2779649703395,2.28529919319307,0.739784542762732,Wall Insulation less than R15,Ineffcient Furnace-80% AFUE,Minor Air Leakage,Roof Insulation less than R30,0.739784542762732
4930 49 Street,-16.4342941558509,44.9265315028512,2.64943013843587,0.611271974060086,Significant Air Leakage Issue,Wall Insulation less than R12,"Ineffcient Furance, 75% AFUE",Roof Insulation less than R20,0.611271974060086
4930 53 Street,-31.0250717022022,59.712478579739,6.53851210143553,0.416536441477216,Significant Air Leakage Issue,Wall Insulation less than R12,"Ineffcient Furance, 75% AFUE",Roof Insulation less than R20,0.416536441477216
4931 48 Street,-13.8253731789724,77.9105672897547,8.33368195178961,0.801293588929477,Minor Air Leakage Issue,,Wall Insulation less than R20,Roof Insulation less than R40,0.801293588929477
4933 50 Street,-23.5896635494011,46.6326023194152,4.54549569819752,0.439503794791428,Significant Air Leakage Issue,Wall Insulation less than R12,"Ineffcient Furance, 75% AFUE",Roof Insulation less than R20,0.439503794791428
4934 47 Street,0.068373618721815,39.0500653569087,6.26993657485058,1.00208582520149,"Building is up to Energy Effcient Code, or not in use",,,,1.00208582520149
4934 48 Street,-6.25106785118942,27.0127879289295,1.6486254613743,0.753547239764549,Wall Insulation less than R15,Ineffcient Furnace-80% AFUE,Minor Air Leakage,Roof Insulation less than R30,0.753547239764549
4934 49 Street,-16.1809708601237,40.850917885504,4.17694151904307,0.558788752590201,Significant Air Leakage Issue,Wall Insulation less than R12,"Ineffcient Furance, 75% AFUE",Roof Insulation less than R20,0.558788752590201
4934 51 Street,-12.547929667907,32.0362186665901,1.33051487139909,0.591348573164047,Significant Air Leakage Issue,Wall Insulation less than R12,"Ineffcient Furance, 75% AFUE",Roof Insulation less than R20,0.591348573164047
4937 49 Street,-6.89047454187379,13.0798762603238,0.392837613775773,0.456888661425446,Significant Air Leakage Issue,Wall Insulation less than R12,"Ineffcient Furance, 75% AFUE",Roof Insulation less than R20,0.456888661425446
4938 49 Street,-0.722663237558183,45.6847851991019,6.29676989463627,0.981652712583458,Minor Air Leakage Issue,,Wall Insulation less than R20,Roof Insulation less than R40,0.981652712583458
4942 51 Street,-15.402900429417,36.9648676922194,0.920357120760233,0.572670007576318,Significant Air Leakage Issue,Wall Insulation less than R12,"Ineffcient Furance, 75% AFUE",Roof Insulation less than R20,0.572670007576318
4942 53 Street,-17.5701076617884,50.0447439525432,4.02061510312043,0.618241385529043,Significant Air Leakage Issue,Wall Insulation less than R12,"Ineffcient Furance, 75% AFUE",Roof Insulation less than R20,0.618241385529043
4945 49 Street,-21.3490977532698,56.9638089308304,2.95302754031839,0.604725256631445,Significant Air Leakage Issue,Wall Insulation less than R12,"Ineffcient Furance, 75% AFUE",Roof Insulation less than R20,0.604725256631445
4945 50 Street,-34.664538125147,64.3567824692742,3.31870177209069,0.43208341859369,Significant Air Leakage Issue,Wall Insulation less than R12,"Ineffcient Furance, 75% AFUE",Roof Insulation less than R20,0.43208341859369
4953 49 Street,-15.4866331495908,53.4568855856711,3.44486356882001,0.690341791332237,Wall Insulation less than R15,Ineffcient Furnace-80% AFUE,Minor Air Leakage,Roof Insulation less than R30,0.690341791332237
4953 50 Street,-9.04007691479065,30.7092746981515,3.66003040189373,0.665791886243516,Wall Insulation less than R15,Ineffcient Furnace-80% AFUE,Minor Air Leakage,Roof Insulation less than R30,0.665791886243516
4953 52 Street,-26.5457815692449,45.0213132148826,2.12225564404668,0.381203619090889,Wall Insulation less than R10,Roof Insulation less than R10,"Ineffcient Furance, 75% AFUE",Signifcant Air Leakage Issue,0.381203619090889
4958 47 Street,-17.9057368432623,44.2630595186319,4.44194977110646,0.55034560923117,Significant Air Leakage Issue,Wall Insulation less than R12,"Ineffcient Furance, 75% AFUE",Roof Insulation less than R20,0.55034560923117
4961 49 Street,-5.91138831205065,17.8189618618904,2.62715443939962,0.610883145918561,Significant Air Leakage Issue,Wall Insulation less than R12,"Ineffcient Furance, 75% AFUE",Roof Insulation less than R20,0.610883145918561
4970 47 Street,-38.2203298096586,65.6837264377129,3.51785228774387,0.38518792935404,Wall Insulation less than R10,Roof Insulation less than R10,"Ineffcient Furance, 75% AFUE",Signifcant Air Leakage Issue,0.38518792935404
5 Bluejay Crescent,-13.9399682359862,44.6421863667572,4.98281712825688,0.64850756571152,Wall Insulation less than R15,Ineffcient Furnace-80% AFUE,Minor Air Leakage,Roof Insulation less than R30,0.64850756571152
5 Canary Crescent,-4.01702517901228,42.3674252780053,5.13516973279362,0.892109002793711,Minor Air Leakage Issue,,Wall Insulation less than R20,Roof Insulation less than R40,0.892109002793711
5 McLean Crescent West,-14.0987454786692,44.2630595186319,4.42765179398059,0.646075030130932,Wall Insulation less than R15,Ineffcient Furnace-80% AFUE,Minor Air Leakage,Roof Insulation less than R30,0.646075030130932
5 Meadowlark Drive,-30.6381592405611,60.281168851927,3.54544858428995,0.459984660527212,Significant Air Leakage Issue,Wall Insulation less than R12,"Ineffcient Furance, 75% AFUE",Roof Insulation less than R20,0.459984660527212
50 Oriole Place,-9.87908339952113,43.9787143825379,3.67127719742316,0.75490668498345,Wall Insulation less than R15,Ineffcient Furnace-80% AFUE,Minor Air Leakage,Roof Insulation less than R30,0.75490668498345
5001 45 Street,-4.62928392417147,33.0788174989348,5.30285547128973,0.833334884330414,Minor Air Leakage Issue,,Wall Insulation less than R20,Roof Insulation less than R40,0.833334884330414
5001 46 Street,-28.4538782682245,61.702894532397,3.71229662314464,0.509336352890323,Significant Air Leakage Issue,Wall Insulation less than R12,"Ineffcient Furance, 75% AFUE",Roof Insulation less than R20,0.509336352890323
5001 47 Street,6.39048715587715,14.8807287889191,2.87763522193517,1.53240334420578,"Building is up to Energy Effcient Code, or not in use",,,,1.53240334420578
5001 48 Street,0.610503374076548,33.7422894831541,1.43763149169278,1.01889830792321,"Building is up to Energy Effcient Code, or not in use",,,,1.01889830792321
5001 49 Street,-25.3068470021751,57.3429357789557,4.79214295179544,0.518430728811088,Significant Air Leakage Issue,Wall Insulation less than R12,"Ineffcient Furance, 75% AFUE",Roof Insulation less than R20,0.518430728811088
5001 49A Street,-34.5578358085287,63.9776556211489,2.79152553218421,0.435201478533099,Significant Air Leakage Issue,Wall Insulation less than R12,"Ineffcient Furance, 75% AFUE",Roof Insulation less than R20,0.435201478533099
5001 53A Street,-37.1287734558584,73.7401719603761,4.29362935709784,0.465361815519586,Significant Air Leakage Issue,Wall Insulation less than R12,"Ineffcient Furance, 75% AFUE",Roof Insulation less than R20,0.465361815519586
5002 46 Street,-24.7731040859468,69.8541217670915,7.87998731346826,0.600267041978858,Significant Air Leakage Issue,Wall Insulation less than R12,"Ineffcient Furance, 75% AFUE",Roof Insulation less than R20,0.600267041978858
5002 47 Street,-71.5601728715225,128.050092954329,5.59644592060022,0.41561419684126,Significant Air Leakage Issue,Wall Insulation less than R12,"Ineffcient Furance, 75% AFUE",Roof Insulation less than R20,0.41561419684126
5002 48 Street,-34.2073962200886,61.7976762444283,1.93853606954669,0.428535122286255,Significant Air Leakage Issue,Wall Insulation less than R12,"Ineffcient Furance, 75% AFUE",Roof Insulation less than R20,0.428535122286255
5002 49 Street,-36.1844910734634,87.3887384928878,5.22400809052441,0.559610420477658,Significant Air Leakage Issue,Wall Insulation less than R12,"Ineffcient Furance, 75% AFUE",Roof Insulation less than R20,0.559610420477658
5003 51 Avenue,-6.69481684126149,70.2332486152168,3.81584186472177,0.899200869639319,Minor Air Leakage Issue,,Wall Insulation less than R20,Roof Insulation less than R40,0.899200869639319
5005 45 Street,-15.6458128807618,48.2438914239478,3.10381752022488,0.653394167804599,Wall Insulation less than R15,Ineffcient Furnace-80% AFUE,Minor Air Leakage,Roof Insulation less than R30,0.653394167804599
5005 53A Street,-30.7523452367787,66.5367618459949,4.9951629874727,0.500299865340268,Significant Air Leakage Issue,Wall Insulation less than R12,"Ineffcient Furance, 75% AFUE",Roof Insulation less than R20,0.500299865340268
5006 46 Street,-7.6403348461673,43.5048058223813,3.29195117545073,0.810002674188402,Minor Air Leakage Issue,,Wall Insulation less than R20,Roof Insulation less than R40,0.810002674188402
5006 49A Street,-48.4967514593287,93.1704229267991,11.039681994819,0.409517667696517,Significant Air Leakage Issue,Wall Insulation less than R12,"Ineffcient Furance, 75% AFUE",Roof Insulation less than R20,0.409517667696517
5007 53A Street,-12.6137094409971,99.8999244810236,7.76475783890012,0.863095602898381,Minor Air Leakage Issue,,Wall Insulation less than R20,Roof Insulation less than R40,0.863095602898381
5008 50 Avenue,-3.38997135955222,40.56657274941,6.89685329502511,0.899316911026096,Minor Air Leakage Issue,,Wall Insulation less than R20,Roof Insulation less than R40,0.899316911026096
5009 45 Street,0.422137170877939,0.473908560156659,0.150967830975831,2.30716609189784,"Building is up to Energy Effcient Code, or not in use",,,,2.30716609189784
5009 46 Street,-32.7956177699803,65.5889447256815,1.85104326591721,0.485461287258051,Significant Air Leakage Issue,Wall Insulation less than R12,"Ineffcient Furance, 75% AFUE",Roof Insulation less than R20,0.485461287258051
5009 48 Street,-2.05612470598155,33.2683809229974,2.65208901174314,0.932842138037437,Minor Air Leakage Issue,,Wall Insulation less than R20,Roof Insulation less than R40,0.932842138037437
5009 49A Street,-31.4942801518182,74.0245170964701,5.3509407302983,0.541391582930111,Significant Air Leakage Issue,Wall Insulation less than R12,"Ineffcient Furance, 75% AFUE",Roof Insulation less than R20,0.541391582930111
5010 46 Street,-50.9609002402588,99.3312342088356,4.86468361624093,0.460540266151587,Significant Air Leakage Issue,Wall Insulation less than R12,"Ineffcient Furance, 75% AFUE",Roof Insulation less than R20,0.460540266151587
5013 45 Street,-17.2699127078038,72.5080097039688,15.2352937124087,0.69846178221496,Wall Insulation less than R15,Ineffcient Furnace-80% AFUE,Minor Air Leakage,Roof Insulation less than R30,0.69846178221496
5013 47 Street,-33.1741080807539,60.6602957000523,1.62215057417258,0.43809027180612,Significant Air Leakage Issue,Wall Insulation less than R12,"Ineffcient Furance, 75% AFUE",Roof Insulation less than R20,0.43809027180612
5013 49 Street,-19.4606228414397,42.6517704140993,3.4624014117445,0.503420868035145,Significant Air Leakage Issue,Wall Insulation less than R12,"Ineffcient Furance, 75% AFUE",Roof Insulation less than R20,0.503420868035145
5013 49A Street,-42.9721447310269,71.4654108716241,5.24044201948519,0.35111868716811,Wall Insulation less than R10,Roof Insulation less than R10,"Ineffcient Furance, 75% AFUE",Signifcant Air Leakage Issue,0.35111868716811
5014 46 Street,-3.01196944525785,41.703953293786,2.8141846531138,0.922551109185365,Minor Air Leakage Issue,,Wall Insulation less than R20,Roof Insulation less than R40,0.922551109185365
5014 47 Street,-2.16073513799086,41.135263021598,3.0967286881928,0.943196151590591,Minor Air Leakage Issue,,Wall Insulation less than R20,Roof Insulation less than R40,0.943196151590591
5017 45 Street,-9.63045590031345,53.7412307217651,7.84434258822518,0.790171920320763,Wall Insulation less than R15,Ineffcient Furnace-80% AFUE,Minor Air Leakage,Roof Insulation less than R30,0.790171920320763
5017 46 Street,-26.6172709071233,82.6496528913213,9.96777563086179,0.633783937476754,Wall Insulation less than R15,Ineffcient Furnace-80% AFUE,Minor Air Leakage,Roof Insulation less than R30,0.633783937476754
5017 48 Avenue,-10.3708373909452,34.9744517395614,1.56077749297844,0.689622957522973,Wall Insulation less than R15,Ineffcient Furnace-80% AFUE,Minor Air Leakage,Roof Insulation less than R30,0.689622957522973
5017 48 Street,-14.8043769086057,49.0021451201985,2.82683162784297,0.679387625358372,Wall Insulation less than R15,Ineffcient Furnace-80% AFUE,Minor Air Leakage,Roof Insulation less than R30,0.679387625358372
5017 49A Street,-40.1649821704114,70.7071571753735,3.89264983290886,0.398858365226857,Wall Insulation less than R10,Roof Insulation less than R10,"Ineffcient Furance, 75% AFUE",Signifcant Air Leakage Issue,0.398858365226857
5017 50 Street,-17.1074854673897,44.5474046547259,3.63513197630283,0.581849544222164,Significant Air Leakage Issue,Wall Insulation less than R12,"Ineffcient Furance, 75% AFUE",Roof Insulation less than R20,0.581849544222164
5018 46 Street,-16.3607254065191,57.6272809150497,9.26722652413808,0.661689267876552,Wall Insulation less than R15,Ineffcient Furnace-80% AFUE,Minor Air Leakage,Roof Insulation less than R30,0.661689267876552
5018 48 Street,-43.4882117904212,73.8349536724074,6.32966052556406,0.355780713434992,Wall Insulation less than R10,Roof Insulation less than R10,"Ineffcient Furance, 75% AFUE",Signifcant Air Leakage Issue,0.355780713434992
5018 49 Street,-8.00291761898187,14.5016019407938,0.20904771474533,0.440063861755626,Significant Air Leakage Issue,Wall Insulation less than R12,"Ineffcient Furance, 75% AFUE",Roof Insulation less than R20,0.440063861755626
5018 50 Avenue,-27.0786770820576,56.869027218799,4.01123032774876,0.48770704276851,Significant Air Leakage Issue,Wall Insulation less than R12,"Ineffcient Furance, 75% AFUE",Roof Insulation less than R20,0.48770704276851
5021 49 Street,-11.0450779383503,32.6996906508094,0.673332570828412,0.655125384198638,Wall Insulation less than R15,Ineffcient Furnace-80% AFUE,Minor Air Leakage,Roof Insulation less than R30,0.655125384198638
5021 49A Street,-29.3536156758485,68.7167412227155,4.32799745779499,0.544118832586379,Significant Air Leakage Issue,Wall Insulation less than R12,"Ineffcient Furance, 75% AFUE",Roof Insulation less than R20,0.544118832586379
5022 48 Street,-6.31325046700877,27.7710416251802,6.20844239147912,0.707212919992432,Wall Insulation less than R15,Ineffcient Furnace-80% AFUE,Minor Air Leakage,Roof Insulation less than R30,0.707212919992432
5022 49A Street,-42.4036455358409,80.7540186506946,4.73761347876366,0.442177705721101,Significant Air Leakage Issue,Wall Insulation less than R12,"Ineffcient Furance, 75% AFUE",Roof Insulation less than R20,0.442177705721101
5025 46 Street,-31.1114612563292,71.8445377197494,4.36049610244337,0.538980468408241,Significant Air Leakage Issue,Wall Insulation less than R12,"Ineffcient Furance, 75% AFUE",Roof Insulation less than R20,0.538980468408241
5025 47 Street,2.04070541068119,20.3780680867363,1.41626351922552,1.10762189871832,"Building is up to Energy Effcient Code, or not in use",,,,1.10762189871832
5025 48 Street,-23.381055133504,41.5143898697233,1.71637133505645,0.412507054512339,Significant Air Leakage Issue,Wall Insulation less than R12,"Ineffcient Furance, 75% AFUE",Roof Insulation less than R20,0.412507054512339
5026 47 Street,-2.62251875219793,6.44515641813056,0.030514819433778,0.591166753146313,Significant Air Leakage Issue,Wall Insulation less than R12,"Ineffcient Furance, 75% AFUE",Roof Insulation less than R20,0.591166753146313
5029 48 Street,-26.3549351874824,58.859443171457,4.12266634154781,0.518515032966252,Significant Air Leakage Issue,Wall Insulation less than R12,"Ineffcient Furance, 75% AFUE",Roof Insulation less than R20,0.518515032966252
5029 49 Street,-15.9439306891728,45.9691303351959,4.09747414626944,0.619219010176402,Significant Air Leakage Issue,Wall Insulation less than R12,"Ineffcient Furance, 75% AFUE",Roof Insulation less than R20,0.619219010176402
5029 49A Street,0.651688395282081,38.576156796752,3.42845881259586,1.01854142469233,"Building is up to Energy Effcient Code, or not in use",,,,1.01854142469233
5030 49A Street,-33.5517193664615,68.1480509505275,5.14453023422737,0.467462786444233,Significant Air Leakage Issue,Wall Insulation less than R12,"Ineffcient Furance, 75% AFUE",Roof Insulation less than R20,0.467462786444233
5033 46 Street,-9.2388118464159,43.4100241103499,6.20546676664922,0.751675264912669,Wall Insulation less than R15,Ineffcient Furnace-80% AFUE,Minor Air Leakage,Roof Insulation less than R30,0.751675264912669
5033 47 Street,-3.51894512101238,26.9180062168982,2.39655111769383,0.856495256632362,Minor Air Leakage Issue,,Wall Insulation less than R20,Roof Insulation less than R40,0.856495256632362
5033 48 Street,-37.2438461078344,79.6166381063186,7.65610512749542,0.482440657870132,Significant Air Leakage Issue,Wall Insulation less than R12,"Ineffcient Furance, 75% AFUE",Roof Insulation less than R20,0.482440657870132
5033 49A Street,-43.2023412109291,72.6975731280314,2.31497349168902,0.386178665832893,Wall Insulation less than R10,Roof Insulation less than R10,"Ineffcient Furance, 75% AFUE",Signifcant Air Leakage Issue,0.386178665832893
5034 49 Street,-7.59408412609377,45.4952217750392,7.05244428303199,0.8024574543899,Minor Air Leakage Issue,,Wall Insulation less than R20,Roof Insulation less than R40,0.8024574543899
5037 49 Street,2.24414182841302,54.3099209939531,5.14339335769096,1.04564369168015,"Building is up to Energy Effcient Code, or not in use",,,,1.04564369168015
5037 50 Street,-27.3409586863705,57.5324992030184,5.11299159844953,0.47842015433225,Significant Air Leakage Issue,Wall Insulation less than R12,"Ineffcient Furance, 75% AFUE",Roof Insulation less than R20,0.47842015433225
5038 47 Street,2.9903813290779,36.301395708,20.5420220738308,1.18975254972026,"Building is up to Energy Effcient Code, or not in use",,,,1.18975254972026
5038 48 Street,-25.5275916043764,58.859443171457,5.32364745172926,0.523167793413977,Significant Air Leakage Issue,Wall Insulation less than R12,"Ineffcient Furance, 75% AFUE",Roof Insulation less than R20,0.523167793413977
5038 49A Street,-18.3211218150028,43.4100241103499,3.89532800832762,0.5363466349912,Significant Air Leakage Issue,Wall Insulation less than R12,"Ineffcient Furance, 75% AFUE",Roof Insulation less than R20,0.5363466349912
5049 47 Street,-3.79421196802602,20.4728497987676,2.31337428303147,0.791061588494771,Wall Insulation less than R15,Ineffcient Furnace-80% AFUE,Minor Air Leakage,Roof Insulation less than R30,0.791061588494771
5050 47 Street,-27.0673678783313,52.0351599052011,1.8635746515748,0.460504033478294,Significant Air Leakage Issue,Wall Insulation less than R12,"Ineffcient Furance, 75% AFUE",Roof Insulation less than R20,0.460504033478294
5050 49 Street,-8.00320934239149,38.291811660658,2.6716578026058,0.775317945725765,Wall Insulation less than R15,Ineffcient Furnace-80% AFUE,Minor Air Leakage,Roof Insulation less than R30,0.775317945725765
5050 50 Street,-5.64069017801747,43.4100241103499,2.49056281934335,0.862151406688797,Minor Air Leakage Issue,,Wall Insulation less than R20,Roof Insulation less than R40,0.862151406688797
5053 49 Street,-1.71627643006951,9.76251633922717,1.82548052206078,0.783763552338077,Wall Insulation less than R15,Ineffcient Furnace-80% AFUE,Minor Air Leakage,Roof Insulation less than R30,0.783763552338077
5061 49 Street,-7.96001447330086,43.1256789742559,2.48699762749743,0.804127146612355,Minor Air Leakage Issue,,Wall Insulation less than R20,Roof Insulation less than R40,0.804127146612355
5062 49 Street,-23.8382267966468,47.1065108795719,3.83674824847601,0.449078863688625,Significant Air Leakage Issue,Wall Insulation less than R12,"Ineffcient Furance, 75% AFUE",Roof Insulation less than R20,0.449078863688625
5073 47 Street,-8.62297083418047,36.1118322839374,4.0025154568068,0.731449570210272,Wall Insulation less than R15,Ineffcient Furnace-80% AFUE,Minor Air Leakage,Roof Insulation less than R30,0.731449570210272
5073 49 Street,-15.7841062061615,30.3301478500261,6.24891677693362,0.344547371425789,Wall Insulation less than R10,Roof Insulation less than R10,"Ineffcient Furance, 75% AFUE",Signifcant Air Leakage Issue,0.344547371425789
51 Mackenzie Drive,-20.0543550550433,61.5133311083343,6.12663552764099,0.637921077529784,Wall Insulation less than R15,Ineffcient Furnace-80% AFUE,Minor Air Leakage,Roof Insulation less than R30,0.637921077529784
51 Oriole Place,-7.83766901505538,40.850917885504,4.15587028365388,0.786410714053408,Wall Insulation less than R15,Ineffcient Furnace-80% AFUE,Minor Air Leakage,Roof Insulation less than R30,0.786410714053408
5101 48 Avenue,-22.4774016647739,48.8125816961358,3.20973176444962,0.507105330073769,Significant Air Leakage Issue,Wall Insulation less than R12,"Ineffcient Furance, 75% AFUE",Roof Insulation less than R20,0.507105330073769
5102 48 Street,-21.1273694081931,48.1491097119165,4.93653292719397,0.511082861051172,Significant Air Leakage Issue,Wall Insulation less than R12,"Ineffcient Furance, 75% AFUE",Roof Insulation less than R20,0.511082861051172
5102 50 Street,-46.9235262265917,75.730587913034,2.62458447828934,0.358144009766911,Wall Insulation less than R10,Roof Insulation less than R10,"Ineffcient Furance, 75% AFUE",Signifcant Air Leakage Issue,0.358144009766911
5102 52 Avenue,-4.59855912570483,25.2119354003342,2.16770216243265,0.800446425002268,Minor Air Leakage Issue,,Wall Insulation less than R20,Roof Insulation less than R40,0.800446425002268
5103 51 Avenue,-12.7131735780932,60.6602957000523,4.31828554274599,0.774357117493711,Wall Insulation less than R15,Ineffcient Furnace-80% AFUE,Minor Air Leakage,Roof Insulation less than R30,0.774357117493711
5105 50 Street,-5.00587420598355,49.1917085442612,5.7243549598744,0.884836002351392,Minor Air Leakage Issue,,Wall Insulation less than R20,Roof Insulation less than R40,0.884836002351392
5106 52 Avenue,-6.35298856317158,15.8285459092324,0.033064227663491,0.59779709848389,Significant Air Leakage Issue,Wall Insulation less than R12,"Ineffcient Furance, 75% AFUE",Roof Insulation less than R20,0.59779709848389
5107 48 Avenue,-19.3080436241598,66.5367618459949,8.04341188105407,0.669910449038523,Wall Insulation less than R15,Ineffcient Furnace-80% AFUE,Minor Air Leakage,Roof Insulation less than R30,0.669910449038523
5109 50 Street,-3.92579081161062,49.7603988164492,9.26651310888288,0.903052257321972,Minor Air Leakage Issue,,Wall Insulation less than R20,Roof Insulation less than R40,0.903052257321972
5110 52 Avenue,-21.2032617820486,53.2673221616084,2.50611195702677,0.582294005667051,Significant Air Leakage Issue,Wall Insulation less than R12,"Ineffcient Furance, 75% AFUE",Roof Insulation less than R20,0.582294005667051
5113 48 Avenue,-31.1772168304412,57.6272809150497,5.04419565220014,0.407086581652747,Significant Air Leakage Issue,Wall Insulation less than R12,"Ineffcient Furance, 75% AFUE",Roof Insulation less than R20,0.407086581652747
5113 50 Street,-3.17509154713742,33.9318529072167,3.00331106323933,0.897341052702887,Minor Air Leakage Issue,,Wall Insulation less than R20,Roof Insulation less than R40,0.897341052702887
5114 50 Street,-37.6678308545532,66.8211069820889,1.52720062983936,0.423103426354342,Significant Air Leakage Issue,Wall Insulation less than R12,"Ineffcient Furance, 75% AFUE",Roof Insulation less than R20,0.423103426354342
5114 52 Avenue,-31.5034362664027,59.8072602917703,4.09567836011787,0.434526265919868,Significant Air Leakage Issue,Wall Insulation less than R12,"Ineffcient Furance, 75% AFUE",Roof Insulation less than R20,0.434526265919868
5117 48 Avenue,-15.4984036868584,41.0404813095666,2.88367626464017,0.593823338494659,Significant Air Leakage Issue,Wall Insulation less than R12,"Ineffcient Furance, 75% AFUE",Roof Insulation less than R20,0.593823338494659
5117 50 Street,-1.70030441863179,34.3109797553421,5.60025138356322,0.940778081398203,Minor Air Leakage Issue,,Wall Insulation less than R20,Roof Insulation less than R40,0.940778081398203
52 Oriole Place,-6.10029316717963,40.9456995975353,5.22957447123277,0.829200588092711,Minor Air Leakage Issue,,Wall Insulation less than R20,Roof Insulation less than R40,0.829200588092711
5201 48 Avenue,-21.0562901482352,41.3248264456606,0.858229244481618,0.479662447436481,Significant Air Leakage Issue,Wall Insulation less than R12,"Ineffcient Furance, 75% AFUE",Roof Insulation less than R20,0.479662447436481
5201 51 Avenue,-4.87940397446751,54.0255758578591,12.8545892255578,0.881484405072787,Minor Air Leakage Issue,,Wall Insulation less than R20,Roof Insulation less than R40,0.881484405072787
5202 50 Avenue,-18.2768141619367,36.9648676922194,0.827491839576528,0.494240693168647,Significant Air Leakage Issue,Wall Insulation less than R12,"Ineffcient Furance, 75% AFUE",Roof Insulation less than R20,0.494240693168647
5205 48 Avenue,-71.8309411934193,106.629426035248,4.05169089320799,0.299741400081076,Wall Insulation less than R10,Roof Insulation less than R10,"Ineffcient Furance, 75% AFUE",Signifcant Air Leakage Issue,0.299741400081076
5206 50 Avenue,-16.0626355461264,40.3770093253473,3.2552611024067,0.567298515962673,Significant Air Leakage Issue,Wall Insulation less than R12,"Ineffcient Furance, 75% AFUE",Roof Insulation less than R20,0.567298515962673
5211 48 Avenue,-23.5218191747962,43.8839326705066,0.942565207380511,0.452234044595938,Significant Air Leakage Issue,Wall Insulation less than R12,"Ineffcient Furance, 75% AFUE",Roof Insulation less than R20,0.452234044595938
5212 50 Avenue,-16.8915270013997,42.8413338381619,2.18747718873943,0.584503700422241,Significant Air Leakage Issue,Wall Insulation less than R12,"Ineffcient Furance, 75% AFUE",Roof Insulation less than R20,0.584503700422241
5216 50 Avenue,-21.6942189369857,44.0734960945693,2.33208977858531,0.480271010210829,Significant Air Leakage Issue,Wall Insulation less than R12,"Ineffcient Furance, 75% AFUE",Roof Insulation less than R20,0.480271010210829
53 Mackenzie Drive,-11.9554261583659,49.2864902562925,6.39320584047819,0.721275105854145,Wall Insulation less than R15,Ineffcient Furnace-80% AFUE,Minor Air Leakage,Roof Insulation less than R30,0.721275105854145
53 Oriole Place,0.798598194787687,37.438776252376,6.87492895399362,1.02612885043533,"Building is up to Energy Effcient Code, or not in use",,,,1.02612885043533
55 Mackenzie Drive,-9.16374602536121,49.1917085442612,6.60626508152543,0.784815061668198,Wall Insulation less than R15,Ineffcient Furnace-80% AFUE,Minor Air Leakage,Roof Insulation less than R30,0.784815061668198
6 Canary Crescent,-22.8905205557941,60.3759505639583,8.33084109490352,0.560179221653776,Significant Air Leakage Issue,Wall Insulation less than R12,"Ineffcient Furance, 75% AFUE",Roof Insulation less than R20,0.560179221653776
6 McLean Crescent West,-4.94604583306781,38.6709385087833,3.12670336279965,0.860848156873994,Minor Air Leakage Issue,,Wall Insulation less than R20,Roof Insulation less than R40,0.860848156873994
6 Meadowlark Drive,-35.0968422249669,70.5175937513108,6.627060339121,0.450672261592501,Significant Air Leakage Issue,Wall Insulation less than R12,"Ineffcient Furance, 75% AFUE",Roof Insulation less than R20,0.450672261592501
7 Canary Crescent,-5.02082167004865,37.6283396764387,2.32776991155739,0.857769387194322,Minor Air Leakage Issue,,Wall Insulation less than R20,Roof Insulation less than R40,0.857769387194322
7 Mackenzie Drive,0.543040131217467,29.2875490176815,2.52295381422994,1.02028949539829,"Building is up to Energy Effcient Code, or not in use",,,,1.02028949539829
7 McLean Crescent West,-21.1746757125939,62.0820213805223,9.58735773776888,0.596631843253711,Significant Air Leakage Issue,Wall Insulation less than R12,"Ineffcient Furance, 75% AFUE",Roof Insulation less than R20,0.596631843253711
7 Meadowlark Drive,-10.3119228424638,43.9787143825379,6.18932173313885,0.727121233777549,Wall Insulation less than R15,Ineffcient Furnace-80% AFUE,Minor Air Leakage,Roof Insulation less than R30,0.727121233777549
8 Canary Crescent,-5.94674675262861,36.585740844094,5.24200501023984,0.81027319831462,Minor Air Leakage Issue,,Wall Insulation less than R20,Roof Insulation less than R40,0.81027319831462
8 McLean Crescent West,-25.2227983319786,48.6230182720732,3.20442687033533,0.444659168117365,Significant Air Leakage Issue,Wall Insulation less than R12,"Ineffcient Furance, 75% AFUE",Roof Insulation less than R20,0.444659168117365
9 Canary Crescent,11.2266866427466,30.0458027139322,12.7335509329113,1.64848217232227,"Building is up to Energy Effcient Code, or not in use",,,,1.64848217232227
9 Mackenzie Drive,-19.3985851250683,49.1917085442612,5.88219019052112,0.552094184778828,Significant Air Leakage Issue,Wall Insulation less than R12,"Ineffcient Furance, 75% AFUE",Roof Insulation less than R20,0.552094184778828
9 McLean Crescent West,-1.7886176985165,24.1693365679896,2.33353149047482,0.9180878519401,Minor Air Leakage Issue,,Wall Insulation less than R20,Roof Insulation less than R40,0.9180878519401
9 Meadowlark Drive,-4.86173766197926,43.3152423983186,4.09771559138836,0.876031507904263,Minor Air Leakage Issue,,Wall Insulation less than R20,Roof Insulation less than R40,0.876031507904263
