ENERGY STAR Partner Name,Manufactuer Landing Page,Product Line Name,Product Line CPD Number,Operator Type,Frame Material,Min. U-Factor,Max. U-Factor,Min. SHGC,Max. SHGC,Qualified Northern Zone,Qualified North-Central Zone,Qualified South-Central Zone,Qualified Southern Zone,Performance Grade,Date Recognized,Date Revised,
A Window Inc.,http://www.americanwindowsystems.com/window_efficient.htm,Energy Core,AWN-M-14,Horizontal Slider,Vinyl,0.15,0.2,0.17,0.26,YES,YES,YES,YES,40,4/4/2013,2/12/2014,
A Window Inc.,http://www.americanwindowsystems.com/window_efficient.htm,Energy Core,AWN-M-18,Fixed or Picture,Vinyl,0.13,0.2,0.18,0.3,YES,YES,YES,YES,60,4/4/2013,2/12/2014,
A Window Inc.,http://www.americanwindowsystems.com/window_efficient.htm,Energy Core,AWN-M-15,"Casement Style (Awning, Projected, Hopper, Tilt-and-Turn, etc.)",Vinyl,0.15,0.2,0.15,0.23,YES,YES,YES,YES,60,4/4/2013,,
A Window Inc.,http://www.americanwindowsystems.com/window_efficient.htm,Energy Core Awning,AWN-M-16,"Casement Style (Awning, Projected, Hopper, Tilt-and-Turn, etc.)",Vinyl,0.15,0.20,0.15,0.23,YES,YES,YES,YES,60,2/12/2014,,
A Window Inc.,http://www.americanwindowsystems.com/window_efficient.htm,Energy Core Double Hung,AWN-M-13,Vertical Slider (Single- and Double-Hung),Vinyl,0.15,0.20,0.16,0.26,YES,YES,YES,YES,40,2/12/2014,,
Andersen Corporation,None,A-Series Casement,AND-N-86,"Casement Style (Awning, Projected, Hopper, Tilt-and-Turn, etc.)",Composite,0.20,0.20,0.11,0.34,YES,YES,YES,YES,50,6/11/2015,,
Andersen Corporation,None,A-Series Awning,AND-N-87,"Casement Style (Awning, Projected, Hopper, Tilt-and-Turn, etc.)",Composite,0.20,0.20,0.11,0.33,YES,YES,YES,YES,50,6/11/2015,,
Andersen Corporation,None,A-Series Double Hung,AND-N-91,Vertical Slider (Single- and Double-Hung),Composite,0.20,0.20,0.13,0.26,YES,YES,YES,YES,50,6/11/2015,,
Andersen Corporation,None,A-Series Picture,AND-N-88,Fixed or Picture,Fiberglass,0.18,0.20,0.13,0.41,YES,YES,YES,YES,50,6/11/2015,,
Andersen Corporation,None,A-Series Transom Fixed,AND-N-89,Fixed or Picture,Fiberglass,0.18,0.20,0.13,0.42,YES,YES,YES,YES,50,6/11/2015,,
Andersen Corporation,None,A-Series Transom Venting,AND-N-90,"Casement Style (Awning, Projected, Hopper, Tilt-and-Turn, etc.)",Composite,0.20,0.20,0.12,0.34,YES,YES,YES,YES,50,6/11/2015,,
"Associated Materials, Inc.",None,8001,ASO-A-29,Vertical Slider (Single- and Double-Hung),Vinyl,0.18,0.20,0.23,0.27,YES,YES,YES,YES,20,2/13/2013,,
"Associated Materials, Inc.",None,8002/ 8003/ 8009/ 9002/ 9003/ 9009/ 0502/ 0503/ 0509/ 0602/ 0603/ 0609,ASO-A-43,Horizontal Slider,Vinyl,0.19,0.20,0.23,0.27,YES,YES,YES,YES,25,2/13/2013,,
"Associated Materials, Inc.",None,0501,ASO-A-47,Vertical Slider (Single- and Double-Hung),Vinyl,0.18,0.20,0.24,0.27,YES,YES,YES,YES,25,2/13/2013,,
"Associated Materials, Inc.",None,0601,ASO-A-38,Vertical Slider (Single- and Double-Hung),Vinyl,0.18,0.20,0.24,0.27,YES,YES,YES,YES,25,2/13/2013,,
"Associated Materials, Inc.",None,0971,ASO-A-31,"Casement Style (Awning, Projected, Hopper, Tilt-and-Turn, etc.)",Vinyl,0.18,0.20,0.24,0.27,YES,YES,YES,YES,40,2/13/2013,,
"Associated Materials, Inc.",None,0951,ASO-A-32,"Casement Style (Awning, Projected, Hopper, Tilt-and-Turn, etc.)",Vinyl,0.18,0.20,0.23,0.27,YES,YES,YES,YES,35,2/13/2013,,
Capitol Glass/Northerm Windows,None,3800 Picture Triple Glaze,NRW-A-6,Fixed or Picture,Vinyl,0.16,0.16,0.20,0.31,YES,YES,YES,YES,80,1/23/2013,,
Capitol Glass/Northerm Windows,None,3800 Awning Triple Glaze,NRW-A-8,"Casement Style (Awning, Projected, Hopper, Tilt-and-Turn, etc.)",Vinyl,0.19,0.19,0.16,0.23,YES,YES,YES,YES,60,1/23/2013,,
Capitol Glass/Northerm Windows,None,3800 Casement Triple Glaze,NRW-A-7,"Casement Style (Awning, Projected, Hopper, Tilt-and-Turn, etc.)",Vinyl,0.19,0.19,0.16,0.23,YES,YES,YES,YES,65,1/23/2013,,
Champion Window,None,Champion Comfort 365 Extreme Energy,CHW-A-7 ,Vertical Slider (Single- and Double-Hung),Vinyl,0.20,0.20,0.21,0.25,YES,YES,YES,YES,30,3/4/2013,,
Champion Window,None,Champion Comfort 365 Extreme Energy,CHW-A-8 ,Horizontal Slider,Vinyl,0.20,0.20,0.25,0.25,YES,YES,YES,YES,30,3/4/2013,,
Champion Window,None,Champion Comfort 365 Extreme Energy,CHW-A-9,Fixed or Picture,Vinyl,0.18,0.20,0.24,0.25,YES,YES,YES,YES,30,3/4/2013,,
EnergyWall Windows & Doors,None,8400 Picture Window,EWW-M-1,Fixed or Picture,Vinyl,0.13,0.2,0.16,0.5,YES,YES,YES,YES,80,5/29/2013,,
EnergyWall Windows & Doors,None,7020 Double Hung,EWW-M-3,Vertical Slider (Single- and Double-Hung),Vinyl,0.17,0.2,0.14,0.35,YES,YES,YES,YES,25,5/29/2013,,
EnergyWall Windows & Doors,None,7030 Slider,EWW-M-4,Horizontal Slider,Vinyl,0.17,0.2,0.14,0.33,YES,YES,YES,YES,15,5/29/2013,,
EnergyWall Windows & Doors,None,8530 Slider,EWW-M-5,Horizontal Slider,Vinyl,0.17,0.2,0.14,0.33,YES,YES,YES,YES,45,5/29/2013,,
EnergyWall Windows & Doors,None,7000 Picture Window,EWW-M-6,Fixed or Picture,Vinyl,0.14,0.2,0.15,0.47,YES,YES,YES,YES,60,5/29/2013,,
EnergyWall Windows & Doors,None,8450 Casement Window,EWW-M-9,"Casement Style (Awning, Projected, Hopper, Tilt-and-Turn, etc.)",Vinyl,0.15,0.2,0.13,0.31,YES,YES,YES,YES,70,5/29/2013,,
EnergyWall Windows & Doors,None,8405 Casement Picture Window,EWW-M-11,Fixed or Picture,Vinyl,0.14,0.2,0.14,0.41,YES,YES,YES,YES,80,5/29/2013,,
EnergyWall Windows & Doors,None,8520 Double Hung,EWW-M-2,Vertical Slider (Single- and Double-Hung),Vinyl,0.15,0.2,0.141,0.35,YES,YES,YES,YES,40,5/16/2019,,
EnergyWall Windows & Doors,None,8530 Slider,EWW-M-5,Horizontal Slider,Vinyl,0.16,0.2,0.13,0.3,YES,YES,YES,YES,45,5/16/2019,,
EnergyWall Windows & Doors,None,8400 Picture Window,EWW-M-1,Fixed or Picture,Vinyl,0.13,0.2,0.16,0.4,YES,YES,YES,YES,50,5/16/2019,,
EnergyWall Windows & Doors,None,8405 Casement Picture Window,EWW-M-11,Fixed or Picture,Vinyl,0.14,0.2,0.15,0.36,YES,YES,YES,YES,50,5/16/2019,,
EnergyWall Windows & Doors,None,8450 Casement Window,EWW-M-9,"Casement Style (Awning, Projected, Hopper, Tilt-and-Turn, etc.)",Vinyl,0.14,0.2,0.13,0.31,YES,YES,YES,YES,70,5/16/2019,,
EnergyWall Windows & Doors,None,8460 Awning Window,EWW-M-10,"Casement Style (Awning, Projected, Hopper, Tilt-and-Turn, etc.)",Vinyl,0.14,0.2,0.13,0.31,YES,YES,YES,YES,40,5/16/2019,,
EnergyWall Windows & Doors,None,7420 Double Hung,EWW-M-14,Vertical Slider (Single- and Double-Hung),Vinyl,0.15,0.2,0.15,0.36,YES,YES,YES,YES,50,5/16/2019,,
EnergyWall Windows & Doors,None,7430 Slider,EWW-M-15,Horizontal Slider,Vinyl,0.16,0.2,0.14,0.34,YES,YES,YES,YES,35,5/16/2019,,
EnergyWall Windows & Doors,None,7400 Picture Window,EWW-M-13,Fixed or Picture,Vinyl,0.14,0.2,0.16,0.38,YES,YES,YES,YES,65,5/16/2019,,
EnergyWall Windows & Doors,None,7450 Casement Window,EWW-M-17,"Casement Style (Awning, Projected, Hopper, Tilt-and-Turn, etc.)",Vinyl,0.15,0.2,0.14,0.34,YES,YES,YES,YES,20,5/16/2019,,
EnergyWall Windows & Doors,None,7460 Awning Window,EWW-M-18,"Casement Style (Awning, Projected, Hopper, Tilt-and-Turn, etc.)",Vinyl,0.15,0.2,0.14,0.34,YES,YES,YES,YES,30,5/16/2019,,
"GWD, LTD dba Gerkin Windows and Doors",None,Comfort Series,GER-K- 2,"Casement Style (Awning, Projected, Hopper, Tilt-and-Turn, etc.)",Vinyl,0.2,0.2,0.26,0.26,YES,YES,YES,YES,40,9/20/2019,,
"GWD, LTD dba Gerkin Windows and Doors",None,Comfort Series,GER-K- 11,Fixed or Picture,Vinyl,0.2,0.2,0.2,0.2,YES,YES,YES,YES,70,9/20/2019,,
"Harvey Industries, Inc.",None,Tribute Double Hung,HII-M-42,Vertical Slider (Single- and Double-Hung),Vinyl,0.2,0.2,0.22,0.22,YES,YES,YES,YES,35,3/27/2013,,
"Ideal Window Manufacturing, Inc.",None,UltraTite,IAP-M-36,Vertical Slider (Single- and Double-Hung),Vinyl,0.20,0.20,0.22,0.24,YES,YES,YES,YES,45,1/22/2013,,
"Ideal Window Manufacturing, Inc.",None,UltraTite,IAP-M-38,Horizontal Slider,Vinyl,0.20,0.20,0.21,0.24,YES,YES,YES,YES,25,1/22/2013,,
"Ideal Window Manufacturing, Inc.",None,UltraTite,IAP-M-22,Fixed or Picture,Vinyl,0.16,0.19,0.24,0.26,YES,YES,YES,YES,40,1/22/2013,,
"Ideal Window Manufacturing, Inc.",None,PerfectFit/ Majestic/ Lifescapes,IAP-M-25,Vertical Slider (Single- and Double-Hung),Vinyl,0.19,0.20,0.22,0.24,YES,YES,YES,YES,35,1/22/2013,,
"Ideal Window Manufacturing, Inc.",None,PerfectFit/ Majestic/ Lifescapes,IAP-M-24,Horizontal Slider,Vinyl,0.18,0.20,0.22,0.24,YES,YES,YES,YES,25,1/22/2013,,
"Ideal Window Manufacturing, Inc.",None,PerfectFit/ Majestic/ Lifescapes,IAP-M-27,Horizontal Slider,Vinyl,0.20,0.20,0.24,0.24,YES,YES,YES,YES,30,1/22/2013,,
"Ideal Window Manufacturing, Inc.",None,PerfectFit/ Majestic/ Lifescapes,IAP-M-26,Fixed or Picture,Vinyl,0.16,0.20,0.23,0.26,YES,YES,YES,YES,35,1/22/2013,,
"Ideal Window Manufacturing, Inc.",None,3900 Casement,IAP-M-34,"Casement Style (Awning, Projected, Hopper, Tilt-and-Turn, etc.)",Vinyl,0.19,0.20,0.19,0.21,YES,YES,YES,YES,60,1/22/2013,,
"Ideal Window Manufacturing, Inc.",None,4000 Awning,IAP-M-33,"Casement Style (Awning, Projected, Hopper, Tilt-and-Turn, etc.)",Vinyl,0.19,0.20,0.19,0.21,YES,YES,YES,YES,60,1/22/2013,,
Interstate Window & Door Co.,None,9800 DH (CompositWood®)/ 9900 DH (CompositWood®),IBM-K-24,Vertical Slider (Single- and Double-Hung),Composite,0.16,0.20,0.19,0.22,YES,YES,YES,YES,50,2/22/2013,3/12/2013,
Interstate Window & Door Co.,None,9400 DH (Architectural Series),IBM-K-43,Vertical Slider (Single- and Double-Hung),Composite,0.16,0.20,0.19,0.22,YES,YES,YES,YES,50,2/22/2013,3/12/2013,
Interstate Window & Door Co.,None,9800 AWN (CompositWood®),IBM-K-29,"Casement Style (Awning, Projected, Hopper, Tilt-and-Turn, etc.)",Composite,0.14,0.20,0.19,0.26,YES,YES,YES,YES,30,2/22/2013,3/12/2013,
Interstate Window & Door Co.,None,9800 PTWIS (CompositWood®),IBM-K-25,Fixed or Picture,Composite,0.14,0.19,0.20,0.23,YES,YES,YES,YES,50,2/22/2013,3/12/2013,
Interstate Window & Door Co.,None,9400 AWN (Architectural Series),IBM-K-41,"Casement Style (Awning, Projected, Hopper, Tilt-and-Turn, etc.)",Composite,0.14,0.20,0.15,0.27,YES,YES,YES,YES,30,3/12/2013,,
Interstate Window & Door Co.,None,9800 FX (CompositWood®)/ 9800 CS (CompositWood®),IBM-K-28,Fixed or Picture,Composite,0.14,0.20,0.19,0.26,YES,YES,YES,YES,40,3/12/2013,,
Interstate Window & Door Co.,None,9800 PT (CompositWood®)/ 9800 PT (CompositWood®),IBM-K-38,Fixed or Picture,Composite,0.12,0.20,0.21,0.33,YES,YES,YES,YES,50,3/12/2013,,
Interstate Window & Door Co.,None,9400 FX (Architectural Series)/ 9400 CS (Architectural Series),IBM-K-40,Fixed or Picture,Composite,0.14,0.20,0.15,0.27,YES,YES,YES,YES,40,3/12/2013,,
Interstate Window & Door Co.,None,9400 PT (Architectural Series),IBM-K-42,Fixed or Picture,Composite,0.12,0.20,0.19,0.34,YES,YES,YES,YES,55,3/12/2013,,
Interstate Window & Door Co.,None,9800 HS (CompositWood®),IBM-K-45,Horizontal Slider,Composite,0.15,0.20,0.17,0.23,YES,YES,YES,YES,40,3/20/2013,,
Interstate Window & Door Co.,None,9400 HS (Architectural Series),IBM-K-47,Horizontal Slider,Composite,0.15,0.20,0.20,0.24,YES,YES,YES,YES,25,1/23/2015,,
Interstate Window & Door Co.,None,9400 PTWIS (Architectural Series),IBM-K-46,Fixed or Picture,Composite,0.15,0.20,0.20,0.23,YES,YES,YES,YES,50,1/23/2015,,
Interstate Window & Door Co.,None,8800/6800/440 AWN ,IBM-K-51,"Casement Style (Awning, Projected, Hopper, Tilt-and-Turn, etc.)",Vinyl,0.15,0.2,0.21,0.27,YES,YES,YES,YES,50,6/16/2017,,
Interstate Window & Door Co.,None,8800/6800/440 CS - 8800/6800/440 FX,IBM-K-50,"Casement Style (Awning, Projected, Hopper, Tilt-and-Turn, etc.)",Vinyl,0.15,0.2,0.21,0.27,YES,YES,YES,YES,30,6/16/2017,,
Interstate Window & Door Co.,None,8800/6800/440 HS,IBM-K-52,Horizontal Slider,Vinyl,0.17,0.17,0.21,0.23,YES,YES,YES,YES,15,6/16/2017,,
Interstate Window & Door Co.,None,8800/6800/440 PT,IBM-K-53,Fixed or Picture,Vinyl,0.14,0.19,0.23,0.3,YES,YES,YES,YES,20,6/16/2017,,
Interstate Window & Door Co.,None,8800/440 DH,IBM-K-49,Vertical Slider (Single- and Double-Hung),Vinyl,0.16,0.16,0.21,0.23,YES,YES,YES,YES,55,6/16/2017,,
Interstate Window & Door Co.,None,6800 DH,IBM-K-49,Vertical Slider (Single- and Double-Hung),Vinyl,0.17,0.2,0.22,0.24,YES,YES,YES,YES,40,6/16/2017,,
"JELD-WEN, Inc.",None,Premium Vinyl (V-4500) Side Load Single Hung,JEL-A-543,Vertical Slider (Single- and Double-Hung),Vinyl,0.20,0.20,0.15,0.19,NO,YES,YES,YES,35,3/11/2013,,
"JELD-WEN, Inc.",None,Premium Vinyl (V-4500) Horizontal Slider,JEL-A-544,Horizontal Slider,Vinyl,0.20,0.20,0.15,0.19,NO,YES,YES,YES,35,3/11/2013,,
"JELD-WEN, Inc.",None,Premium Vinyl (V-4500) Fixed with Track Filler,JEL-A-545,Fixed or Picture,Vinyl,0.16,0.17,0.17,0.31,YES,YES,YES,YES,50,3/11/2013,,
"JELD-WEN, Inc.",None,Premium Vinyl (V-4500) Casement,JEL-A-595,"Casement Style (Awning, Projected, Hopper, Tilt-and-Turn, etc.)",Vinyl,0.17,0.20,0.13,0.23,YES,YES,YES,YES,50,3/11/2013,6/27/2014,
"JELD-WEN, Inc.",None,Premium Vinyl (V-4500) Awning,JEL-A-596,"Casement Style (Awning, Projected, Hopper, Tilt-and-Turn, etc.)",Vinyl,0.17,0.20,0.13,0.23,YES,YES,YES,YES,50,3/11/2013,6/27/2014,
"JELD-WEN, Inc.",None,Premium Vinyl (V-4500) Fixed,JEL-A-757,Fixed or Picture,Vinyl,0.17,0.17,0.17,0.31,YES,YES,YES,YES,50,3/11/2013,,
"JELD-WEN, Inc.",None,Premium Vinyl (V-4500) Double Slider,JEL-A-773,Horizontal Slider,Vinyl,0.19,0.2,0.14,0.25,YES,YES,YES,YES,35,3/11/2013,4/16/2013,
"JELD-WEN, Inc.",None,Premium Vinyl (V-4500) Double Hung,JEL-A-774,Vertical Slider (Single- and Double-Hung),Vinyl,0.19,0.2,0.14,0.25,YES,YES,YES,YES,50,3/11/2013,4/16/2013,
"JELD-WEN, Inc.",None,Premium Vinyl (V-4500) Double Hung Fixed,JEL-A-799,Fixed or Picture,Vinyl,0.15,0.19,0.16,0.29,YES,YES,YES,YES,20,3/11/2013,,
Joyce Manufacturing Co. ,None,Insulator INDH ,JMC-K-5,Vertical Slider (Single- and Double-Hung),Vinyl,0.16,0.20,0.16,0.18,NO,YES,YES,YES,50,1/17/2013,,
Joyce Manufacturing Co. ,None,Insulator INSL,JMC-K-6,Horizontal Slider,Vinyl,0.20,0.20,0.16,0.25,YES,YES,YES,YES,35,1/17/2013,,
Joyce Manufacturing Co. ,None,Insulator INPW,JMC-K-8,Fixed or Picture,Vinyl,0.18,0.20,0.19,0.27,YES,YES,YES,YES,50,1/17/2013,,
Joyce Manufacturing Co. ,None,Insulator INCA,JMC-K-9,"Casement Style (Awning, Projected, Hopper, Tilt-and-Turn, etc.)",Vinyl,0.18,0.20,0.15,0.16,NO,YES,YES,YES,60,1/17/2013,,
"Kensington HPP, Inc.",None,Casement,KHI-M-22,"Casement Style (Awning, Projected, Hopper, Tilt-and-Turn, etc.)",Vinyl,0.16,0.19,0.12,0.34,YES,YES,YES,YES,55,3/24/2014,,
"Kensington HPP, Inc.",None,Huntington Picture Window,KHI-M-15,Fixed or Picture,Vinyl,0.14,0.20,0.17,0.44,YES,YES,YES,YES,60,3/24/2014,,
"Kensington HPP, Inc.",None,Quantum Picture Window,KHI-M-18,Fixed or Picture,Vinyl,0.13,0.19,0.16,0.44,YES,YES,YES,YES,60,3/24/2014,,
"Kensington HPP, Inc.",None,Casement Picture Window,KHI-M-19,Fixed or Picture,Vinyl,0.13,0.19,0.14,0.41,YES,YES,YES,YES,60,3/24/2014,,
"Kensington HPP, Inc.",None,Huntington Slider,KHI-M-17,Horizontal Slider,Vinyl,0.18,0.20,0.15,0.40,YES,YES,YES,YES,50,3/24/2014,,
"Kensington HPP, Inc.",None,Quantum Slider,KHI-M-21,Horizontal Slider,Vinyl,0.18,0.20,0.14,0.39,YES,YES,YES,YES,55,3/24/2014,,
"Kensington HPP, Inc.",None,Quantum Double Hung,KHI-M-23,Vertical Slider (Single- and Double-Hung),Vinyl,0.17,0.20,0.14,0.39,YES,YES,YES,YES,55,3/24/2014,,
"Kensington HPP, Inc.",None,Huntington Double Hung,KHI-M-24,Vertical Slider (Single- and Double-Hung),Vinyl,0.18,0.20,0.15,0.41,YES,YES,YES,YES,50,3/24/2014,,
"Kohltech International, Ltd.",None,Estate/Heritage,KOI-A-1,Fixed or Picture,Vinyl,0.17,0.17,0.24,0.24,YES,YES,YES,YES,70,6/25/2013,,
"Kohltech International, Ltd.",None,Estate,KOI-A-19,Vertical Slider (Single- and Double-Hung),Vinyl,0.2,0.2,0.23,0.23,YES,YES,YES,YES,70,6/25/2013,,
"Kohltech International, Ltd.",None,Heritage,KOI-A-19,Vertical Slider (Single- and Double-Hung),Vinyl,0.2,0.2,0.23,0.23,YES,YES,YES,YES,55,6/25/2013,,
"Kohltech International, Ltd.",None,Supreme ,KOI-A-29,Fixed or Picture,Vinyl,0.18,0.19,0.25,0.49,YES,YES,YES,YES,60,6/25/2013,,
"Kohltech International, Ltd.",None,Supreme ,KOI-A-51,Horizontal Slider,Vinyl,0.2,0.2,0.24,0.24,YES,YES,YES,YES,40,6/25/2013,,
"Kohltech International, Ltd.",None,Supreme ,KOI-A-54,Fixed or Picture,Vinyl,0.15,0.2,0.24,0.52,YES,YES,YES,YES,70,6/25/2013,,
"Kohltech International, Ltd.",None,Supreme ,KOI-A-55,Fixed or Picture,Vinyl,0.16,0.17,0.22,0.46,YES,YES,YES,YES,70,6/25/2013,,
"Kohltech International, Ltd.",None,Supreme ,KOI-A-56,"Casement Style (Awning, Projected, Hopper, Tilt-and-Turn, etc.)",Vinyl,0.17,0.18,0.18,0.39,YES,YES,YES,YES,70,6/25/2013,,
"Kohltech International, Ltd.",None,Supreme ,KOI-A-57,"Casement Style (Awning, Projected, Hopper, Tilt-and-Turn, etc.)",Vinyl,0.17,0.18,0.18,0.39,YES,YES,YES,YES,70,6/25/2013,,
"Kohltech International, Ltd.",None,Supreme ,KOI-A-58,Fixed or Picture,Vinyl,0.15,0.2,0.22,0.46,YES,YES,YES,YES,45,6/25/2013,,
"Kohltech International, Ltd.",None,Select,KOI-A-62,Fixed or Picture,Vinyl,0.15,0.2,0.22,0.47,YES,YES,YES,YES,70,6/25/2013,,
"Kohltech International, Ltd.",None,6000 Plus,KOI-A-63,"Casement Style (Awning, Projected, Hopper, Tilt-and-Turn, etc.)",Vinyl,0.17,0.17,0.18,0.2,YES,YES,YES,YES,55,6/25/2013,,
"Kohltech International, Ltd.",None,6000 Plus,KOI-A-64,"Casement Style (Awning, Projected, Hopper, Tilt-and-Turn, etc.)",Vinyl,0.17,0.17,0.18,0.2,YES,YES,YES,YES,40,6/25/2013,,
"Kohltech International, Ltd.",None,6000 Plus,KOI-A-65,Fixed or Picture,Vinyl,0.14,0.2,0.24,0.31,YES,YES,YES,YES,70,6/25/2013,,
"Kohltech International, Ltd.",None,Select,KOI-A-66,"Casement Style (Awning, Projected, Hopper, Tilt-and-Turn, etc.)",Vinyl,0.17,0.18,0.19,0.4,YES,YES,YES,YES,70,6/25/2013,,
"Kohltech International, Ltd.",None,Select,KOI-A-67,"Casement Style (Awning, Projected, Hopper, Tilt-and-Turn, etc.)",Vinyl,0.17,0.18,0.19,0.4,YES,YES,YES,YES,30,6/25/2013,,
"Kohltech International, Ltd.",None,Select,KOI-A-68,Fixed or Picture,Vinyl,0.15,0.2,0.22,0.47,YES,YES,YES,YES,70,6/25/2013,,
"Kohltech International, Ltd.",None,Supreme ,KOI-A-8,Vertical Slider (Single- and Double-Hung),Vinyl,0.2,0.2,0.24,0.24,YES,YES,YES,YES,70,6/25/2013,,
"Kohltech International, Ltd.",None,Supreme Single Glider,KOI-A-86,Horizontal Slider,Vinyl,0.18,0.2,0.21,0.62,YES,YES,YES,YES,55,6/21/2017,,
"Kohltech International, Ltd.",None,Supreme Single Hung,KOI-A-87,Vertical Slider (Single- and Double-Hung),Vinyl,0.18,0.2,0.21,0.62,YES,YES,YES,YES,65,6/21/2017,,
"Kohltech International, Ltd.",None,Supreme Single Glider PIC,KOI-A-89,Fixed or Picture,Vinyl,0.16,0.2,0.22,0.64,YES,YES,YES,YES,60,6/21/2017,,
"Kolbe & Kolbe Millwork Co., Inc.",None,"Ultra Pushout Casement Picture 2-1/4"" Sash",KKM-K-232,Fixed or Picture,Wood and Clad Wood,0.18,0.19,0.15,0.42,YES,YES,YES,YES,65,1/23/2020,,
"Kolbe & Kolbe Millwork Co., Inc.",None,"Ultra/VistaLuxe Gardenaire 2-1/4"" Panels",KKM-K-237,Sliding Glass Doors,Wood and Clad Wood,0.2,0.2,0.14,0.42,YES,YES,YES,YES,35,1/23/2020,,
"Kolbe & Kolbe Millwork Co., Inc.",None,Forgent Sliding Patio,KKM-K-250,Sliding Glass Doors,Composite,0.18,0.19,0.14,0.4,YES,YES,YES,YES,40,1/23/2020,,
"Kolbe & Kolbe Millwork Co., Inc.",None,VistaLuxe Casement Picture Direct Set,KKM-K-251,Fixed or Picture,Wood and Clad Wood,0.17,0.2,0.17,0.47,YES,YES,YES,YES,50,1/23/2020,,
"Kolbe & Kolbe Millwork Co., Inc.",None,Ultra Direct Set UED4D,KKM-K-10,Fixed or Picture,Wood and Clad Wood,0.19,0.19,0.18,0.50,YES,YES,YES,YES,65,12/19/2013,1/23/2020,
"Kolbe & Kolbe Millwork Co., Inc.",None,Ultra Casement Direct Set,KKM-K-13,Fixed or Picture,Wood and Clad Wood,0.17,0.20,0.18,0.49,YES,YES,YES,YES,75,12/19/2013,,
"Kolbe & Kolbe Millwork Co., Inc.",None,Ultra EP Casement,KKM-K-159,"Casement Style (Awning, Projected, Hopper, Tilt-and-Turn, etc.)",Wood and Clad Wood,0.20,0.20,0.14,0.22,YES,YES,YES,YES,80,12/19/2013,1/23/2020,
"Kolbe & Kolbe Millwork Co., Inc.",None,"Ultra Awning 2-1/4"" Sash",KKM-K-160,"Casement Style (Awning, Projected, Hopper, Tilt-and-Turn, etc.)",Wood and Clad Wood,0.20,0.20,0.14,0.37,YES,YES,YES,YES,45,12/19/2013,1/23/2020,
"Kolbe & Kolbe Millwork Co., Inc.",None,"Ultra Casement Picture/Transom 2-1/4"" Sash",KKM-K-161,Fixed or Picture,Wood and Clad Wood,0.18,0.20,0.16,0.44,YES,YES,YES,YES,65,12/19/2013,1/23/2020,
"Kolbe & Kolbe Millwork Co., Inc.",None,Ultra Majesta Double Hung Studio,KKM-K-169,Fixed or Picture,Wood and Clad Wood,0.19,0.19,0.14,0.38,YES,YES,YES,YES,70,12/19/2013,1/23/2020,
"Kolbe & Kolbe Millwork Co., Inc.",None,Ultra Majesta Double Hung Studio,KKM-K-170,Fixed or Picture,Wood and Clad Wood,0.19,0.19,0.14,0.38,YES,YES,YES,YES,70,1/9/2015,,
"Kolbe & Kolbe Millwork Co., Inc.",None,Ultra Tilt-Turn Picture,KKM-K-188,Fixed or Picture,Wood and Clad Wood,0.18,0.20,0.13,0.37,YES,YES,YES,YES,75,12/19/2013,,
"Kolbe & Kolbe Millwork Co., Inc.",None,Ultra Tilt-Turn,KKM-K-188,"Casement Style (Awning, Projected, Hopper, Tilt-and-Turn, etc.)",Wood and Clad Wood,0.18,0.20,0.13,0.37,YES,YES,YES,YES,85,1/9/2015,1/23/2020,
"Kolbe & Kolbe Millwork Co., Inc.",None,Ultra Tilt-Turn Direct Set,KKM-K-189,Fixed or Picture,Wood and Clad Wood,0.17,0.20,0.15,0.42,YES,YES,YES,YES,85,12/19/2013,,
"Kolbe & Kolbe Millwork Co., Inc.",None,Teutonic™ Picture,KKM-K-190,Fixed or Picture,Vinyl,0.17,0.20,0.17,0.46,YES,YES,YES,YES,75,12/19/2013,,
"Kolbe & Kolbe Millwork Co., Inc.",None,Teutonic™ Tilt-Turn,KKM-K-192,"Casement Style (Awning, Projected, Hopper, Tilt-and-Turn, etc.)",Vinyl,0.20,0.20,0.14,0.23,YES,YES,YES,YES,95,12/19/2013,,
"Kolbe & Kolbe Millwork Co., Inc.",None,VistaLuxe Casement,KKM-K-194,"Casement Style (Awning, Projected, Hopper, Tilt-and-Turn, etc.)",Wood and Clad Wood,0.19,0.20,0.16,0.43,YES,YES,YES,YES,50,12/19/2013,1/23/2020,
"Kolbe & Kolbe Millwork Co., Inc.",None,VistaLuxe Casement Picture,KKM-K-195,Fixed or Picture,Wood and Clad Wood,0.17,0.20,0.17,0.47,YES,YES,YES,YES,50,12/19/2013,,
"Kolbe & Kolbe Millwork Co., Inc.",None,VistaLuxe Awning,KKM-K-196,"Casement Style (Awning, Projected, Hopper, Tilt-and-Turn, etc.)",Wood and Clad Wood,0.19,0.19,0.16,0.42,YES,YES,YES,YES,50,12/19/2013,1/23/2020,
"Kolbe & Kolbe Millwork Co., Inc.",None,VistaLuxe Direct Set,KKM-K-197,Fixed or Picture,Wood and Clad Wood,0.16,0.20,0.18,0.55,YES,YES,YES,YES,50,12/19/2013,1/23/2020,
"Kolbe & Kolbe Millwork Co., Inc.",None,VistaLuxe Geometric Direct Set,KKM-K-211,Fixed or Picture,Wood and Clad Wood,0.16,0.19,0.18,0.50,YES,YES,YES,YES,50,1/9/2015,1/23/2020,
"Kolbe & Kolbe Millwork Co., Inc.",None,Windquest Casement Picture,KKM-K-221,Fixed or Picture,Vinyl,0.16,0.20,0.16,0.49,YES,YES,YES,YES,80,12/19/2013,10/6/2016,
"Kolbe & Kolbe Millwork Co., Inc.",None,Windquest Casement,KKM-K-224,"Casement Style (Awning, Projected, Hopper, Tilt-and-Turn, etc.)",Vinyl,0.18,0.19,0.14,0.38,YES,YES,YES,YES,50,12/19/2013,10/6/2016,
"Kolbe & Kolbe Millwork Co., Inc.",None,Windquest Awning,KKM-K-225,"Casement Style (Awning, Projected, Hopper, Tilt-and-Turn, etc.)",Vinyl,0.18,0.19,0.14,0.38,YES,YES,YES,YES,50,12/19/2013,10/6/2016,
"Kolbe & Kolbe Millwork Co., Inc.",None,Ultra Beveled Direct Set,KKM-K-30,Fixed or Picture,Wood and Clad Wood,0.16,0.19,0.18,0.49,YES,YES,YES,YES,75,12/19/2013,1/23/2020,
"Kolbe & Kolbe Millwork Co., Inc.",None,Heritage Sterling Double Hung,KKM-N-113,Vertical Slider (Single- and Double-Hung),Wood and Clad Wood,0.19,0.20,0.15,0.24,YES,YES,YES,YES,50,12/19/2013,,
"Kolbe & Kolbe Millwork Co., Inc.",None,Heritage Direct Set HWT1D,KKM-N-122,Fixed or Picture,Wood and Clad Wood,0.15,0.20,0.11,0.50,YES,YES,YES,YES,80,1/9/2015,1/23/2020,
"Kolbe & Kolbe Millwork Co., Inc.",None,Heritage Direct Set HWC2D,KKM-N-15,Fixed or Picture,Wood and Clad Wood,0.15,0.20,0.12,0.53,YES,YES,YES,YES,50,12/19/2013,1/23/2020,
"Kolbe & Kolbe Millwork Co., Inc.",None,Heritage Double Slider,KKM-N-151,Horizontal Slider,Wood and Clad Wood,0.20,0.20,0.16,0.25,YES,YES,YES,YES,20,12/19/2013,,
"Kolbe & Kolbe Millwork Co., Inc.",None,Heritage Majesta Double Hung,KKM-N-162,Vertical Slider (Single- and Double-Hung),Wood and Clad Wood,0.20,0.20,0.13,0.37,YES,YES,YES,YES,65,12/19/2013,1/23/2020,
"Kolbe & Kolbe Millwork Co., Inc.",None,Heritage Majesta Double Hung Transom,KKM-N-173,Fixed or Picture,Wood and Clad Wood,0.17,0.20,0.14,0.40,YES,YES,YES,YES,65,12/19/2013,,
"Kolbe & Kolbe Millwork Co., Inc.",None,Heritage Majesta Double Hung Studio,KKM-N-174,Fixed or Picture,Wood and Clad Wood,0.17,0.20,0.14,0.38,YES,YES,YES,YES,70,1/9/2015,1/23/2020,
"Kolbe & Kolbe Millwork Co., Inc.",None,Classic Direct Set CRC5D,KKM-N-179,Fixed or Picture,Wood and Clad Wood,0.17,0.20,0.18,0.49,YES,YES,YES,YES,50,12/19/2013,1/23/2020,
"Kolbe & Kolbe Millwork Co., Inc.",None,Heritage Tradition Double Hung,KKM-N-5,Vertical Slider (Single- and Double-Hung),Wood and Clad Wood,0.20,0.20,0.17,0.26,YES,YES,YES,YES,25,1/9/2015,,
Marvin Windows and Doors,http://www.marvin.com/plan/energy-efficiency?menu=energy-star,Integrity Casement,MAR-N-250,"Casement Style (Awning, Projected, Hopper, Tilt-and-Turn, etc.)",Fiberglass,0.19,0.20,0.23,0.27,YES,YES,YES,YES,50,1/1/2014,12/9/2015,
Marvin Windows and Doors,http://www.marvin.com/plan/energy-efficiency?menu=energy-star,Integrity Awning,MAR-N-251,"Casement Style (Awning, Projected, Hopper, Tilt-and-Turn, etc.)",Fiberglass,0.20,0.20,0.23,0.27,YES,YES,YES,YES,50,1/1/2014,12/23/2014,
Marvin Windows and Doors,http://www.marvin.com/plan/energy-efficiency?menu=energy-star,Integrity Casement Stationary/Picture,MAR-N-252,Fixed or Picture,Fiberglass,0.18,0.20,0.24,0.31,YES,YES,YES,YES,50,1/1/2014,12/9/2015,
Marvin Windows and Doors,http://www.marvin.com/plan/energy-efficiency?menu=energy-star,Integrity Direct Glaze Polygon,MAR-N-303,Fixed or Picture,Fiberglass,0.17,0.20,0.24,0.32,YES,YES,YES,YES,50,1/1/2014,,
Marvin Windows and Doors,http://www.marvin.com/plan/energy-efficiency?menu=energy-star,Clad Ultimate Double Hung Picture IZ3 Magnum,MAR-N-312,Fixed or Picture,Wood and Clad Wood,0.17,0.20,0.15,0.42,YES,YES,YES,YES,50,1/1/2014,,
Marvin Windows and Doors,http://www.marvin.com/plan/energy-efficiency?menu=energy-star,Wood Ultimate Double/Single Hung Magnum,MAR-N-318,Vertical Slider (Single- and Double-Hung),Wood and Clad Wood,0.15,0.20,0.14,0.50,YES,YES,YES,YES,35,1/1/2014,12/9/2015,
Marvin Windows and Doors,http://www.marvin.com/plan/energy-efficiency?menu=energy-star,Clad Ultimate Double/Single Hung Magnum,MAR-N-319,Vertical Slider (Single- and Double-Hung),Wood and Clad Wood,0.17,0.20,0.14,0.37,YES,YES,YES,YES,35,1/1/2014,12/9/2015,
Marvin Windows and Doors,http://www.marvin.com/plan/energy-efficiency?menu=energy-star,Wood Ultimate Double Hung Transom 2” Round Top Sash,MAR-N-327,Fixed or Picture,Wood and Clad Wood,0.15,0.20,0.15,0.42,YES,YES,YES,YES,30,1/1/2014,12/9/2015,
Marvin Windows and Doors,http://www.marvin.com/plan/energy-efficiency?menu=energy-star,Wood Magnum Tilt-Turn 4 9/16 Jamb,MAR-N-328,"Casement Style (Awning, Projected, Hopper, Tilt-and-Turn, etc.)",Wood and Clad Wood,0.18,0.20,0.12,0.36,YES,YES,YES,YES,40,1/1/2014,12/9/2015,
Marvin Windows and Doors,http://www.marvin.com/plan/energy-efficiency?menu=energy-star,Clad Ultimate Casement,MAR-N-342,"Casement Style (Awning, Projected, Hopper, Tilt-and-Turn, etc.)",Wood and Clad Wood,0.18,0.20,0.14,0.39,YES,YES,YES,YES,50,1/1/2014,12/9/2015,
Marvin Windows and Doors,http://www.marvin.com/plan/energy-efficiency?menu=energy-star,Clad Ultimate Awning,MAR-N-343,"Casement Style (Awning, Projected, Hopper, Tilt-and-Turn, etc.)",Wood and Clad Wood,0.18,0.20,0.13,0.39,YES,YES,YES,YES,40,1/1/2014,,
Marvin Windows and Doors,http://www.marvin.com/plan/energy-efficiency?menu=energy-star,Clad Ultimate Casement Picture,MAR-N-344,Fixed or Picture,Wood and Clad Wood,0.15,0.20,0.15,0.45,YES,YES,YES,YES,50,1/1/2014,,
Marvin Windows and Doors,http://www.marvin.com/plan/energy-efficiency?menu=energy-star,Wood Ultimate Casement,MAR-N-347,"Casement Style (Awning, Projected, Hopper, Tilt-and-Turn, etc.)",Wood and Clad Wood,0.17,0.20,0.13,0.38,YES,YES,YES,YES,50,1/1/2014,,
Marvin Windows and Doors,http://www.marvin.com/plan/energy-efficiency?menu=energy-star,Wood Ultimate Pushout Casement,MAR-N-348,"Casement Style (Awning, Projected, Hopper, Tilt-and-Turn, etc.)",Wood and Clad Wood,0.18,0.20,0.13,0.38,YES,YES,YES,YES,35,1/1/2014,,
Marvin Windows and Doors,http://www.marvin.com/plan/energy-efficiency?menu=energy-star,Wood Ultimate Pushout Casement Picture,MAR-N-349,Fixed or Picture,Wood and Clad Wood,0.15,0.20,0.15,0.44,YES,YES,YES,YES,50,1/1/2014,12/9/2015,
Marvin Windows and Doors,http://www.marvin.com/plan/energy-efficiency?menu=energy-star,Clad Ultimate Pushout Casement,MAR-N-350,"Casement Style (Awning, Projected, Hopper, Tilt-and-Turn, etc.)",Wood and Clad Wood,0.19,0.20,0.14,0.25,YES,YES,YES,YES,35,1/1/2014,12/9/2015,
Marvin Windows and Doors,http://www.marvin.com/plan/energy-efficiency?menu=energy-star,Clad Ultimate Pushout Casement Picture,MAR-N-351,"Casement Style (Awning, Projected, Hopper, Tilt-and-Turn, etc.)",Wood and Clad Wood,0.16,0.20,0.15,0.45,YES,YES,YES,YES,50,1/1/2014,12/9/2015,
Marvin Windows and Doors,http://www.marvin.com/plan/energy-efficiency?menu=energy-star,Wood Ultimate Awning,MAR-N-354,"Casement Style (Awning, Projected, Hopper, Tilt-and-Turn, etc.)",Wood and Clad Wood,0.18,0.20,0.12,0.36,YES,YES,YES,YES,50,1/1/2014,,
Marvin Windows and Doors,http://www.marvin.com/plan/energy-efficiency?menu=energy-star,Wood Ultimate Casement Picture,MAR-N-355,Fixed or Picture,Wood and Clad Wood,0.15,0.20,0.15,0.44,YES,YES,YES,YES,50,1/1/2014,,
Marvin Windows and Doors,http://www.marvin.com/plan/energy-efficiency?menu=energy-star,Wood Ultimate Casement Round Top Operational/Stationary,MAR-N-356,"Casement Style (Awning, Projected, Hopper, Tilt-and-Turn, etc.)",Wood and Clad Wood,0.19,0.20,0.13,0.25,YES,YES,YES,YES,50,1/1/2014,,
Marvin Windows and Doors,http://www.marvin.com/plan/energy-efficiency?menu=energy-star,Clad Ultimate Casement Round Top Operator/Stationary,MAR-N-357,"Casement Style (Awning, Projected, Hopper, Tilt-and-Turn, etc.)",Wood and Clad Wood,0.19,0.20,0.14,0.25,YES,YES,YES,YES,50,1/1/2014,,
Marvin Windows and Doors,http://www.marvin.com/plan/energy-efficiency?menu=energy-star,Wood Ultimate Pushout Awning,MAR-N-358,"Casement Style (Awning, Projected, Hopper, Tilt-and-Turn, etc.)",Wood and Clad Wood,0.18,0.20,0.12,0.37,YES,YES,YES,YES,30,1/1/2014,,
Marvin Windows and Doors,http://www.marvin.com/plan/energy-efficiency?menu=energy-star,Clad Ultimate Pushout Awning,MAR-N-360,"Casement Style (Awning, Projected, Hopper, Tilt-and-Turn, etc.)",Wood and Clad Wood,0.19,0.20,0.14,0.25,YES,YES,YES,YES,30,1/1/2014,,
Marvin Windows and Doors,http://www.marvin.com/plan/energy-efficiency?menu=energy-star,Wood Ultimate Insert DH/SH,MAR-N-364,Vertical Slider (Single- and Double-Hung),Wood and Clad Wood,0.19,0.19,0.17,0.29,YES,YES,YES,YES,30,12/23/2014,12/9/2015,
Marvin Windows and Doors,http://www.marvin.com/plan/energy-efficiency?menu=energy-star,Clad Ultimate Casement Venting Picture,MAR-N-378,Fixed or Picture,Wood and Clad Wood,0.15,0.20,0.15,0.45,YES,YES,YES,YES,40,1/1/2014,12/9/2015,
Marvin Windows and Doors,http://www.marvin.com/plan/energy-efficiency?menu=energy-star,Clad Simulated Double Hung Hopper ,MAR-N-379,Vertical Slider (Single- and Double-Hung),Wood and Clad Wood,0.20,0.20,0.14,0.26,YES,YES,YES,YES,30,1/1/2014,12/9/2015,
Marvin Windows and Doors,http://www.marvin.com/plan/energy-efficiency?menu=energy-star,Clad Ultimate Glider,MAR-N-387,Horizontal Slider,Wood and Clad Wood,0.18,0.20,0.18,0.31,YES,YES,YES,YES,35,12/9/2015,,
Marvin Windows and Doors,http://www.marvin.com/plan/energy-efficiency?menu=energy-star,Wood Ultimate Glider,MAR-N-400,Horizontal Slider,Wood and Clad Wood,0.16,0.20,0.17,0.42,YES,YES,YES,YES,35,1/1/2014,12/9/2015,
Marvin Windows and Doors,http://www.marvin.com/plan/energy-efficiency?menu=energy-star,Wood Direct Glaze Round Top,MAR-N-418,Fixed or Picture,Wood and Clad Wood,0.13,0.20,0.17,0.49,YES,YES,YES,YES,50,1/1/2014,,
Marvin Windows and Doors,http://www.marvin.com/plan/energy-efficiency?menu=energy-star,Clad Direct Glazed Polygon,MAR-N-419,Fixed or Picture,Wood and Clad Wood,0.13,0.20,0.17,0.59,YES,YES,YES,YES,50,1/1/2014,12/9/2015,
Marvin Windows and Doors,http://www.marvin.com/plan/energy-efficiency?menu=energy-star,Clad Direct Glazed Round Top,MAR-N-420,Fixed or Picture,Wood and Clad Wood,0.14,0.20,0.17,0.61,YES,YES,YES,YES,50,1/1/2014,12/9/2015,
Marvin Windows and Doors,http://www.marvin.com/plan/energy-efficiency?menu=energy-star,Wood Direct Glaze Polygon ,MAR-N-421,Fixed or Picture,Wood and Clad Wood,0.13,0.20,0.16,0.47,YES,YES,YES,YES,50,1/1/2014,,
Marvin Windows and Doors,http://www.marvin.com/plan/energy-efficiency?menu=energy-star,Clad Inswing Casement,MAR-N-422,"Casement Style (Awning, Projected, Hopper, Tilt-and-Turn, etc.)",Wood and Clad Wood,0.20,0.20,0.14,0.20,YES,YES,YES,YES,35,1/1/2014,12/9/2015,
Marvin Windows and Doors,http://www.marvin.com/plan/energy-efficiency?menu=energy-star,Clad Ultimate DH/SH - Next Generation,MAR-N-425,Vertical Slider (Single- and Double-Hung),Wood and Clad Wood,0.15,0.20,0.14,0.37,YES,YES,YES,YES,40,12/23/2014,12/9/2015,
Marvin Windows and Doors,http://www.marvin.com/plan/energy-efficiency?menu=energy-star,Clad Ultimate Double Hung Picture - Next Generation,MAR-N-427,Fixed or Picture,Wood and Clad Wood,0.18,0.20,0.15,0.42,YES,YES,YES,YES,50,12/23/2014,12/9/2015,
Marvin Windows and Doors,http://www.marvin.com/plan/energy-efficiency?menu=energy-star,Clad Ultimate Double Hung Transom - Next Generation,MAR-N-428,Fixed or Picture,Wood and Clad Wood,0.18,0.20,0.15,0.43,YES,YES,YES,YES,50,12/23/2014,,
Marvin Windows and Doors,http://www.marvin.com/plan/energy-efficiency?menu=energy-star,Clad Ultimate DH/SH Picture Round Top - Next Generation,MAR-N-434,Fixed or Picture,Wood and Clad Wood,0.19,0.20,0.14,0.26,YES,YES,YES,YES,50,12/9/2015,,
Marvin Windows and Doors,http://www.marvin.com/plan/energy-efficiency?menu=energy-star,Clad Ultimate DH Round Top Picture Transom - Next Generation,MAR-N-435,Fixed or Picture,Wood and Clad Wood,0.18,0.20,0.15,0.43,YES,YES,YES,YES,50,12/9/2015,,
Marvin Windows and Doors,http://www.marvin.com/plan/energy-efficiency?menu=energy-star,Wood Magnum Tilt-Turn,MAR-N-44,"Casement Style (Awning, Projected, Hopper, Tilt-and-Turn, etc.)",Wood and Clad Wood,0.17,0.20,0.13,0.38,YES,YES,YES,YES,40,1/1/2014,12/9/2015,
Marvin Windows and Doors,http://www.marvin.com/plan/energy-efficiency?menu=energy-star,Clad Magnum Tilt-Turn,MAR-N-45,"Casement Style (Awning, Projected, Hopper, Tilt-and-Turn, etc.)",Wood and Clad Wood,0.20,0.20,0.14,0.25,YES,YES,YES,YES,40,12/23/2014,12/9/2015,
Marvin Windows and Doors,http://www.marvin.com/plan/energy-efficiency?menu=energy-star,Wood Ultimate Double/Single Hung,MAR-N-68,Vertical Slider (Single- and Double-Hung),Wood and Clad Wood,0.15,0.20,0.14,0.37,YES,YES,YES,YES,30,1/1/2014,12/9/2015,
Marvin Windows and Doors,http://www.marvin.com/plan/energy-efficiency?menu=energy-star,Wood Ultimate Double Hung Picture 1 5/8” Sash,MAR-N-70,Fixed or Picture,Wood and Clad Wood,0.17,0.20,0.17,0.46,YES,YES,YES,YES,40,1/1/2014,,
Marvin Windows and Doors,http://www.marvin.com/plan/energy-efficiency?menu=energy-star,Wood Ultimate Double Hung Transom,MAR-N-71,Fixed or Picture,Wood and Clad Wood,0.17,0.20,0.18,0.47,YES,YES,YES,YES,40,1/1/2014,,
Marvin Windows and Doors,http://www.marvin.com/plan/energy-efficiency?menu=energy-star,Wood Ultimate Double Hung Picture 2” Sash,MAR-N-72,Fixed or Picture,Wood and Clad Wood,0.16,0.20,0.14,0.43,YES,YES,YES,YES,40,1/1/2014,,
Marvin Windows and Doors,http://www.marvin.com/plan/energy-efficiency?menu=energy-star,Clad Ultimate Insert Double/Single Hung,MAR-N-73,Vertical Slider (Single- and Double-Hung),Wood and Clad Wood,0.20,0.20,0.14,0.26,YES,YES,YES,YES,30,1/1/2014,,
Marvin Windows and Doors,http://www.marvin.com/plan/energy-efficiency?menu=energy-star,Wood Ultimate Double/Single Hung Round Top,MAR-N-75,Vertical Slider (Single- and Double-Hung),Wood and Clad Wood,0.18,0.20,0.16,0.29,YES,YES,YES,YES,30,1/1/2014,12/9/2015,
Marvin Windows and Doors,http://www.marvin.com/plan/energy-efficiency?menu=energy-star,Wood Ultimate Double Hung Picture 2” Round Top Sash,MAR-N-76,Fixed or Picture,Wood and Clad Wood,0.16,0.20,0.14,0.41,YES,YES,YES,YES,60,1/1/2014,12/9/2015,
Marvin Windows and Doors,http://www.marvin.com/plan/energy-efficiency?menu=energy-star,Clad Ultimate Insert Double Hung Picture,MAR-N-77,Fixed or Picture,Wood and Clad Wood,0.17,0.20,0.15,0.43,YES,YES,YES,YES,40,1/1/2014,12/9/2015,
Marvin Windows and Doors,http://www.marvin.com/plan/energy-efficiency?menu=energy-star,C Ult Casement Poly,MAR-N-437,"Casement Style (Awning, Projected, Hopper, Tilt-and-Turn, etc.)",Wood and Clad Wood,0.20,0.20,0.14,0.24,YES,YES,YES,YES,50,5/2/2018,,
Marvin Windows and Doors,http://www.marvin.com/plan/energy-efficiency?menu=energy-star,C  Narrow Frame DG Polygon,MAR-N-440,Fixed or Picture,Wood and Clad Wood,0.16,0.20,0.17,0.48,YES,YES,YES,YES,50,5/2/2018,,
Mathews Brothers Company,http://www.mathewsbrothers.com/products/clara.html,Clara Starrett,MBC-M-45,Vertical Slider (Single- and Double-Hung),Vinyl,0.19,0.19,0.22,0.25,YES,YES,YES,YES,40,1/23/2013,,
Mathews Brothers Company,http://www.mathewsbrothers.com/products/clara.html,Clara Starrett,MBC-M-46,"Casement Style (Awning, Projected, Hopper, Tilt-and-Turn, etc.)",Vinyl,0.18,0.18,0.20,0.22,Yes,Yes,Yes,Yes,60,1/23/2013,,
Mathews Brothers Company,http://www.mathewsbrothers.com/products/clara.html,Clara Starrett,MBC-M-47,"Casement Style (Awning, Projected, Hopper, Tilt-and-Turn, etc.)",Vinyl,0.18,0.18,0.20,0.22,Yes,Yes,Yes,Yes,60,1/23/2013,,
Mathews Brothers Company,http://www.mathewsbrothers.com/products/clara.html,Clara Starrett,MBC-M-48,Horizontal Slider,Vinyl,0.19,0.19,0.22,0.25,Yes,Yes,Yes,Yes,40,1/23/2013,,
Mathews Brothers Company,http://www.mathewsbrothers.com/products/clara.html,Clara Starrett,MBC-M-44,Fixed or Picture,Vinyl,0.17,0.17,0.26,0.28,Yes,Yes,No,No,60,1/23/2013,,
"Mercury-Excelum, Inc.",None,Harmony Series,MEX-M-17,Vertical Slider (Single- and Double-Hung),Vinyl,0.20,0.20,0.26,0.26,YES,YES,NO,NO,50,1/17/2013,,
"Mercury-Excelum, Inc.",None,Harmony Series,MEX-M-18,Horizontal Slider,Vinyl,0.20,0.20,0.26,0.26,YES,YES,NO,NO,40,1/17/2013,,
"Mercury-Excelum, Inc.",None,Harmony Series,MEX-M-19,Fixed or Picture,Vinyl,0.17,0.17,0.29,0.29,YES,NO,NO,NO,45,1/17/2013,,
MI Windows and Doors,http://www.miwd.com/resources/energy-star/most-energy-efficient/,CertainTeed New Castle Picture Window/ CertainTeed Bryn Mawr 3 Picture Window/ Designer Series 1650 Picture Window,MEI-A-130,Fixed or Picture,Vinyl,0.19,0.19,0.25,0.25,YES,YES,YES,YES,35,2/27/2013,,
MI Windows and Doors,http://www.miwd.com/resources/energy-star/most-energy-efficient/,CertainTeed Casement/ 9000 Series 9770 Vinyl Casement/ Designer Series 1675 Casement,MEI-A-170,"Casement Style (Awning, Projected, Hopper, Tilt-and-Turn, etc.)",Vinyl,0.18,0.18,0.12,0.20,NO,YES,YES,YES,50,2/27/2013,,
MI Windows and Doors,http://www.miwd.com/resources/energy-star/most-energy-efficient/,CertainTeed Awning/ Designer Series 1665 Awning/ 9000 Series 9660 Vinyl Awning,MEI-A-171,"Casement Style (Awning, Projected, Hopper, Tilt-and-Turn, etc.)",Vinyl,0.18,0.18,0.18,0.35,YES,YES,NO,NO,40,2/27/2013,,
MI Windows and Doors,http://www.miwd.com/resources/energy-star/most-energy-efficient/,CertainTeed Awning Picture Window/ CertainTeed Casement Picture Window/ Designer Series 1665 Picture Window/ 9000 Series 9770 Picture Window/ 9000 Series 9660 Picture Window/ Designer Series 1675 Picture Window,MEI-A-181,Fixed or Picture,Vinyl,0.16,0.16,0.24,0.24,YES,YES,YES,YES,55,2/27/2013,,
National Vinyl LLC,None,Northwind III/ Trustgard/ Destiny/ Northwind Builder Remodeler,NVP-K-14,Vertical Slider (Single- and Double-Hung),Vinyl,0.16,0.20,0.22,0.26,YES,YES,YES,YES,35,1/28/2013,2/22/2013,
National Vinyl LLC,None,Northwind III/ Trustgard/ Destiny/ Northwind Builder Remodeler,NVP-K-15,Horizontal Slider,Vinyl,0.18,0.19,0.22,0.24,YES,YES,YES,YES,25,1/28/2013,2/22/2013,
National Vinyl LLC,None,Northwind III/ Trustgard/ Destiny/ Northwind Builder Remodeler,NVP-K-17,"Casement Style (Awning, Projected, Hopper, Tilt-and-Turn, etc.)",Vinyl,0.17,0.19,0.20,0.23,YES,YES,YES,YES,25,1/28/2013,2/22/2013,
National Vinyl LLC,None,Northwind III/ Trustgard/ Destiny/ Northwind Builder Remodeler,NVP-K-18,"Casement Style (Awning, Projected, Hopper, Tilt-and-Turn, etc.)",Vinyl,0.18,0.20,0.21,0.21,YES,YES,YES,YES,50,1/28/2013,2/22/2013,
National Vinyl LLC,None,Northwind III/ Trustgard/ Destiny/ Northwind Builder Remodeler,NVP-K-19,"Casement Style (Awning, Projected, Hopper, Tilt-and-Turn, etc.)",Vinyl,0.18,0.20,0.21,0.21,YES,YES,YES,YES,50,1/28/2013,2/22/2013,
"NT Window, Inc.",None,"E,N,W,X,H,P110",NTW-A-13,Vertical Slider (Single- and Double-Hung),Vinyl,0.20,0.20,0.17,0.19,NO,YES,YES,YES,35,1/18/2013,,
"NT Window, Inc.",None,"E,N,W,X,H,P210",NTW-A-18,Vertical Slider (Single- and Double-Hung),Vinyl,0.18,0.18,0.16,0.18,NO,YES,YES,YES,25,1/18/2013,,
"NT Window, Inc.",None,"E,N,W,X,H,P140",NTW-A-14,Horizontal Slider,Vinyl,0.18,0.18,0.18,0.18,NO,YES,YES,YES,30,1/18/2013,,
"NT Window, Inc.",None,"E,N,W,X,H,P150",NTW-A-15,Fixed or Picture,Vinyl,0.18,0.19,0.18,0.20,YES,YES,YES,YES,50,1/18/2013,,
"NT Window, Inc.",None,Y110,NTW-A-27,Vertical Slider (Single- and Double-Hung),Vinyl,0.20,0.20,0.16,0.17,NO,YES,YES,YES,40,1/18/2013,,
"NT Window, Inc.",None,Y210,NTW-A-24,Vertical Slider (Single- and Double-Hung),Vinyl,0.20,0.20,0.15,0.17,NO,YES,YES,YES,40,1/18/2013,,
"NT Window, Inc.",None,Y140,NTW-A-22,Horizontal Slider,Vinyl,0.20,0.20,0.16,0.18,NO,YES,YES,YES,35,1/18/2013,,
"NT Window, Inc.",None,Y150,NTW-A-23,Fixed or Picture,Vinyl,0.18,0.18,0.17,0.19,NO,YES,YES,YES,55,1/18/2013,,
OKNA Windows & Doors,None,Precision Weld - 400 Series ,OKW-K-22,Vertical Slider (Single- and Double-Hung),Vinyl,0.2,0.2,0.26,0.26,YES,YES,NO,NO,50,6/11/2013,,
OKNA Windows & Doors,None,Precision Weld - 420 Series ,OKW-K-24,Horizontal Slider,Vinyl,0.17,0.17,0.25,0.25,YES,YES,YES,YES,35,6/11/2013,,
OKNA Windows & Doors,None,Precision Weld - 410 Series ,OKW-K-27,Fixed or Picture,Vinyl,0.2,0.2,0.28,0.28,YES,YES,NO,NO,75,6/11/2013,,
OKNA Windows & Doors,None,Enviro Star - 800 Series,OKW-K-23,Vertical Slider (Single- and Double-Hung),Vinyl,0.16,0.2,0.23,0.25,YES,YES,YES,YES,60,6/11/2013,2/11/2014,
OKNA Windows & Doors,None,Enviro Star - 820 Series,OKW-K-30,Horizontal Slider,Vinyl,0.2,0.2,0.25,0.25,YES,YES,YES,YES,50,6/11/2013,,
OKNA Windows & Doors,None,Enviro Star - 810 Series,OKW-K-28,Fixed or Picture,Vinyl,0.2,0.2,0.27,0.27,YES,YES,NO,NO,75,6/11/2013,,
OKNA Windows & Doors,None,Starmark - 900 Series,OKW-K-32,Vertical Slider (Single- and Double-Hung),Composite,0.15,0.2,0.22,0.24,YES,YES,YES,YES,45,6/11/2013,,
OKNA Windows & Doors,None,Starmark - 920 Series,OKW-K-33,Horizontal Slider,Composite,0.15,0.2,0.22,0.25,YES,YES,YES,YES,40,6/11/2013,,
OKNA Windows & Doors,None,Casement - 700 Series,OKW-K-26,"Casement Style (Awning, Projected, Hopper, Tilt-and-Turn, etc.)",Vinyl,0.16,0.2,0.22,0.24,YES,YES,YES,YES,70,6/11/2013,,
OKNA Windows & Doors,None,Insul Tec - 520 / 5520 Series,OKW-K-21,Horizontal Slider,Vinyl,0.16,0.2,0.23,0.26,YES,YES,NO,NO,40,6/11/2013,,
OKNA Windows & Doors,None,Insul Tec - 500 / 5500 Series,OKW-K-18,Vertical Slider (Single- and Double-Hung),Vinyl,0.15,0.19,0.23,0.26,YES,YES,NO,NO,50,9/4/2013,,
OKNA Windows & Doors,None,Insul Tec - 510 / 5510 Series,OKW-K-19,Fixed or Picture,Vinyl,0.14,0.2,0.24,0.27,YES,YES,NO,NO,75,9/4/2013,,
OKNA Windows & Doors,,Eco-Pro - 600/6600,OKW-K-37,Vertical Slider (Single- and Double-Hung),Vinyl,0.16,0.2,0.23,0.26,YES,YES,YES,YES,50,10/8/2019,,
OKNA Windows & Doors,,Starmark -EVO -7500,OKW-K-47,Vertical Slider (Single- and Double-Hung),Composite,0.14,0.17,0.15,0.25,YES,YES,YES,YES,55,10/8/2019,,
OKNA Windows & Doors,,HIMARK - 1000,OKW-K-41,Vertical Slider (Single- and Double-Hung),Vinyl,0.15,0.18,0.22,0.25,YES,YES,YES,YES,55,10/8/2019,,
OKNA Windows & Doors,,Eco-Pro - 620/6620,OKW-K-39,Horizontal Slider,Vinyl,0.17,0.2,0.22,0.25,YES,YES,YES,YES,40,10/8/2019,,
OKNA Windows & Doors,,Starmark -EVO -7520,OKW-K-46,Horizontal Slider,Composite,0.15,0.18,0.15,0.25,YES,YES,YES,YES,60,10/8/2019,,
OKNA Windows & Doors,,HIMARK - 1020,OKW-K-40,Horizontal Slider,Vinyl,0.16,0.18,0.2,0.23,YES,YES,YES,YES,60,10/8/2019,,
OKNA Windows & Doors,,Starmark -EVO -7560,OKW-K-50,"Casement Style (Awning, Projected, Hopper, Tilt-and-Turn, etc.)",Composite,0.13,0.16,0.15,0.24,YES,YES,YES,YES,80,10/8/2019,,
OKNA Windows & Doors,,HIMARK - 1060,OKW-K-43,"Casement Style (Awning, Projected, Hopper, Tilt-and-Turn, etc.)",Vinyl,0.15,0.16,0.21,0.24,YES,YES,YES,YES,80,10/8/2019,,
OKNA Windows & Doors,,Starmark -EVO -7510,OKW-K-48,Fixed or Picture,Composite,0.14,0.17,0.16,0.24,YES,YES,YES,YES,70,10/8/2019,,
OKNA Windows & Doors,,Starmark -EVO -7580,OKW-K-49,Fixed or Picture,Composite,0.13,0.16,0.17,0.25,YES,YES,YES,YES,75,10/8/2019,,
OKNA Windows & Doors,,HIMARK - 1010,OKW-K-45,Fixed or Picture,Vinyl,0.12,0.16,0.19,0.25,YES,YES,YES,YES,80,10/8/2019,,
OKNA Windows & Doors,,HIMARK - 1080,OKW-K-42,Fixed or Picture,Vinyl,0.15,0.17,0.18,0.24,YES,YES,YES,YES,70,10/8/2019,,
Pella Corporation,http://www.pella.com/windows/explore-window-styles/window.aspx?type=pella-350-series-awning-window,350 Series Casement (Nail Fin),PEL-N-184,"Casement Style (Awning, Projected, Hopper, Tilt-and-Turn, etc.)",Vinyl,0.17,0.20,0.18,0.20,YES,YES,YES,YES,60,2/5/2013,3/21/2013,
Pella Corporation,http://www.pella.com/windows/explore-window-styles/window.aspx?type=pella-350-series-awning-window,350 Series Awning (Nail Fin),PEL-N-187,"Casement Style (Awning, Projected, Hopper, Tilt-and-Turn, etc.)",Vinyl,0.17,0.20,0.18,0.20,YES,YES,YES,YES,60,2/5/2013,3/21/2013,
Pella Corporation,http://www.pella.com/windows/explore-window-styles/window.aspx?type=pella-350-series-double-hung-window,350 Series Single Hung (Nail Fin),PEL-N-191,Vertical Slider (Single- and Double-Hung),Vinyl,0.17,0.20,0.22,0.24,YES,YES,YES,YES,60,2/5/2013,3/21/2013,
Pella Corporation,http://www.pella.com/windows/explore-window-styles/window.aspx?type=pella-350-series-sliding-window,350 Series Sliding Window (Nail Fin),PEL-N-192,Horizontal Slider,Vinyl,0.18,0.19,0.22,0.24,YES,YES,YES,YES,40,2/5/2013,3/21/2013,
Pella Corporation,http://www.pella.com/windows/explore-window-styles/window.aspx?type=pella-350-series-double-hung-window,350 Series Double Hung (Nail Fin),PEL-N-190,Vertical Slider (Single- and Double-Hung),Vinyl,0.18,0.19,0.21,0.24,YES,YES,YES,YES,60,2/5/2013,3/21/2013,
Pella Corporation,http://www.pella.com/windows/explore-window-styles/window.aspx?type=pella-350-series-casement-window,350 Series Fixed Window (Nail Fin),PEL-N-185,"Casement Style (Awning, Projected, Hopper, Tilt-and-Turn, etc.)",Vinyl,0.15,0.19,0.24,0.27,YES,YES,YES,YES,40,2/5/2013,3/21/2013,
Pella Corporation,http://www.pella.com/windows/explore-window-styles/window.aspx?type=pella-350-series-awning-window,350 Series Casement (Pocket Frame),PEL-N-188,"Casement Style (Awning, Projected, Hopper, Tilt-and-Turn, etc.)",Vinyl,0.17,0.20,0.18,0.20,YES,YES,YES,YES,60,3/21/2013,,
Pella Corporation,http://www.pella.com/windows/explore-window-styles/window.aspx?type=pella-350-series-awning-window,350 Series Awning (Pocket Frame),PEL-N-189,"Casement Style (Awning, Projected, Hopper, Tilt-and-Turn, etc.)",Vinyl,0.17,0.20,0.18,0.20,YES,YES,YES,YES,55,3/21/2013,,
Pella Corporation,http://www.pella.com/windows/explore-window-styles/window.aspx?type=pella-350-series-double-hung-window,350 Series Single Hung (Pocket Frame),PEL-N-198,Vertical Slider (Single- and Double-Hung),Vinyl,0.17,0.20,0.22,0.24,YES,YES,YES,YES,40,3/21/2013,,
Pella Corporation,http://www.pella.com/windows/explore-window-styles/window.aspx?type=pella-350-series-sliding-window,350 Series Sliding Window (Pocket Frame),PEL-N-201,Horizontal Slider,Vinyl,0.18,0.20,0.22,0.24,YES,YES,YES,YES,40,3/21/2013,,
Pella Corporation,http://www.pella.com/windows/explore-window-styles/window.aspx?type=pella-350-series-double-hung-window,350 Series Double Hung (Pocket Frame),PEL-N-186,Vertical Slider (Single- and Double-Hung),Vinyl,0.18,0.20,0.21,0.24,YES,YES,YES,YES,40,3/21/2013,,
Pella Corporation,http://www.pella.com/windows/explore-window-styles/window.aspx?type=pella-350-series-casement-window,350 Series Fixed Window (Pocket Frame),PEL-N-193,"Casement Style (Awning, Projected, Hopper, Tilt-and-Turn, etc.)",Vinyl,0.15,0.20,0.24,0.52,YES,YES,YES,YES,60,3/21/2013,,
Pella Corporation,http://www.pella.com/windows/explore-window-styles/window.aspx?type=pella-350-series-casement-window,Pella 250 Series Single-Hung with Advanced Low-E,PEL-N-208,Vertical Slider (Single- and Double-Hung),Vinyl,0.20,0.20,0.22,0.25,YES,YES,YES,YES,50,9/19/2014,,
Pella Corporation,http://www.pella.com/windows/explore-window-styles/window.aspx?type=pella-350-series-casement-window,Pella 250 Series Sliding Window with Advanced Low-E,PEL-N-210,Horizontal Slider,Vinyl,0.20,0.20,0.22,0.25,YES,YES,YES,YES,25,9/19/2014,,
Pella Corporation,http://www.pella.com/windows/explore-window-styles/window.aspx?type=pella-350-series-casement-window,Pella 250 Series Fixed Window with Advanced Low-E,PEL-N-209,Fixed or Picture,Vinyl,0.19,0.20,0.24,0.27,YES,YES,YES,YES,50,9/19/2014,,
Pella Corporation,http://www.pella.com/windows/explore-window-styles/window.aspx?type=pella-350-series-casement-window,Pella 250 Series Fixed Window with Natural Sun,PEL-N-209,Fixed or Picture,Vinyl,0.20,0.20,0.43,0.47,YES,NO,NO,NO,50,9/19/2014,,
Pella Corporation,http://www.pella.com/windows/explore-window-styles/window.aspx?type=pella-350-series-casement-window,Pella Special Shapes with Advanced Low-E Triple IG,PEL-N-18,Fixed or Picture,Wood and Clad Wood,0.14,0.20,0.23,0.29,YES,YES,YES,YES,60,1/23/2015,,
Pella Corporation,http://www.pella.com/windows/explore-window-styles/window.aspx?type=pella-350-series-casement-window,Pella Special Shapes with SunDefense Low-E Triple IG,PEL-N-18,Fixed or Picture,Wood and Clad Wood,0.14,0.20,0.17,0.22,YES,YES,YES,YES,60,1/23/2015,,
Pella Corporation,http://www.pella.com/windows/explore-window-styles/window.aspx?type=pella-350-series-casement-window,Pella Special Shapes with NaturalSun Low-E Triple IG,PEL-N-18,Fixed or Picture,Wood and Clad Wood,0.15,0.20,0.37,0.49,YES,YES,NO,NO,60,1/23/2015,,
Pella Corporation,http://www.pella.com/windows/explore-window-styles/window.aspx?type=pella-350-series-casement-window,Pella Architect Series Aluminum Clad Casement with Advanced Low-E Triple IG,PEL-N-11,"Casement Style (Awning, Projected, Hopper, Tilt-and-Turn, etc.)",Wood and Clad Wood,0.19,0.20,0.21,0.23,YES,YES,YES,YES,50,1/23/2015,,
Pella Corporation,http://www.pella.com/windows/explore-window-styles/window.aspx?type=pella-350-series-casement-window,Pella Architect Series Aluminum Clad Casement with SunDefense Low-E Triple IG,PEL-N-11,"Casement Style (Awning, Projected, Hopper, Tilt-and-Turn, etc.)",Wood and Clad Wood,0.19,0.20,0.16,0.17,NO,YES,YES,YES,50,1/23/2015,,
Pella Corporation,http://www.pella.com/windows/explore-window-styles/window.aspx?type=pella-350-series-casement-window,Pella Architect Series Aluminum Clad Casement with NaturalSun Low-E Triple IG,PEL-N-11,"Casement Style (Awning, Projected, Hopper, Tilt-and-Turn, etc.)",Wood and Clad Wood,0.19,0.20,0.36,0.39,YES,YES,NO,NO,50,1/23/2015,,
Pella Corporation,http://www.pella.com/windows/explore-window-styles/window.aspx?type=pella-350-series-casement-window,Pella Architect Series Aluminum Clad Fixed Casement with Advanced Low-E Triple IG,PEL-N-1,"Casement Style (Awning, Projected, Hopper, Tilt-and-Turn, etc.)",Wood and Clad Wood,0.17,0.20,0.21,0.27,YES,YES,YES,YES,30,1/23/2015,,
Pella Corporation,http://www.pella.com/windows/explore-window-styles/window.aspx?type=pella-350-series-casement-window,Pella Architect Series Aluminum Clad Fixed Casement with SunDefense Low-E Triple IG,PEL-N-1,"Casement Style (Awning, Projected, Hopper, Tilt-and-Turn, etc.)",Wood and Clad Wood,0.17,0.20,0.16,0.20,YES,YES,YES,YES,30,1/23/2015,,
Pella Corporation,http://www.pella.com/windows/explore-window-styles/window.aspx?type=pella-350-series-casement-window,Pella Architect Series Aluminum Clad Fixed Casement with NaturalSun Low-E Triple IG,PEL-N-1,"Casement Style (Awning, Projected, Hopper, Tilt-and-Turn, etc.)",Wood and Clad Wood,0.17,0.20,0.35,0.44,YES,YES,NO,NO,30,1/23/2015,,
Pella Corporation,http://www.pella.com/windows/explore-window-styles/window.aspx?type=pella-350-series-casement-window,Pella Architect Series Aluminum Clad Awning with Advanced Low-E Triple IG,PEL-N-30,"Casement Style (Awning, Projected, Hopper, Tilt-and-Turn, etc.)",Wood and Clad Wood,0.19,0.20,0.21,0.23,YES,YES,YES,YES,50,1/23/2015,,
Pella Corporation,http://www.pella.com/windows/explore-window-styles/window.aspx?type=pella-350-series-casement-window,Pella Architect Series Aluminum Clad Awning with SunDefense Low-E Triple IG,PEL-N-30,"Casement Style (Awning, Projected, Hopper, Tilt-and-Turn, etc.)",Wood and Clad Wood,0.19,0.20,0.16,0.17,NO,YES,YES,YES,50,1/23/2015,,
Pella Corporation,http://www.pella.com/windows/explore-window-styles/window.aspx?type=pella-350-series-casement-window,Pella Architect Series Aluminum Clad Awning with NaturalSun Low-E Triple IG,PEL-N-30,"Casement Style (Awning, Projected, Hopper, Tilt-and-Turn, etc.)",Wood and Clad Wood,0.19,0.20,0.36,0.39,YES,YES,NO,NO,50,1/23/2015,,
Pella Corporation,http://www.pella.com/windows/explore-window-styles/window.aspx?type=pella-350-series-casement-window,Pella Architect Series Aluminum Clad Large Awning with Advanced Low-E Triple IG,PEL-N-30,"Casement Style (Awning, Projected, Hopper, Tilt-and-Turn, etc.)",Wood and Clad Wood,0.19,0.20,0.21,0.23,YES,YES,YES,YES,40,1/26/2015,,
Pella Corporation,http://www.pella.com/windows/explore-window-styles/window.aspx?type=pella-350-series-casement-window,Pella Architect Series Aluminum Clad Large Awning with SunDefense Low-E Triple IG,PEL-N-30,"Casement Style (Awning, Projected, Hopper, Tilt-and-Turn, etc.)",Wood and Clad Wood,0.19,0.20,0.16,0.17,NO,YES,YES,YES,40,1/26/2015,,
Pella Corporation,http://www.pella.com/windows/explore-window-styles/window.aspx?type=pella-350-series-casement-window,Pella Architect Series Aluminum Clad Large Awning with NaturalSun Low-E Triple IG,PEL-N-30,"Casement Style (Awning, Projected, Hopper, Tilt-and-Turn, etc.)",Wood and Clad Wood,0.19,0.20,0.36,0.39,YES,YES,NO,NO,40,1/26/2015,,
Pella Corporation,http://www.pella.com/windows/explore-window-styles/window.aspx?type=pella-350-series-casement-window,Pella Architect Series Wood Casement with Advanced Low-E Triple IG,PEL-N-39,"Casement Style (Awning, Projected, Hopper, Tilt-and-Turn, etc.)",Wood and Clad Wood,0.18,0.20,0.19,0.23,YES,YES,YES,YES,50,1/23/2015,,
Pella Corporation,http://www.pella.com/windows/explore-window-styles/window.aspx?type=pella-350-series-casement-window,Pella Architect Series Wood Casement with SunDefense Low-E Triple IG,PEL-N-39,"Casement Style (Awning, Projected, Hopper, Tilt-and-Turn, etc.)",Wood and Clad Wood,0.17,0.20,0.15,0.17,NO,YES,YES,YES,50,1/23/2015,,
Pella Corporation,http://www.pella.com/windows/explore-window-styles/window.aspx?type=pella-350-series-casement-window,Pella Architect Series Wood Casement with NaturalSun Low-E Triple IG,PEL-N-39,"Casement Style (Awning, Projected, Hopper, Tilt-and-Turn, etc.)",Wood and Clad Wood,0.18,0.20,0.32,0.39,YES,YES,NO,NO,50,1/23/2015,,
Pella Corporation,http://www.pella.com/windows/explore-window-styles/window.aspx?type=pella-350-series-casement-window,Pella Architect Series Wood Fixed Casement with Advanced Low-E Triple IG,PEL-N-41,"Casement Style (Awning, Projected, Hopper, Tilt-and-Turn, etc.)",Wood and Clad Wood,0.16,0.20,0.21,0.27,YES,YES,YES,YES,30,1/23/2015,,
Pella Corporation,http://www.pella.com/windows/explore-window-styles/window.aspx?type=pella-350-series-casement-window,Pella Architect Series Wood Fixed Casement with SunDefense Low-E Triple IG,PEL-N-41,"Casement Style (Awning, Projected, Hopper, Tilt-and-Turn, etc.)",Wood and Clad Wood,0.16,0.20,0.16,0.20,YES,YES,YES,YES,30,1/23/2015,,
Pella Corporation,http://www.pella.com/windows/explore-window-styles/window.aspx?type=pella-350-series-casement-window,Pella Architect Series Wood Fixed Casement with NaturalSun Low-E Triple IG,PEL-N-41,"Casement Style (Awning, Projected, Hopper, Tilt-and-Turn, etc.)",Wood and Clad Wood,0.16,0.20,0.35,0.45,YES,YES,NO,NO,30,1/23/2015,,
Pella Corporation,http://www.pella.com/windows/explore-window-styles/window.aspx?type=pella-350-series-casement-window,Pella Architect Series Wood Awning with Advanced Low-E Triple IG,PEL-N-40,"Casement Style (Awning, Projected, Hopper, Tilt-and-Turn, etc.)",Wood and Clad Wood,0.18,0.20,0.19,0.23,YES,YES,YES,YES,50,1/23/2015,,
Pella Corporation,http://www.pella.com/windows/explore-window-styles/window.aspx?type=pella-350-series-casement-window,Pella Architect Series Wood Awning with SunDefense Low-E Triple IG,PEL-N-40,"Casement Style (Awning, Projected, Hopper, Tilt-and-Turn, etc.)",Wood and Clad Wood,0.18,0.20,0.15,0.17,NO,YES,YES,YES,50,1/23/2015,,
Pella Corporation,http://www.pella.com/windows/explore-window-styles/window.aspx?type=pella-350-series-casement-window,Pella Architect Series Wood Awning with NaturalSun Low-E Triple IG,PEL-N-40,"Casement Style (Awning, Projected, Hopper, Tilt-and-Turn, etc.)",Wood and Clad Wood,0.18,0.20,0.32,0.39,YES,YES,NO,NO,50,1/23/2015,,
Pella Corporation,http://www.pella.com/windows/explore-window-styles/window.aspx?type=pella-350-series-casement-window,Pella Architect Series Wood Large Awning with Advanced Low-E Triple IG,PEL-N-40,"Casement Style (Awning, Projected, Hopper, Tilt-and-Turn, etc.)",Wood and Clad Wood,0.18,0.20,0.19,0.23,YES,YES,YES,YES,40,1/26/2015,,
Pella Corporation,http://www.pella.com/windows/explore-window-styles/window.aspx?type=pella-350-series-casement-window,Pella Architect Series Wood Large Awning with SunDefense Low-E Triple IG,PEL-N-40,"Casement Style (Awning, Projected, Hopper, Tilt-and-Turn, etc.)",Wood and Clad Wood,0.18,0.20,0.15,0.17,NO,YES,YES,YES,40,1/26/2015,,
Pella Corporation,http://www.pella.com/windows/explore-window-styles/window.aspx?type=pella-350-series-casement-window,Pella Architect Series Wood Large Awning with NaturalSun Low-E Triple IG,PEL-N-40,"Casement Style (Awning, Projected, Hopper, Tilt-and-Turn, etc.)",Wood and Clad Wood,0.18,0.20,0.32,0.39,YES,YES,NO,NO,40,1/26/2015,,
Pella Corporation,None,Pella Lifestyle Series Triple-Pane Casement with AdvancedComfort IG,PEL-N-245,"Casement Style (Awning, Projected, Hopper, Tilt-and-Turn, etc.)",Wood and Clad Wood,0.2,0.2,0.2,0.22,YES,YES,YES,YES,50,3/29/2019,,
Pella Corporation,None,Pella Lifestyle Series Triple-Pane Fixed Casement with AdvancedComfort IG,PEL-N-244,Fixed or Picture,Wood and Clad Wood,0.19,0.2,0.23,0.25,YES,YES,YES,YES,50,3/29/2019,,
Pella Corporation,None,Pella Lifestyle Series Triple-Pane Awning with AdvancedComfort IG,PEL-N-246,"Casement Style (Awning, Projected, Hopper, Tilt-and-Turn, etc.)",Wood and Clad Wood,0.2,0.2,0.2,0.22,YES,YES,YES,YES,50,3/29/2019,,
Pella Corporation,None,Pella 250 Series Casement Triple Pane Advanced IG,PEL-N-239,"Casement Style (Awning, Projected, Hopper, Tilt-and-Turn, etc.)",Vinyl,0.2,0.2,0.19,0.2,YES,YES,YES,YES,50,5/28/2019,,
Pella Corporation,None,Pella 250 Series Fixed Triple Pane Advanced IG,PEL-N-240,Fixed or Picture,Vinyl,0.19,0.2,0.23,0.26,YES,YES,YES,YES,50,5/28/2019,,
Pella Corporation,None,Pella 250 Series Awning Triple Pane Advanced IG,PEL-N-241,"Casement Style (Awning, Projected, Hopper, Tilt-and-Turn, etc.)",Vinyl,0.2,0.2,0.19,0.21,YES,YES,YES,YES,50,5/28/2019,,
Pella Corporation,None,Pella 350 Series Triple-Pane Sliding Patio Door with Advanced Low-E IG,PEL-N-161,Sliding Glass Doors,Vinyl,0.19,0.2,0.21,0.23,YES,YES,NO,NO,50,1/7/2020,,
Ply Gem Windows,None,Pro Series 200 Single Hung,PWG-M-122,Vertical Slider (Single- and Double-Hung),Vinyl,0.19,0.20,0.20,0.24,YES,YES,YES,YES,20,4/17/2013,,
Ply Gem Windows,None,Contractor 2000 Double Hung,PWG-M-155,Vertical Slider (Single- and Double-Hung),Vinyl,0.19,0.20,0.13,0.29,YES,YES,YES,YES,15,4/17/2013,,
Ply Gem Windows,None,Ply Gem 1500 Single Hung,PWG-M-168,Vertical Slider (Single- and Double-Hung),Vinyl,0.17,0.20,0.13,0.25,YES,YES,YES,YES,20,4/17/2013,,
Ply Gem Windows,None,Ply Gem 1500 Single Hung (Brickmould),PWG-M-170,Vertical Slider (Single- and Double-Hung),Vinyl,0.17,0.20,0.13,0.25,YES,YES,YES,YES,20,4/17/2013,,
Ply Gem Windows,None,Ecosmart/Uniframe Double Hung,PWG-M-27,Vertical Slider (Single- and Double-Hung),Vinyl,0.15,0.20,0.12,0.25,YES,YES,YES,YES,25,4/17/2013,,
Ply Gem Windows,None,Pro Replacement Double Hung,PWG-M-28,Vertical Slider (Single- and Double-Hung),Vinyl,0.17,0.20,0.15,0.23,YES,YES,YES,YES,35,4/17/2013,,
Ply Gem Windows,None,Premium Replacement Double Hung,PWG-M-29,Vertical Slider (Single- and Double-Hung),Vinyl,0.17,0.20,0.15,0.27,YES,YES,YES,YES,35,4/17/2013,,
Ply Gem Windows,None,Premium 1000 Double Hung,PWG-M-31,Vertical Slider (Single- and Double-Hung),Vinyl,0.16,0.20,0.15,0.27,YES,YES,YES,YES,15,4/17/2013,,
Ply Gem Windows,None,Premium Replacement Double Hung (Energy Package),PWG-M-32,Vertical Slider (Single- and Double-Hung),Vinyl,0.16,0.20,0.15,0.27,YES,YES,YES,YES,50,4/17/2013,,
Ply Gem Windows,None,Pro Series 200 Horizontal Slider,PWG-M-121,Horizontal Slider,Vinyl,0.19,0.20,0.20,0.24,YES,YES,YES,YES,15,4/17/2013,,
Ply Gem Windows,None,Contractor 2000 Horizontal Slider,PWG-M-157,Horizontal Slider,Vinyl,0.20,0.20,0.21,0.21,YES,YES,YES,YES,15,4/17/2013,,
Ply Gem Windows,None,Ply Gem 1500 Horizontal Slider,PWG-M-169,Horizontal Slider,Vinyl,0.18,0.20,0.12,0.24,YES,YES,YES,YES,15,4/17/2013,,
Ply Gem Windows,None,Ecosmart/Uniframe Horizontal Slider,PWG-M-33,Horizontal Slider,Vinyl,0.15,0.20,0.13,0.26,YES,YES,YES,YES,15,4/17/2013,,
Ply Gem Windows,None,Premium 1000 Horizontal Slider,PWG-M-35,Horizontal Slider,Vinyl,0.16,0.20,0.15,0.28,YES,YES,YES,YES,15,4/17/2013,,
Ply Gem Windows,None,Pro Replacement Horizontal Slider,PWG-M-36,Horizontal Slider,Vinyl,0.18,0.20,0.15,0.23,YES,YES,YES,YES,30,4/17/2013,,
Ply Gem Windows,None,Premium Replacement Horizontal Slider (Energy Package),PWG-M-37,Horizontal Slider,Vinyl,0.16,0.20,0.15,0.27,YES,YES,YES,YES,45,4/17/2013,,
Ply Gem Windows,None,Premium Replacement Horizontal Slider,PWG-M-38,Horizontal Slider,Vinyl,0.17,0.20,0.15,0.27,YES,YES,YES,YES,30,4/17/2013,,
Ply Gem Windows,None,Pro Series 200 Fixed Window,PWG-M-120,Fixed or Picture,Vinyl,0.16,0.20,0.22,0.28,YES,YES,YES,YES,25,4/17/2013,,
Ply Gem Windows,None,Pro Series 700 Fixed Window,PWG-M-132,Fixed or Picture,Vinyl,0.17,0.20,0.21,0.27,YES,YES,YES,YES,20,4/17/2013,,
Ply Gem Windows,None,Contractor 2000 Fixed Window,PWG-M-156,Fixed or Picture,Vinyl,0.18,0.20,0.13,0.23,YES,YES,YES,YES,50,4/17/2013,,
Ply Gem Windows,None,Ply Gem 1500 Fixed Window (Bendable),PWG-M-166,Fixed or Picture,Vinyl,0.16,0.20,0.14,0.27,YES,YES,YES,YES,40,4/17/2013,,
Ply Gem Windows,None,Ply Gem 1500 Fixed Window,PWG-M-167,Fixed or Picture,Vinyl,0.15,0.20,0.14,0.27,YES,YES,YES,YES,40,4/17/2013,,
Ply Gem Windows,None,Ecosmart/Pro/Premium/Uniframe Casement Fixed,PWG-M-24,Fixed or Picture,Vinyl,0.12,0.20,0.15,0.29,YES,YES,YES,YES,45,4/17/2013,,
Ply Gem Windows,None,Ecosmart/Uniframe Fixed Window,PWG-M-40,Fixed or Picture,Vinyl,0.13,0.20,0.14,0.27,YES,YES,YES,YES,45,4/17/2013,,
Ply Gem Windows,None,Premium 1000/Premium Replacement Fixed Window,PWG-M-41,Fixed or Picture,Vinyl,0.12,0.20,0.16,0.31,YES,YES,YES,YES,30,4/17/2013,,
Ply Gem Windows,None,Pro Replacement Fixed Window,PWG-M-42,Fixed or Picture,Vinyl,0.14,0.20,0.19,0.24,YES,YES,YES,YES,55,4/17/2013,,
Ply Gem Windows,None,Pro Series 700 Awning,PWG-M-130,"Casement Style (Awning, Projected, Hopper, Tilt-and-Turn, etc.)",Vinyl,0.19,0.20,0.17,0.21,YES,YES,YES,YES,15,4/17/2013,,
Ply Gem Windows,None,Pro Series 700 Casement,PWG-M-131,"Casement Style (Awning, Projected, Hopper, Tilt-and-Turn, etc.)",Vinyl,0.19,0.20,0.17,0.21,YES,YES,YES,YES,15,4/17/2013,,
Ply Gem Windows,None,Ecosmart/Pro/Premium/Uniframe Casement,PWG-M-25,"Casement Style (Awning, Projected, Hopper, Tilt-and-Turn, etc.)",Vinyl,0.14,0.20,0.13,0.25,YES,YES,YES,YES,40,4/17/2013,,
Ply Gem Windows,None,Ecosmart/Pro/Premium/Uniframe Awning,PWG-M-26,"Casement Style (Awning, Projected, Hopper, Tilt-and-Turn, etc.)",Vinyl,0.14,0.20,0.13,0.25,YES,YES,YES,YES,45,4/17/2013,,
Polaris Technologies,None,UltraWeld 8420 Double Hung,POL-M-35,Vertical Slider (Single- and Double-Hung),Vinyl,0.15,0.20,0.14,0.35,YES,YES,YES,YES,40,1/17/2013,4/29/2019,
Polaris Technologies,None,UltraWeld 8430 Slider,POL-M-36,Horizontal Slider,Vinyl,0.16,0.2,0.13,0.3,YES,YES,YES,YES,45,1/17/2013,4/29/2019,
Polaris Technologies,None,UltraWeld 8400 Picture Window,POL-M-34,Fixed or Picture,Vinyl,0.13,0.2,0.16,0.4,YES,YES,YES,YES,50,1/17/2013,4/29/2019,
Polaris Technologies,None,UltraWeld 8405 Casement Picture Window,POL-M-39,Fixed or Picture,Vinyl,0.14,0.2,0.15,0.36,YES,YES,YES,YES,50,1/17/2013,4/29/2019,
Polaris Technologies,None,UltraWeld 8450 Casement Window,POL-M-37,"Casement Style (Awning, Projected, Hopper, Tilt-and-Turn, etc.)",Vinyl,0.14,0.2,0.13,0.31,YES,YES,YES,YES,70,1/17/2013,4/29/2019,
Polaris Technologies,None,7020 Double Hung,POL-M-22,Vertical Slider (Single- and Double-Hung),Vinyl,0.17,0.20,0.14,0.35,YES,YES,YES,YES,25,3/8/2013,,
Polaris Technologies,None,7030 Slider,POL-M-21,Horizontal Slider,Vinyl,0.17,0.20,0.14,0.35,YES,YES,YES,YES,15,3/8/2013,,
Polaris Technologies,None,7000 Picture Window,POL-M-20,Fixed or Picture,Vinyl,0.14,0.20,0.15,0.47,YES,YES,YES,YES,60,3/8/2013,,
Polaris Technologies,None,8460 Awning Window,POL-M-38,"Casement Style (Awning, Projected, Hopper, Tilt-and-Turn, etc.)",Vinyl,0.14,0.2,0.13,0.31,YES,YES,YES,YES,40,4/29/2019,,
Polaris Technologies,None,7420 Double Hung,POL-M-42,Vertical Slider (Single- and Double-Hung),Vinyl,0.15,0.2,0.15,0.36,YES,YES,YES,YES,50,4/29/2019,,
Polaris Technologies,None,7430 Slider,POL-M-43,Horizontal Slider,Vinyl,0.16,0.2,0.14,0.34,YES,YES,YES,YES,35,4/29/2019,,
Polaris Technologies,None,7400 Picture Window,POL-M-41,Fixed or Picture,Vinyl,0.14,0.2,0.16,0.38,YES,YES,YES,YES,65,4/29/2019,,
Polaris Technologies,None,7405 Casement Picture Window,POL-M-41,Fixed or Picture,Vinyl,0.13,0.2,0.16,0.38,YES,YES,YES,YES,65,4/29/2019,,
Polaris Technologies,None,7450 Casement Window,POL-M-44,"Casement Style (Awning, Projected, Hopper, Tilt-and-Turn, etc.)",Vinyl,0.15,0.2,0.14,0.34,YES,YES,YES,YES,20,4/29/2019,,
Polaris Technologies,None,7460 Awning Window,POL-M-45,"Casement Style (Awning, Projected, Hopper, Tilt-and-Turn, etc.)",Vinyl,0.15,0.2,0.14,0.34,YES,YES,YES,YES,30,4/29/2019,,
"ProVia Door, Inc.",None,Aeris Wood Clad Vinyl Double Hung,PRD-K-63,Vertical Slider (Single- and Double-Hung),Wood and Clad Wood,0.16,0.20,0.17,0.25,YES,YES,YES,YES,50,11/8/2016,,
"ProVia Door, Inc.",None,Aeris Wood Clad Vinyl Slider,PRD-K-62,Horizontal Slider,Wood and Clad Wood,0.17,0.18,0.17,0.24,YES,YES,YES,YES,50,11/8/2016,,
"ProVia Door, Inc.",None,Aeris Wood Clad Vinyl Picture Window,PRD-K-61,Fixed or Picture,Wood and Clad Wood,0.14,0.19,0.19,0.28,YES,YES,YES,YES,50,11/8/2016,,
"ProVia Door, Inc.",None,Aeris Wood Clad Vinyl Casement Window,PRD-K-64,"Casement Style (Awning, Projected, Hopper, Tilt-and-Turn, etc.)",Wood and Clad Wood,0.16,0.20,0.16,0.23,YES,YES,YES,YES,50,11/8/2016,,
"ProVia Door, Inc.",None,Aeris Wood Clad Vinyl Awning Window,PRD-K-65,"Casement Style (Awning, Projected, Hopper, Tilt-and-Turn, etc.)",Wood and Clad Wood,0.16,0.20,0.16,0.23,YES,YES,YES,YES,50,11/8/2016,,
"ProVia Door, Inc.",None,Aspect/Endure  501/601 Vinyl Double Hung ,PRD-K-73,Vertical Slider (Single- and Double-Hung),Vinyl,0.16,0.19,0.18,0.27,YES,YES,YES,YES,50,11/8/2016,,
"ProVia Door, Inc.",None,Aspect/Endure  502/602 Vinyl Slider ,PRD-K-74,Horizontal Slider,Vinyl,0.16,0.19,0.18,0.26,YES,YES,YES,YES,30,11/8/2016,,
"ProVia Door, Inc.",None,Aspect/Endure 509/609 Vinyl Picture Window,PRD-K-72,Fixed or Picture,Vinyl,0.14,0.18,0.19,0.28,YES,YES,YES,YES,50,11/8/2016,,
"ProVia Door, Inc.",None,Aspect/Endure 524/624 Vinyl Casement,PRD-K-75,"Casement Style (Awning, Projected, Hopper, Tilt-and-Turn, etc.)",Vinyl,0.14,0.18,0.18,0.26,YES,YES,YES,YES,60,11/8/2016,,
"ProVia Door, Inc.",None,Aspect/Endure 528/628 Vinyl Fixed Casement,PRD-K-77,Fixed or Picture,Vinyl,0.13,0.17,0.20,0.29,YES,YES,YES,YES,45,11/8/2016,,
"ProVia Door, Inc.",None,Aspect/Endure 531/631 Vinyl Awning,PRD-K-76,"Casement Style (Awning, Projected, Hopper, Tilt-and-Turn, etc.)",Vinyl,0.15,0.18,0.18,0.26,YES,YES,YES,YES,60,11/8/2016,,
Rosati Windows,None,Rosati Double Hung,ROS-A-6,Vertical Slider (Single- and Double-Hung),Vinyl,0.19,0.20,0.20,0.24,YES,YES,YES,YES,65,3/5/2013,,
Seaway Mfg. Corp.,None,Encore/Signature,SMA-A-6,Fixed or Picture,Vinyl,0.15,0.20,0.22,0.27,YES,YES,YES,YES,75,3/31/2015,,
Seaway Mfg. Corp.,None,Lighthouse/Commander,SMA-A-21,"Casement Style (Awning, Projected, Hopper, Tilt-and-Turn, etc.)",Vinyl,0.16,0.20,0.18,0.22,YES,YES,YES,YES,45,3/31/2015,,
Seaway Mfg. Corp.,None,Encore-Elite/Signature-Gold,SMA-A-25,Fixed or Picture,Vinyl,0.13,0.19,0.23,0.27,YES,YES,YES,YES,60,4/21/2017,,
Seaway Mfg. Corp.,None,Encore-Elite/Signature-Gold,SMA-A-26,Vertical Slider (Single- and Double-Hung),Vinyl,0.16,0.20,0.23,0.26,YES,YES,YES,YES,55,4/21/2017,,
Seaway Mfg. Corp.,None,Encore-Elite/Signature-Gold,SMA-A-27,Horizontal Slider,Vinyl,0.16,0.20,0.22,0.25,YES,YES,YES,YES,55/35,4/21/2017,,
Seven D Industries LP,None,7700/7800 Single Hung,SED-A-42,Vertical Slider (Single- and Double-Hung),Vinyl,0.18,0.18,0.25,0.27,YES,YES,NO,NO,50,2/5/2013,,
Seven D Industries LP,None,7700/7800 Double Hung,SED-A-41,Vertical Slider (Single- and Double-Hung),Vinyl,0.19,0.19,0.24,0.27,YES,YES,YES,YES,50,2/5/2013,,
Seven D Industries LP,None,7700/7800 Picture Window,SED-A-40,Fixed or Picture,Vinyl,0.16,0.17,0.28,0.29,YES,YES,NO,NO,50,2/5/2013,,
Seven D Industries LP,None,7700/7800 Horizontal Slider,SED-A-43,Horizontal Slider,Vinyl,0.17,0.18,0.25,0.28,YES,YES,YES,YES,30,2/5/2013,,
"Simonton Windows, Inc.",None,Reflections 5500/ Prism Platinum/ Grand Estates Premier/ Grand Estates Premium Plus/ Impressions 9800/ Generations/ Grandura,SBP-A-41,Horizontal Slider,Vinyl,0.18,0.19,0.17,0.22,YES,YES,YES,YES,20,5/10/2013,,
"Simonton Windows, Inc.",None,Reflections 5500/ Prism Platinum/ Grand Estates Premier/ Grand Estates Premium Plus/ Impressions 9800/ Generations/ Grandura,SBP-A-43,Fixed or Picture,Vinyl,0.15,0.17,0.19,0.25,YES,YES,YES,YES,45,5/10/2013,,
"Simonton Windows, Inc.",None,Reflections 5500/ Prism Platinum/ Grand Estates Premier/ Grand Estates Premium Plus/ Impressions 9800/ Generations/ Grandura,SBP-A-44,Vertical Slider (Single- and Double-Hung),Vinyl,0.18,0.19,0.17,0.23,YES,YES,YES,YES,50,5/10/2013,,
Soft-Lite LLC,None,Barrington,SLL-A-13,Vertical Slider (Single- and Double-Hung),Vinyl,0.18,0.20,0.18,0.27,YES,YES,YES,YES,40,2/5/2013,,
Soft-Lite LLC,None,Barrington,SLL-A-10,Vertical Slider (Single- and Double-Hung),Vinyl,0.18,0.20,0.18,0.27,YES,YES,YES,YES,40,2/5/2013,,
Soft-Lite LLC,None,Barrington,SLL-A-12,Horizontal Slider,Vinyl,0.18,0.20,0.18,0.27,YES,YES,YES,YES,40,2/5/2013,,
Soft-Lite LLC,None,Barrington,SLL-A-46,Horizontal Slider,Vinyl,0.18,0.20,0.18,0.27,YES,YES,YES,YES,40,2/5/2013,,
Soft-Lite LLC,None,Barrington,SLL-A-8,Fixed or Picture,Vinyl,0.16,0.18,0.19,0.28,YES,YES,YES,YES,55,2/5/2013,,
Soft-Lite LLC,None,Bainbridge,SLL-A-9,Vertical Slider (Single- and Double-Hung),Vinyl,0.17,0.20,0.18,0.27,YES,YES,YES,YES,40,2/5/2013,,
Soft-Lite LLC,None,Bainbridge,SLL-A-36,Horizontal Slider,Vinyl,0.17,0.19,0.18,0.27,YES,YES,YES,YES,40,2/5/2013,,
Soft-Lite LLC,None,Bainbridge,SLL-A-42,Fixed or Picture,Vinyl,0.15,0.20,0.19,0.28,YES,YES,YES,YES,55,2/5/2013,,
Soft-Lite LLC,None,Classic,SLL-A-62,Vertical Slider (Single- and Double-Hung),Vinyl,0.17,0.20,0.18,0.26,YES,YES,YES,YES,35,2/5/2013,,
Soft-Lite LLC,None,Classic,SLL-A-60,Horizontal Slider,Vinyl,0.17,0.20,0.17,0.26,YES,YES,YES,YES,35,2/5/2013,,
Soft-Lite LLC,None,Pro,SLL-A-64,Vertical Slider (Single- and Double-Hung),Vinyl,0.17,0.20,0.17,0.26,YES,YES,YES,YES,50,2/5/2013,,
Soft-Lite LLC,None,Pro,SLL-A-61,Horizontal Slider,Vinyl,0.17,0.20,0.17,0.26,YES,YES,YES,YES,35,2/5/2013,,
Soft-Lite LLC,None,Imperial LS,SLL-A-29,Vertical Slider (Single- and Double-Hung),Vinyl,0.17,0.20,0.15,0.24,YES,YES,YES,YES,55,2/5/2013,,
Soft-Lite LLC,None,Imperial LS,SLL-A-30,Horizontal Slider,Vinyl,0.17,0.20,0.15,0.24,YES,YES,YES,YES,55,2/5/2013,,
Soft-Lite LLC,None,Imperial LS,SLL-A-31,Fixed or Picture,Vinyl,0.14,0.20,0.17,0.27,YES,YES,YES,YES,75,2/5/2013,,
Soft-Lite LLC,None,Elements,SLL-A-27,Vertical Slider (Single- and Double-Hung),Vinyl,0.16,0.20,0.15,0.41,YES,YES,YES,YES,55,2/5/2013,,
Soft-Lite LLC,None,Elements,SLL-A-28,Horizontal Slider,Vinyl,0.16,0.20,0.15,0.24,YES,YES,YES,YES,60,2/5/2013,,
Soft-Lite LLC,None,Elements,SLL-A-38,Fixed or Picture,Vinyl,0.13,0.20,0.18,0.29,YES,YES,YES,YES,50,2/5/2013,,
Soft-Lite LLC,None,Casement,SLL-A-81,"Casement Style (Awning, Projected, Hopper, Tilt-and-Turn, etc.)",Vinyl,0.15,0.20,0.15,0.37,YES,YES,YES,YES,40,2/5/2013,,
Soft-Lite LLC,None,Awning,SLL-A-82,"Casement Style (Awning, Projected, Hopper, Tilt-and-Turn, etc.)",Vinyl,0.15,0.20,0.15,0.37,YES,YES,YES,YES,40,2/5/2013,,
"Sunrise Windows, Ltd.",None,Sunrise/ Restorations/ Solace/ Vanguard/ V-Class/ Verde,SUW-K-9,Vertical Slider (Single- and Double-Hung),Vinyl,0.18,0.19,0.15,0.23,YES,YES,YES,YES,30,2/12/2013,,
"Sunrise Windows, Ltd.",None,Sunrise/ Restorations/ Solace/ Vanguard/ V-Class/ Verde/ Season-Tech,SUW-K-1,Vertical Slider (Single- and Double-Hung),Vinyl,0.17,0.20,0.15,0.25,YES,YES,YES,YES,30,2/12/2013,,
"Sunrise Windows, Ltd.",None,Sunrise/ Restorations/ Solace/ Vanguard/ V-Class/ Verde/ Season-Tech,SUW-K-2,Horizontal Slider,Vinyl,0.17,0.19,0.15,0.25,YES,YES,YES,YES,35,2/12/2013,,
"Sunrise Windows, Ltd.",None,Sunrise/ Restorations/ Solace/ Vanguard/ V-Class/ Verde/ Season-Tech,SUW-K-6,Horizontal Slider,Vinyl,0.17,0.19,0.15,0.25,YES,YES,YES,YES,25,2/12/2013,,
"Sunrise Windows, Ltd.",None,Sunrise/ Restorations/ Solace/ Vanguard/ V-Class/ Verde/ Season-Tech,SUW-K-7,Fixed or Picture,Vinyl,0.15,0.18,0.16,0.26,YES,YES,YES,YES,75,2/12/2013,,
"Sunrise Windows, Ltd.",None,Sunrise/ Restorations/ Solace/ Vanguard/ V-Class/ Verde/ Season-Tech,SUW-K-14,"Casement Style (Awning, Projected, Hopper, Tilt-and-Turn, etc.)",Vinyl,0.17,0.19,0.14,0.23,YES,YES,YES,YES,70,2/12/2013,,
"Sunrise Windows, Ltd.",None,Sunrise/ Restorations/ Solace/ Vanguard/ V-Class/ Verde,SUW-K-16,Fixed or Picture,Vinyl,0.16,0.16,0.16,0.23,YES,YES,YES,YES,60,2/12/2013,,
Thermal Windows and Doors,None,DH 9400/9500,TRI-K-67,Vertical Slider (Single- and Double-Hung),Vinyl,0.17,0.20,0.21,0.23,YES,YES,YES,YES,30,3/22/2018,,
Thermal Windows and Doors,None,PW 9400/9500,TRI-K-68,Fixed or Picture,Vinyl,0.14,0.20,0.23,0.25,YES,YES,YES,YES,40,3/22/2018,,
Thermal Windows and Doors,None,SC / SELLEBRITY II/ CASEMENT,TRI-K-64,"Casement Style (Awning, Projected, Hopper, Tilt-and-Turn, etc.)",Vinyl,0.16,0.20,0.18,0.21,YES,YES,YES,YES,55,3/22/2018,,
Thermal Windows and Doors,None,SC / SELLEBRITY II/ AWNING,TRI-K-65,"Casement Style (Awning, Projected, Hopper, Tilt-and-Turn, etc.)",Vinyl,0.17,0.20,0.18,0.21,YES,YES,YES,YES,45,3/22/2018,,
Thermal Windows and Doors,None,SC / SELLEBRITY II/ FXCA / PW5,TRI-K-70,Fixed or Picture,Vinyl,0.18,0.20,0.20,0.25,YES,YES,YES,YES,30,3/22/2018,,
Thermal Windows and Doors,None,PW8,TRI-K-43,Fixed or Picture,Vinyl,0.14,0.20,0.24,0.25,YES,YES,YES,YES,60,3/22/2018,,
Thermo-Tech Windows and Doors,None,Classic Awning,TTW-A-4,"Casement Style (Awning, Projected, Hopper, Tilt-and-Turn, etc.)",Vinyl,0.18,0.19,0.15,0.24,YES,YES,YES,YES,40,9/4/2013,,
Thermo-Tech Windows and Doors,None,Classic Casement,TTW-A-3,"Casement Style (Awning, Projected, Hopper, Tilt-and-Turn, etc.)",Vinyl,0.18,0.19,0.15,0.24,YES,YES,YES,YES,50,9/4/2013,,
Thermo-Tech Windows and Doors,None,Classic Fixed Casement Picture,TTW-A-11,Fixed or Picture,Vinyl,0.16,0.17,0.17,0.28,YES,YES,YES,YES,40,9/4/2013,,
Thermo-Tech Windows and Doors,None,Classic Direct Set Picture,TTW-A-5,Fixed or Picture,Vinyl,0.16,0.16,0.19,0.31,YES,YES,YES,YES,50,9/4/2013,,
Thermo-Tech Windows and Doors,None,Northern Elevations Double Hung,TTW-A-24,Vertical Slider (Single- and Double-Hung),Vinyl,0.18,0.2,0.14,0.41,YES,YES,YES,YES,40,12/18/2017,,
Thermo-Tech Windows and Doors,None,Northern Elevations Single Hung,TTW-A-23,Vertical Slider (Single- and Double-Hung),Vinyl,0.17,0.2,0.15,0.43,YES,YES,YES,YES,45,12/18/2017,,
Thermo-Tech Windows and Doors,None,Northern Elevations Slider,TTW-A-25,Horizontal Slider,Vinyl,0.17,0.2,0.15,0.44,YES,YES,YES,YES,45,12/18/2017,,
Thermo-Tech Windows and Doors,None,Northern Elevations Casement,TTW-A-19,"Casement Style (Awning, Projected, Hopper, Tilt-and-Turn, etc.)",Vinyl,0.16,0.2,0.14,0.38,YES,YES,YES,YES,50,12/18/2017,,
Thermo-Tech Windows and Doors,None,Northern Elevations Awning,TTW-A-22,"Casement Style (Awning, Projected, Hopper, Tilt-and-Turn, etc.)",Vinyl,0.16,0.2,0.14,0.38,YES,YES,YES,YES,50,12/18/2017,,
Thermo-Tech Windows and Doors,None,Northern Elevations Fixed Casement,TTW-A-20,Fixed or Picture,Vinyl,0.14,0.2,0.17,0.45,YES,YES,YES,YES,50,12/18/2017,,
Thermo-Tech Windows and Doors,None,Northern Elevations Direct Set,TTW-A-21,Fixed or Picture,Vinyl,0.14,0.2,0.17,0.49,YES,YES,YES,YES,50,12/18/2017,,
Thermo-Tech Windows and Doors,None,Classic Fixed Casement,TTW-A-28,Fixed or Picture,Vinyl,0.15,0.2,0.17,0.51,YES,YES,YES,YES,40,1/7/2020,,
Thermo-Tech Windows and Doors,None,Classic Direct Set,TTW-A-29,Fixed or Picture,Vinyl,0.14,0.2,0.19,0.57,YES,YES,YES,YES,50,1/7/2020,,
Thermo-Tech Windows and Doors,None,Thermo-Tech French Door,TTW-A-26,Sliding Glass Doors,Vinyl,0.18,0.2,0.13,0.44,YES,YES,YES,YES,20,1/7/2020,,
Thermo-Tech Windows and Doors,None,Thermo-Tech Slim Door,TTW-A-27,Sliding Glass Doors,Vinyl,0.17,0.20,0.15,0.50,YES,YES,YES,YES,25,1/7/2020,,
"Value Windows and Doors, Inc. ",None,GS-XO TRIPLE PANE,VWS-A-42,Horizontal Slider,Vinyl,0.19,0.20,0.16,0.18,NO,NO,NO,YES,35,5/2/2018,,
"Value Windows and Doors, Inc. ",None,GS-PW TRIPLE PANE,VWS-A-37,Fixed or Picture,Vinyl,0.18,0.19,0.15,0.19,NO,NO,NO,YES,25,5/2/2018,,
"Value Windows and Doors, Inc. ",None,GS-SHT TRIPLE PANE,VWS-A-38,Vertical Slider (Single- and Double-Hung),Vinyl,0.19,0.20,0.16,0.18,NO,NO,NO,YES,35,5/2/2018,,
"Value Windows and Doors, Inc. ",None,GS-CM TRIPLE PANE,VWS-A-20,"Casement Style (Awning, Projected, Hopper, Tilt-and-Turn, etc.)",Vinyl,0.20,0.20,0.15,0.16,NO,NO,NO,YES,50,5/2/2018,,
"Value Windows and Doors, Inc. ",None,Eurotek 70 Dual Action Tilt and Turn,VWS-A-48,"Casement Style (Awning, Projected, Hopper, Tilt-and-Turn, etc.)",Vinyl,0.17,0.18,0.12,0.16,NO,NO,NO,YES,60,5/24/2018,,
Vector Windows,None,Envision Casement Picture Window,RRT-K-040,Fixed or Picture,Vinyl,0.15,0.20,0.20,0.31,YES,YES,YES,YES,50,3/12/2019,,
Vector Windows,None,Envision Casement,RRT-K-041,"Casement Style (Awning, Projected, Hopper, Tilt-and-Turn, etc.)",Vinyl,0.17,0.17,0.24,0.27,YES,YES,YES,YES,50,3/12/2019,,
Vector Windows,None,Envision Awning ,RRT-K-042,"Casement Style (Awning, Projected, Hopper, Tilt-and-Turn, etc.)",Vinyl,0.17,0.17,0.24,0.27,YES,YES,YES,YES,55,3/12/2019,,
Vector Windows,None,Envision Picture Window ,RRT-K-043,Fixed or Picture,Vinyl,0.16,0.17,0.26,0.29,YES,YES,NO,NO,35,3/12/2019,,
Vector Windows,None,Envision Single Hung,RRT-K-044,Vertical Slider (Single- and Double-Hung),Vinyl,0.17,0.18,0.25,0.28,YES,YES,YES,YES,45,3/12/2019,,
Vector Windows,None,Envision Glider,RRT-K-045,Horizontal Slider,Vinyl,0.17,0.18,0.25,0.28,YES,YES,YES,YES,50,3/12/2019,,
Vector Windows,None,Envision Double Hung ,RRT-K-046,Vertical Slider (Single- and Double-Hung),Vinyl,0.18,0.18,0.24,0.27,YES,YES,YES,YES,40,3/12/2019,,
Vector Windows,None,Envision Double Glider ,RRT-K-047,Horizontal Slider,Vinyl,0.18,0.19,0.24,0.26,YES,YES,YES,YES,25,3/12/2019,,
Vinyl Window Designs Ltd.,None,100 Casement,VID-N-1 ,"Casement Style (Awning, Projected, Hopper, Tilt-and-Turn, etc.)",Vinyl,0.18,0.19,0.21,0.23,YES,YES,YES,YES,70,5/24/2013,,
Vinyl Window Designs Ltd.,None,201 Single Hung,VID-N-3,Vertical Slider (Single- and Double-Hung),Vinyl,0.18,0.18,0.26,0.26,YES,YES,NO,NO,55,5/24/2013,,
Vinyl Window Designs Ltd.,None,402 Fixed,VID-N-13,Fixed or Picture,Vinyl,0.15,0.19,0.27,0.53,YES,YES,NO,NO,55,5/24/2013,,
Vinyl Window Designs Ltd.,None,452 Fixed,VID-N-14,Fixed or Picture,Vinyl,0.16,0.2,0.24,0.47,YES,YES,YES,YES,70,5/24/2013,,
Vinyl Window Designs Ltd.,None,303 Single Slider Lift-Out/Lift-Out End Vent,VID-N-18,Horizontal Slider,Vinyl,0.18,0.18,0.26,0.26,YES,YES,NO,NO,50,5/24/2013,,
Vinylmax LLC,None,Radiance Series,VIM-M-21,Vertical Slider (Single- and Double-Hung),Vinyl,0.16,0.20,0.18,0.27,YES,YES,YES,YES,45,8/9/2013,3/9/2017,
Vinylmax LLC,None,Sherwood Series,VIM-M-23,Vertical Slider (Single- and Double-Hung),Wood and Clad Wood,0.18,0.20,0.15,0.23,YES,YES,YES,YES,40,8/9/2013,3/9/2017,
Vinylmax LLC,None,4600/4700/4800 Series,VIM-M-46,Vertical Slider (Single- and Double-Hung),Vinyl,0.16,0.20,0.16,0.27,YES,YES,YES,YES,45,3/9/2017,,
Vinylmax LLC,None,4600/4700/4800 Series,VIM-M-47,Horizontal Slider,Vinyl,0.15,0.20,0.16,0.27,YES,YES,YES,YES,25,3/9/2017,,
Vinylmax LLC,None,4600/4700/4800 Series,VIM-M-48,Fixed or Picture,Vinyl,0.15,0.19,0.17,0.28,YES,YES,YES,YES,50,3/9/2017,,
Vinylmax LLC,None,Radiance Series,VIM-M-20,Horizontal Slider,Vinyl,0.16,0.20,0.18,0.26,YES,YES,YES,YES,35,3/9/2017,,
Vinylmax LLC,None,Radiance Series,VIM-M-22,Fixed or Picture,Vinyl,0.14,0.20,0.27,0.30,YES,YES,,,45,3/9/2017,,
Vinylmax LLC,None,Prestige Series,VIM-M-15,"Casement Style (Awning, Projected, Hopper, Tilt-and-Turn, etc.)",Vinyl,0.16,0.20,0.16,0.23,YES,YES,YES,YES,50,3/9/2017,,
Vinylmax LLC,None,Sherwood Series,VIM-M-26,"Casement Style (Awning, Projected, Hopper, Tilt-and-Turn, etc.)",Wood and Clad Wood,0.17,0.20,0.20,0.23,YES,YES,YES,YES,50,3/9/2017,,
Vinylmax LLC,None,Sherwood Series,VIM-M-24,Horizontal Slider,Wood and Clad Wood,0.18,0.20,0.15,0.23,YES,YES,YES,YES,50,3/9/2017,,
Vinylmax LLC,None,Sherwood Series,VIM-M-41,Fixed or Picture,Wood and Clad Wood,0.17,0.18,0.26,0.29,YES,YES,,,50,3/9/2017,,
"Vista Window Company, LLC",None,Panorama Awning,VWC-K-5,"Casement Style (Awning, Projected, Hopper, Tilt-and-Turn, etc.)",Vinyl,0.17,0.20,0.19,0.23,Yes,Yes,Yes,Yes,15,2/12/2013,,
"Vista Window Company, LLC",None,Panorama Casement Fixed Window,VWC-K-11,Fixed or Picture,Vinyl,0.15,0.20,0.22,0.25,Yes,Yes,Yes,Yes,50,2/12/2013,,
"Vista Window Company, LLC",None,Panorama Casement Window,VWC-K-4,"Casement Style (Awning, Projected, Hopper, Tilt-and-Turn, etc.)",Vinyl,0.17,0.20,0.19,0.23,Yes,Yes,Yes,Yes,50,2/12/2013,,
"Vista Window Company, LLC",None,Panorama Double Hung,VWC-K-1,Vertical Slider (Single- and Double-Hung),Vinyl,0.18,0.20,0.21,0.25,Yes,Yes,Yes,Yes,30,2/12/2013,,
"Vista Window Company, LLC",None,Panorama Horizontal Slider,VWC-K-2,Horizontal Slider,Vinyl,0.17,0.19,0.22,0.26,Yes,Yes,Yes,Yes,30,2/12/2013,,
"Vista Window Company, LLC",None,Panorama Picture Window,VWC-K-3,Fixed or Picture,Vinyl,0.14,0.20,0.24,0.39,Yes,Yes,YES,YES,40,2/12/2013,,
"Vista Window Company, LLC",None,Panorama Tilt-N-Slide,VWC-K-16,Horizontal Slider,Vinyl,0.19,0.20,0.20,0.24,Yes,Yes,Yes,Yes,15,2/12/2013,,
Vytex Corporation,None,Fortis Series,VYW-M-30,Vertical Slider (Single- and Double-Hung),Vinyl,0.16,0.2,0.16,0.25,YES,YES,YES,YES,50,3/20/2013,,
Vytex Corporation,None,Fortis Series,VYW-M-29,Horizontal Slider,Vinyl,0.16,0.2,0.16,0.25,YES,YES,YES,YES,50,3/20/2013,,
Vytex Corporation,None,Fortis Series,VYW-M-28,Fixed or Picture,Vinyl,0.14,0.2,0.18,0.31,YES,YES,YES,YES,90,3/20/2013,,
Vytex Corporation,None,Potomac Series,VYW-M-24,Vertical Slider (Single- and Double-Hung),Vinyl,0.15,0.2,0.14,0.25,YES,YES,YES,YES,30,3/20/2013,,
Vytex Corporation,None,Potomac Series,VYW-M-27,Horizontal Slider,Vinyl,0.16,0.2,0.14,0.25,YES,YES,YES,YES,30,3/20/2013,,
Vytex Corporation,None,Potomac Series,VYW-M-26,Fixed or Picture,Vinyl,0.13,0.2,0.15,0.27,YES,YES,YES,YES,40,3/20/2013,,
Winchester Industries,None, Bristol 755 Double Hung,WCI-K-6,Vertical Slider (Single- and Double-Hung),Vinyl,0.18,0.2,0.15,0.23,YES,YES,YES,YES,50,3/31/2015,,
Winchester Industries,None,Bristol 558 S-N-S Slider,WCI-K-7,Horizontal Slider,Vinyl,0.18,0.2,0.15,0.23,YES,YES,YES,YES,30,3/31/2015,,
Winchester Industries,None,Bristol 751 Picture Window,WCI-K-8,Fixed or Picture,Vinyl,0.17,0.2,0.16,0.24,YES,YES,YES,YES,30,3/31/2015,,
Wincore Window Company LLC,None,"7700, 9900 Series Double Hung Window",WCW-M-30,Vertical Slider (Single- and Double-Hung),Vinyl,0.19,0.2,0.16,0.18,NO,YES,YES,YES,25,8/22/2018,,
Wincore Window Company LLC,None,"7700, 9900 Series Horizontal Sliding Window",WCW-M-29,Horizontal Slider,Vinyl,0.2,0.2,0.15,0.17,NO,YES,YES,YES,15,8/22/2018,,
Wincore Window Company LLC,None,"7700, 9900 Series Picture Window",WCW-M-28,Fixed or Picture,Vinyl,0.16,0.16,0.18,0.19,NO,YES,YES,YES,35,8/22/2018,,
Wincore Window Company LLC,None,"7700, 9900 Series Out-Swing Casement Window",WCW-M-31,"Casement Style (Awning, Projected, Hopper, Tilt-and-Turn, etc.)",Vinyl,0.18,0.19,0.14,0.16,NO,YES,YES,YES,50,8/22/2018,,
Wincore Window Company LLC,None,"7700, 9900 Series Awning Window",WCW-M-32,"Casement Style (Awning, Projected, Hopper, Tilt-and-Turn, etc.)",Vinyl,0.18,0.18,0.14,0.16,NO,YES,YES,YES,35,8/22/2018,,
Wincore Window Company LLC,None,"7700, 9900 Series Basement Window",WCW-M-38,"Casement Style (Awning, Projected, Hopper, Tilt-and-Turn, etc.)",Vinyl,0.18,0.18,0.14,0.16,NO,YES,YES,YES,25,8/22/2018,,
Wincore Window Company LLC,None,"7700, 9900 Series Casement Picture Window",WCW-M-33,Fixed or Picture,Vinyl,0.16,0.16,0.17,0.19,NO,YES,YES,YES,35,8/22/2018,,
Window Mart Mfg. LLC.,None,1000 Picture Window,WMI-K-13,Fixed or Picture,Vinyl,0.14,0.2,0.1,0.28,YES,YES,YES,YES,50,12/23/2014,,
Window Mart Mfg. LLC.,None,2500/3000 Picture Window,WMI-K-8,Fixed or Picture,Vinyl,0.19,0.2,0.11,0.27,YES,YES,YES,YES,55,12/23/2014,,
Window Mart Mfg. LLC.,None,1145 Double Hung,WMI-K-15,Vertical Slider (Single- and Double-Hung),Vinyl,0.18,0.2,0.09,0.2,YES,YES,YES,YES,45,12/23/2014,,
Window Mart Mfg. LLC.,None,2645/2745 Double Hung,WMI-K-10,Vertical Slider (Single- and Double-Hung),Vinyl,0.18,0.2,0.09,0.21,YES,YES,YES,YES,40,12/23/2014,,
Window Mart Mfg. LLC.,None,2945 Double Hung,WMI-K-11,Vertical Slider (Single- and Double-Hung),Vinyl,0.19,0.2,0.09,0.21,YES,YES,YES,YES,50,12/23/2014,,
Window Mart Mfg. LLC.,None,3145 Double Hung,WMI-K-18,Vertical Slider (Single- and Double-Hung),Vinyl,0.18,0.02,0.1,0.2,YES,YES,YES,YES,45,12/23/2014,,
Window Mart Mfg. LLC.,None,1045 Double Slider,WMI-K-14,Horizontal Slider,Vinyl,0.18,0.2,0.09,0.21,YES,YES,YES,YES,30,12/23/2014,,
Window Mart Mfg. LLC.,None,2545 Double Slider,WMI-K-9,Horizontal Slider,Vinyl,0.18,0.2,0.09,0.21,YES,YES,YES,YES,25,12/23/2014,,
Window Mart Mfg. LLC.,None,3545 Double Slider,WMI-K-19,Horizontal Slider,Vinyl,0.17,0.2,0.11,0.23,YES,YES,YES,YES,25,12/23/2014,,
